purchases_frequency,oneoff_share,cash_advance_ratio,oneoff_purchases_frequency,prc_full_payment,credit_limit,balance_frequency
-0.9515200629189922,-0.9517500580765804,-0.7519071313324821,-0.7398941579665655,-0.6542207209531965,-0.9964012762111636,-0.25789319562723756
-1.3721036963659112,-0.9517500580765804,1.5964838557687837,-0.7398941579665655,0.025487390719912358,0.6045118761064772,0.1501055651555881
-1.1618131413908286,1.427420427218831,-0.7519071313324821,-0.4800467041014978,-0.6542207209531965,-0.9430375044672422,0.5581043259384137
1.1513930573220963,1.196455673443606,-0.7519071313324821,2.3782877611419244,2.4044688402653542,2.3388344577839213,0.5581043259384137
1.1513930573220963,-0.9517500580765804,-0.7519071313324821,-0.7398941579665655,-0.6542207209531965,-0.6495367598756748,0.5581043259384137
-0.5309389529688268,0.8750819240915952,-0.7519071313324821,-0.4800467041014978,-0.6542207209531965,0.6045118761064772,0.5581043259384137
-0.9515200629189922,1.427420427218831,-0.7519071313324821,-0.22019613205451086,-0.6542207209531965,1.6717873109849044,-1.481889477975714
-0.7412295079439094,1.427420427218831,-0.7519071313324821,0.039651321810556917,-0.6542207209531965,-0.7295824174915568,-0.25789319562723756
1.1513930573220963,0.896755817470002,-0.7519071313324821,0.039651321810556917,0.11045166935144125,-0.46276355877195,0.5581043259384137
0.5205188689000944,-0.48440246624492034,-0.7519071313324821,-0.22019613205451086,-0.39933094374817096,0.7379213054662805,0.5581043259384137
-1.3721036963659112,-0.9517500580765804,1.5964838557687837,-0.7398941579665655,-0.6542207209531965,-0.46276355877195,-0.00289453113682849
-0.3206458744969902,-0.9517500580765804,-0.7519071313324821,-0.7398941579665655,0.11045166935144125,-0.5961729881317535,-1.8898927267493963
0.31022831392501166,-0.16867818227795198,-0.7519071313324821,-0.4800467041014978,-0.6542207209531965,2.2054250284241177,0.5581043259384137
1.1513930573220963,1.2591152372347494,-0.6702787139435247,2.1184403072768565,-0.6542207209531965,1.738492025664806,0.5581043259384137
1.1513930573220963,-0.9517500580765804,-0.7519071313324821,-0.7398941579665655,-0.6542207209531965,-0.7829461892354782,-1.0738907171928882
1.1513930573220963,0.9828803729571421,0.7802375858714653,-0.4800467041014978,-0.6542207209531965,1.1381495935456907,-0.25789319562723756
1.1513930573220963,-0.9517500580765804,-0.7519071313324821,-0.7398941579665655,-0.6542207209531965,-0.46276355877195,0.5581043259384137
1.1513930573220963,-0.9517500580765804,-0.7519071313324821,-0.7398941579665655,-0.6542207209531965,-0.9964012762111636,0.5581043259384137
-0.3206458744969902,-0.9517500580765804,-0.7519071313324821,-0.7398941579665655,-0.6542207209531965,0.5778299902345165,0.5581043259384137
1.1513930573220963,-0.15827816835228373,0.44976227536962865,-0.22019613205451086,-0.6542207209531965,2.2054250284241177,0.5581043259384137
1.1513930573220963,-0.2456128370734236,-0.480901450544103,-0.4800467041014978,-0.6542207209531965,0.33769301738687035,0.5581043259384137
0.9411025023470135,1.427420427218831,-0.7519071313324821,2.1184403072768565,0.26338614741236877,-0.9430375044672422,0.5581043259384137
0.5205188689000944,0.6894683140800916,0.22567143334769063,0.8191968015876794,-0.6542207209531965,0.07087415866726357,0.5581043259384137
-1.1618131413908286,1.427420427218831,1.2795315538593257,-0.4800467041014978,0.3653414465564667,0.7379213054662805,-1.8898927267493963
-1.3721036963659112,-0.9517500580765804,1.5964838557687837,-0.7398941579665655,-0.1444381078535842,-0.7829461892354782,-0.6658919564100632
0.09993523545317518,0.2736881752328097,0.6314714934201547,0.5593493477226117,-0.314366665116642,-0.46276355877195,0.1501055651555881
-1.3721036963659112,-0.9517500580765804,1.5964838557687837,-0.7398941579665655,-0.6542207209531965,-0.8629918468513602,0.5581043259384137
1.1513930573220963,-0.219020947792476,-0.7519071313324821,0.29949877567562466,-0.6542207209531965,1.0047401641858873,0.5581043259384137
-0.4257924137329085,-0.9517500580765804,1.3670797880302088,-0.7398941579665655,-0.6542207209531965,-0.8096280751074388,-1.6858911023625551
1.1513930573220963,0.4444725006682918,-0.7519071313324821,1.338894827499734,2.149579063060329,-0.382717901156068,0.5581043259384137
-0.9515200629189922,1.427420427218831,0.6054550502917102,-0.22019613205451086,-0.39933094374817096,-0.19594470005234324,0.5581043259384137
0.20508177468909342,0.7534602494768425,1.3720488256365038,0.4294240616991182,-0.6542207209531965,1.9386061697045112,0.5581043259384137
0.31022831392501166,0.7490714854342796,-0.7519071313324821,1.079044255452747,-0.6542207209531965,-0.5961729881317535,0.5581043259384137
-1.3721036963659112,-0.9517500580765804,1.5964838557687837,-0.7398941579665655,-0.6542207209531965,-0.32935412941214665,0.5581043259384137
0.31022831392501166,1.427420427218831,0.4228948081710082,1.338894827499734,-0.04248280870948625,-0.46276355877195,0.059439173870516004
0.9411025023470135,1.2320160228996886,-0.7519071313324821,2.1184403072768565,-0.39933094374817096,0.7379213054662805,0.5581043259384137
-0.3206458744969902,-0.9517500580765804,1.148179902830426,-0.7398941579665655,-0.6542207209531965,0.33769301738687035,0.5581043259384137
-0.9515200629189922,1.427420427218831,-0.7519071313324821,-0.22019613205451086,-0.6542207209531965,0.4711024467466738,-0.6658919564100632
-1.3721036963659112,-0.9517500580765804,1.5964838557687837,-0.7398941579665655,-0.3761583116323792,-0.1559218712444022,0.1501055651555881
1.1513930573220963,-0.9517500580765804,0.3276121332678184,-0.7398941579665655,-0.39933094374817096,-0.7696052462994979,0.5581043259384137
-1.3721036963659112,-0.9517500580765804,1.5964838557687837,-0.7398941579665655,-0.6542207209531965,-0.5961729881317535,0.5581043259384137
0.31022831392501166,0.7691983081371021,-0.7519071313324821,-0.4800467041014978,-0.39933094374817096,0.33769301738687035,0.5581043259384137
-0.5309389529688268,1.427420427218831,-0.7519071313324821,0.29949877567562466,-0.6542207209531965,-0.8096280751074388,0.5581043259384137
0.31022831392501166,-0.07646429957106556,1.262653307842996,0.8191968015876794,0.7360913256508896,0.6045118761064772,0.1501055651555881
-1.3721036963659112,-0.9517500580765804,1.5964838557687837,-0.7398941579665655,0.11045166935144125,0.6045118761064772,0.5581043259384137
-0.11035531952190754,0.7248336199489349,-0.7519071313324821,-0.4280759660557166,-0.6542207209531965,-0.6628777028116551,0.5581043259384137
-0.683877997222842,0.6003557069094301,-0.7519071313324821,-0.4564233578823318,-0.6542207209531965,0.33769301738687035,0.1501055651555881
1.1513930573220963,1.427420427218831,-0.7519071313324821,2.3782877611419244,-0.6542207209531965,1.6717873109849044,0.5581043259384137
0.5205188689000944,-0.9517500580765804,-0.7519071313324821,-0.7398941579665655,-0.6542207209531965,-0.8629918468513602,0.5581043259384137
0.31022831392501166,-0.561035558531028,-0.7519071313324821,-0.22019613205451086,-0.09809590231156196,0.07087415866726357,0.1501055651555881
-0.3206458744969902,-0.4474839349249037,-0.7519071313324821,-0.22019613205451086,0.7051955023930212,1.9386061697045112,-1.0738907171928882
-0.11035531952190754,-0.9517500580765804,-0.7519071313324821,-0.7398941579665655,2.4044688402653542,-0.9430375044672422,-1.481889477975714
1.1513930573220963,1.2336929517439463,-0.6194434065610523,2.3782877611419244,-0.6542207209531965,1.1381495935456907,0.5581043259384137
1.1513930573220963,1.427420427218831,-0.7519071313324821,2.3782877611419244,2.4044688402653542,3.1392910339427416,0.5581043259384137
1.1513930573220963,1.192081661435953,1.075541255916574,1.8585897352298697,-0.6542207209531965,1.6717873109849044,0.5581043259384137
1.1513930573220963,0.4377931470455768,0.8903283612651741,1.5987422813648018,-0.6542207209531965,2.3388344577839213,0.5581043259384137
-1.1618131413908286,1.427420427218831,0.8883696415589495,-0.4800467041014978,-0.6542207209531965,-0.06253527069253983,0.5581043259384137
0.9219844909410732,-0.4286755812021096,1.1449838849535268,-0.4564233578823318,-0.3761583116323792,-0.19594470005234324,0.5581043259384137
-1.1618131413908286,1.427420427218831,1.3984375279254293,-0.4800467041014978,-0.6542207209531965,-0.7829461892354782,0.5581043259384137
0.31022831392501166,1.427420427218831,-0.7519071313324821,1.338894827499734,-0.6542207209531965,0.33769301738687035,0.5581043259384137
-0.7412295079439094,-0.9517500580765804,-0.7519071313324821,-0.7398941579665655,2.4044688402653542,0.6045118761064772,-2.297891487532222
1.1513930573220963,-0.9517500580765804,-0.7519071313324821,-0.7398941579665655,-0.6542207209531965,-0.7295824174915568,-2.705890248315047
0.9411025023470135,0.3461102745439679,-0.7519071313324821,2.1184403072768565,-0.39933094374817096,0.25764735977098835,0.5581043259384137
-1.3721036963659112,-0.9517500580765804,1.5964838557687837,-0.7398941579665655,-0.39933094374817096,-0.19594470005234324,0.5581043259384137
1.1513930573220963,-0.9517500580765804,-0.7519071313324821,-0.7398941579665655,-0.39933094374817096,-0.5961729881317535,0.5581043259384137
0.31022831392501166,0.045738365354802205,0.4064176169490215,-0.22019613205451086,-0.6542207209531965,-0.7295824174915568,0.5581043259384137
1.1513930573220963,0.4939940895260183,0.6963116234563543,2.1184403072768565,-0.39933094374817096,1.1381495935456907,0.5581043259384137
0.9411025023470135,0.07663192331157173,-0.7519071313324821,0.29949877567562466,-0.6542207209531965,0.20428358802706698,-0.25789319562723756
0.31022831392501166,1.0229188722465428,-0.7519071313324821,0.5593493477226117,2.4044688402653542,0.07087415866726357,-0.25789319562723756
1.1513930573220963,0.5681548030547355,-0.7519071313324821,1.079044255452747,-0.6542207209531965,-0.46276355877195,0.5581043259384137
0.09993523545317518,-0.9517500580765804,-0.7519071313324821,-0.7398941579665655,0.3653414465564667,0.4711024467466738,-1.0738907171928882
-0.9515200629189922,-0.9517500580765804,-0.7519071313324821,-0.7398941579665655,2.4044688402653542,0.6045118761064772,-2.705890248315047
-1.3721036963659112,-0.9517500580765804,1.5964838557687837,-0.7398941579665655,-0.6542207209531965,-0.46276355877195,0.5581043259384137
1.1513930573220963,-0.9517500580765804,-0.7519071313324821,-0.7398941579665655,-0.6542207209531965,1.0047401641858873,0.5581043259384137
0.9411025023470135,1.427420427218831,-0.7519071313324821,2.1184403072768565,-0.6542207209531965,-0.5161273305158713,0.5581043259384137
-1.3721036963659112,-0.9517500580765804,1.5964838557687837,-0.7398941579665655,-0.1444381078535842,-0.9430375044672422,-0.5638933882120707
0.09993523545317518,-0.9517500580765804,-0.7519071313324821,-0.7398941579665655,-0.6542207209531965,-0.46276355877195,-1.0738907171928882
-1.1618131413908286,1.427420427218831,1.4679091055951525,-0.4800467041014978,-0.39933094374817096,2.2054250284241177,0.5581043259384137
0.9411025023470135,-0.9517500580765804,-0.7519071313324821,-0.7398941579665655,-0.6542207209531965,-0.19594470005234324,0.5581043259384137
-0.11035531952190754,1.1395676545055784,-0.7519071313324821,-0.22019613205451086,-0.6542207209531965,-0.7295824174915568,0.5581043259384137
1.1513930573220963,-0.3493532876605103,-0.7519071313324821,0.8191968015876794,-0.6542207209531965,3.2727004633025447,0.5581043259384137
0.9411025023470135,0.9416017953897474,0.17576747600455883,0.29949877567562466,-0.6542207209531965,-0.9430375044672422,0.5581043259384137
1.1513930573220963,0.06965067656899367,-0.7519071313324821,1.5987422813648018,-0.6542207209531965,3.5395193220221515,0.5581043259384137
1.1513930573220963,1.427420427218831,0.4244911133070571,2.3782877611419244,-0.6542207209531965,-0.5961729881317535,0.5581043259384137
-1.3721036963659112,-0.9517500580765804,1.5964838557687837,-0.7398941579665655,-0.6542207209531965,0.7379213054662805,-0.25789319562723756
0.31022831392501166,0.5325835084325615,-0.7519071313324821,0.5593493477226117,-0.6542207209531965,4.473385327540775,0.5581043259384137
1.1513930573220963,0.4629551597731885,-0.7519071313324821,2.3782877611419244,-0.6542207209531965,0.4711024467466738,0.5581043259384137
-1.1618131413908286,1.427420427218831,1.4335400865683716,-0.4800467041014978,-0.39933094374817096,1.1381495935456907,0.5581043259384137
-0.11035531952190754,-0.5364224640468531,-0.7519071313324821,0.039651321810556917,-0.6542207209531965,-0.8629918468513602,0.1501055651555881
0.7308094238751771,-0.7685960561292816,-0.5399456693310135,-0.4800467041014978,-0.39933094374817096,2.3388344577839213,0.5581043259384137
1.1513930573220963,0.9877721251576388,-0.7519071313324821,2.3782877611419244,-0.6542207209531965,0.4711024467466738,0.5581043259384137
1.1513930573220963,-0.9517500580765804,-0.7519071313324821,-0.7398941579665655,2.4044688402653542,0.8713307348260839,0.5581043259384137
1.1513930573220963,0.010345713711625402,-0.28278345244389286,1.5987422813648018,-0.6542207209531965,4.073157039461365,0.5581043259384137
1.1513930573220963,-0.1891292871619331,-0.7519071313324821,0.8191968015876794,1.2922192029820856,-0.19594470005234324,-1.0738907171928882
-0.5309389529688268,-0.9517500580765804,-0.7519071313324821,-0.7398941579665655,0.11045166935144125,4.073157039461365,-2.297891487532222
1.1513930573220963,0.710073728299147,-0.7519071313324821,2.3782877611419244,0.11045166935144125,1.6717873109849044,0.5581043259384137
-1.1618131413908286,1.427420427218831,-0.18635540954897087,-0.4800467041014978,-0.6542207209531965,-0.9430375044672422,0.5581043259384137
-1.3721036963659112,-0.9517500580765804,1.5964838557687837,-0.7398941579665655,-0.6542207209531965,-0.46276355877195,0.5581043259384137
1.1513930573220963,-0.529664028936825,-0.7519071313324821,-0.4800467041014978,-0.6542207209531965,-0.9430375044672422,0.5581043259384137
1.1513930573220963,-0.9517500580765804,-0.7519071313324821,-0.7398941579665655,0.875124059656079,-0.9964012762111636,0.5581043259384137
1.1513930573220963,-0.9517500580765804,-0.7519071313324821,-0.7398941579665655,-0.6542207209531965,0.8713307348260839,-2.297891487532222
0.9411025023470135,1.0771560299175151,-0.23747334818438207,1.338894827499734,2.149579063060329,2.739062745863331,0.5581043259384137
0.31022831392501166,0.7265804427127054,-0.7519071313324821,0.5593493477226117,-0.6542207209531965,-0.19594470005234324,0.5581043259384137
-1.3721036963659112,-0.9517500580765804,1.5964838557687837,-0.7398941579665655,-0.6542207209531965,-0.19594470005234324,-0.9378911302652799
1.1513930573220963,0.7105118271224339,-0.43050940165143486,2.3782877611419244,1.6397964499607167,1.538377881625101,0.5581043259384137
-0.7412295079439094,-0.9517500580765804,-0.7519071313324821,-0.7398941579665655,-0.09809590231156196,2.0720155990643145,-2.297891487532222
-1.3721036963659112,-0.9517500580765804,1.5964838557687837,-0.7398941579665655,-0.04248280870948625,-0.46276355877195,-0.08303658386316934
1.1513930573220963,0.9988533497398783,-0.23166110313355992,2.3782877611419244,-0.6542207209531965,2.4722438871437245,0.5581043259384137
-1.3721036963659112,-0.9517500580765804,1.5964838557687837,-0.7398941579665655,-0.6542207209531965,-0.7829461892354782,0.5581043259384137
-1.3721036963659112,-0.9517500580765804,1.5964838557687837,-0.7398941579665655,-0.6542207209531965,-0.46276355877195,0.5581043259384137
1.1513930573220963,0.13474990872202253,-0.7519071313324821,0.5593493477226117,2.4044688402653542,4.073157039461365,0.5581043259384137
-0.3206458744969902,-0.9517500580765804,-0.7519071313324821,-0.7398941579665655,-0.1444381078535842,0.1509198162831456,-1.8898927267493963
1.1513930573220963,-0.819009441635695,-0.7519071313324821,0.29949877567562466,-0.6542207209531965,-0.5961729881317535,0.5581043259384137
-0.7412295079439094,-0.9517500580765804,1.5810291309647715,-0.7398941579665655,-0.1444381078535842,-0.06253527069253983,0.5581043259384137
0.31022831392501166,0.8424632245487199,-0.7519071313324821,0.5593493477226117,-0.6542207209531965,1.4049684522652977,0.5581043259384137
0.7308094238751771,-0.9517500580765804,-0.7519071313324821,-0.7398941579665655,-0.2172655063061979,-0.9430375044672422,-0.25789319562723756
-0.9515200629189922,-0.9517500580765804,1.4042012173195668,-0.7398941579665655,-0.6542207209531965,0.33769301738687035,0.5581043259384137
-0.7412295079439094,1.427420427218831,-0.7519071313324821,0.039651321810556917,-0.3761583116323792,0.37771584619481136,-0.6658919564100632
-1.1618131413908286,1.427420427218831,1.4877656335064382,-0.4800467041014978,-0.39933094374817096,-0.19594470005234324,-2.297891487532222
0.5205188689000944,-0.9090351006803818,-0.7519071313324821,-0.4800467041014978,2.0646147844288,0.8713307348260839,-0.25789319562723756
1.1513930573220963,0.9661781648650869,-0.7519071313324821,2.3782877611419244,1.0141567936612683,2.739062745863331,0.1501055651555881
-0.9515200629189922,1.427420427218831,-0.7519071313324821,-0.22019613205451086,-0.6542207209531965,4.873613615620186,-1.8898927267493963
-0.11035531952190754,0.8879658747920217,0.9395212385246967,-0.22019613205451086,-0.6542207209531965,-0.7295824174915568,0.1501055651555881
0.7308094238751771,-0.9517500580765804,-0.7519071313324821,-0.7398941579665655,1.8483440216237197,-0.19594470005234324,0.1501055651555881
-0.5309389529688268,0.05623518533157351,-0.023892767778092378,-0.22019613205451086,-0.6542207209531965,2.4722438871437245,0.5581043259384137
1.1513930573220963,0.8483357918846802,-0.7519071313324821,1.338894827499734,-0.6542207209531965,0.7379213054662805,0.5581043259384137
-1.1618131413908286,-0.9517500580765804,-0.7519071313324821,-0.7398941579665655,-0.3761583116323792,-0.19594470005234324,-3.5218877698806983
-0.9515200629189922,1.427420427218831,0.9406240019339952,-0.22019613205451086,-0.6542207209531965,-0.7829461892354782,0.5581043259384137
-0.7412295079439094,0.5881661136356597,-0.7519071313324821,-0.4800467041014978,0.025487390719912358,0.07087415866726357,-1.8898927267493963
0.9411025023470135,-0.022615138612095367,1.450386036618104,2.1184403072768565,-0.6542207209531965,1.4049684522652977,0.5581043259384137
-0.11035531952190754,1.207196226006142,-0.7519071313324821,0.8191968015876794,-0.6542207209531965,0.7379213054662805,0.5581043259384137
-1.3721036963659112,-0.9517500580765804,1.5964838557687837,-0.7398941579665655,-0.6542207209531965,0.7379213054662805,-0.25789319562723756
0.5205188689000944,1.427420427218831,-0.7519071313324821,1.5987422813648018,-0.6542207209531965,0.33769301738687035,0.5581043259384137
-0.7412295079439094,-0.9517500580765804,-0.7519071313324821,-0.7398941579665655,-0.6542207209531965,-0.19594470005234324,-0.6658919564100632
1.1513930573220963,-0.6725390247091478,-0.320603659555487,-0.22019613205451086,-0.6542207209531965,-0.8629918468513602,0.5581043259384137
-0.5309389529688268,0.15454937457014206,-0.7519071313324821,-0.4800467041014978,-0.314366665116642,1.8051967403447078,-1.481889477975714
-0.11035531952190754,1.174496562729595,1.0769240868236118,0.29949877567562466,-0.6542207209531965,-0.7295824174915568,0.5581043259384137
1.1513930573220963,0.8793734418315107,-0.6571663787360593,2.1184403072768565,-0.6542207209531965,1.0047401641858873,0.5581043259384137
1.1513930573220963,0.34518749607168453,-0.7519071313324821,1.5987422813648018,-0.6542207209531965,1.4049684522652977,0.5581043259384137
1.1513930573220963,1.1331804145649818,-0.7519071313324821,2.1184403072768565,-0.6542207209531965,2.605653316503528,0.5581043259384137
-0.5309389529688268,1.427420427218831,-0.7519071313324821,0.29949877567562466,-0.6542207209531965,1.0047401641858873,0.5581043259384137
-1.1618131413908286,1.427420427218831,-0.7519071313324821,-0.4800467041014978,-0.6542207209531965,-0.19594470005234324,0.5581043259384137
0.7308094238751771,0.47584064640655543,-0.7519071313324821,0.5593493477226117,-0.6542207209531965,1.0047401641858873,0.5581043259384137
-1.3721036963659112,-0.9517500580765804,1.5964838557687837,-0.7398941579665655,0.875124059656079,-0.9430375044672422,-2.4338910744598303
0.5205188689000944,-0.6869135397974472,-0.7519071313324821,1.338894827499734,0.45802891633007253,3.939747610101562,0.1501055651555881
0.5205188689000944,0.205775099804098,-0.7519071313324821,0.039651321810556917,-0.6542207209531965,-0.889673732723321,0.5581043259384137
1.1513930573220963,-0.9517500580765804,-0.7519071313324821,-0.7398941579665655,-0.39933094374817096,-0.4894454446439107,0.5581043259384137
0.9411025023470135,1.427420427218831,0.4519399524094847,2.1184403072768565,-0.6542207209531965,0.25764735977098835,0.5581043259384137
0.7308094238751771,0.296648508061327,-0.5386471874250606,1.338894827499734,-0.6542207209531965,-0.46276355877195,0.5581043259384137
-0.11035531952190754,-0.9517500580765804,1.3692735947599948,-0.7398941579665655,-0.6542207209531965,1.9386061697045112,0.5581043259384137
-0.5309389529688268,-0.14648657706413082,0.5378202564662826,-0.4800467041014978,-0.6542207209531965,1.538377881625101,0.5581043259384137
-0.11035531952190754,-0.9517500580765804,0.24529727148940367,-0.7398941579665655,-0.6542207209531965,0.20428358802706698,-1.481889477975714
-0.11035531952190754,0.6973324564088844,-0.7519071313324821,-0.4800467041014978,2.4044688402653542,-0.19594470005234324,-1.0738907171928882
1.1513930573220963,1.1753484840561204,-0.7519071313324821,2.3782877611419244,-0.1444381078535842,0.8713307348260839,0.5581043259384137
-1.1426951299848882,1.427420427218831,-0.7519071313324821,-0.4564233578823318,-0.6542207209531965,0.20428358802706698,0.5581043259384137
1.1513930573220963,0.5960606138855374,-0.7519071313324821,1.338894827499734,-0.6542207209531965,-0.46276355877195,0.5581043259384137
-0.7412295079439094,-0.9517500580765804,-0.7519071313324821,-0.7398941579665655,-0.09809590231156196,-0.46276355877195,-2.297891487532222
1.1513930573220963,0.52738359725524,-0.7519071313324821,1.079044255452747,-0.6542207209531965,1.9386061697045112,0.5581043259384137
1.1513930573220963,-0.9517500580765804,1.541881743135787,-0.7398941579665655,-0.6542207209531965,1.9386061697045112,0.5581043259384137
1.1513930573220963,1.3408650259626382,-0.7519071313324821,2.3782877611419244,-0.6542207209531965,2.0720155990643145,0.5581043259384137
-0.7412295079439094,1.427420427218831,1.1116743151240212,0.039651321810556917,-0.6542207209531965,-0.19594470005234324,0.5581043259384137
1.1513930573220963,-0.9517500580765804,-0.7519071313324821,-0.7398941579665655,-0.39933094374817096,-0.9964012762111636,0.5581043259384137
-0.3206458744969902,-0.9517500580765804,-0.7519071313324821,-0.7398941579665655,0.11045166935144125,-0.7295824174915568,0.5581043259384137
1.1513930573220963,1.427420427218831,-0.7519071313324821,2.3782877611419244,2.4044688402653542,1.8051967403447078,0.5581043259384137
-1.3721036963659112,-0.9517500580765804,1.5964838557687837,-0.7398941579665655,-0.6542207209531965,0.33769301738687035,0.5581043259384137
-0.45446943084181896,-0.9517500580765804,-0.7519071313324821,-0.7398941579665655,0.875124059656079,-0.8629918468513602,-2.297891487532222
-1.1618131413908286,1.427420427218831,-0.7519071313324821,-0.4800467041014978,-0.6542207209531965,1.4049684522652977,-0.25789319562723756
0.7308094238751771,1.0209718324390662,0.11520138040238033,1.5987422813648018,-0.6542207209531965,1.6717873109849044,0.5581043259384137
-1.3721036963659112,-0.9517500580765804,1.5964838557687837,-0.7398941579665655,-0.39933094374817096,-0.7829461892354782,0.5581043259384137
-0.9515200629189922,1.427420427218831,-0.7519071313324821,-0.22019613205451086,-0.6542207209531965,1.1381495935456907,-0.25789319562723756
1.1513930573220963,0.10619753326875526,-0.6738668093683521,1.8585897352298697,-0.6542207209531965,-0.06253527069253983,0.5581043259384137
1.1513930573220963,0.6547093294367772,-0.6921148548133819,1.8585897352298697,-0.39933094374817096,-0.46276355877195,0.5581043259384137
-0.11035531952190754,-0.5165607780039597,-0.7519071313324821,-0.4800467041014978,-0.6542207209531965,1.1381495935456907,-0.6658919564100632
1.1513930573220963,-0.4266731364545437,-0.7519071313324821,0.8191968015876794,-0.6542207209531965,0.33769301738687035,0.5581043259384137
0.9411025023470135,1.427420427218831,-0.7519071313324821,2.1184403072768565,-0.6542207209531965,0.7379213054662805,0.5581043259384137
-0.9515200629189922,1.427420427218831,-0.7519071313324821,-0.22019613205451086,-0.39933094374817096,1.271559022905494,0.5581043259384137
0.9411025023470135,1.3936985562173945,-0.20043972437180857,1.5987422813648018,-0.39933094374817096,1.658446368048924,0.5581043259384137
1.1513930573220963,0.6255317380710392,-0.5455252271574748,2.1184403072768565,2.149579063060329,1.0047401641858873,0.5581043259384137
-0.9515200629189922,1.427420427218831,1.400827780709357,-0.22019613205451086,-0.6542207209531965,0.7379213054662805,0.5581043259384137
1.1513930573220963,0.7746987577276345,-0.7519071313324821,0.8191968015876794,1.894686227165742,2.4722438871437245,0.5581043259384137
1.1513930573220963,0.9892852505962489,-0.7519071313324821,2.3782877611419244,-0.39933094374817096,1.8051967403447078,0.5581043259384137
0.9411025023470135,-0.6924561998532042,1.5357519195339142,-0.4800467041014978,-0.39933094374817096,3.1392910339427416,0.5581043259384137
-1.1618131413908286,1.427420427218831,-0.7519071313324821,-0.4800467041014978,-0.6542207209531965,-0.8629918468513602,-3.1138890090978726
0.5205188689000944,-0.9517500580765804,-0.7519071313324821,-0.7398941579665655,0.875124059656079,1.538377881625101,0.5581043259384137
1.1513930573220963,-0.2060399059690634,0.12107468497070156,-0.22019613205451086,-0.6542207209531965,1.0047401641858873,0.5581043259384137
-0.11035531952190754,1.2446666350005986,-0.7519071313324821,0.5593493477226117,-0.6542207209531965,2.3388344577839213,0.5581043259384137
0.09993523545317518,0.6200730118697012,-0.7519071313324821,-0.4800467041014978,-0.6542207209531965,1.271559022905494,0.5581043259384137
1.1513930573220963,-0.18313815966344257,-0.7519071313324821,0.039651321810556917,-0.6542207209531965,-0.5961729881317535,0.5581043259384137
-1.3721036963659112,-0.9517500580765804,1.5964838557687837,-0.7398941579665655,-0.09809590231156196,-0.46276355877195,-0.25789319562723756
-1.3721036963659112,-0.9517500580765804,1.5964838557687837,-0.7398941579665655,-0.39933094374817096,0.6045118761064772,0.5581043259384137
-1.3721036963659112,-0.9517500580765804,1.5964838557687837,-0.7398941579665655,-0.6542207209531965,-0.46276355877195,0.5581043259384137
-0.11035531952190754,1.427420427218831,-0.7519071313324821,0.8191968015876794,0.875124059656079,0.4711024467466738,-1.0738907171928882
1.1513930573220963,-0.1448390517647813,-0.7519071313324821,2.3782877611419244,2.4044688402653542,1.4049684522652977,0.5581043259384137
-0.9515200629189922,1.427420427218831,-0.7519071313324821,-0.22019613205451086,-0.6542207209531965,0.07087415866726357,0.5581043259384137
1.1513930573220963,-0.9517500580765804,-0.7519071313324821,-0.7398941579665655,0.3653414465564667,0.33769301738687035,0.5581043259384137
0.5205188689000944,-0.021199253128106648,-0.7519071313324821,0.039651321810556917,2.4044688402653542,-0.4894454446439107,-0.25789319562723756
-0.9515200629189922,1.427420427218831,1.4063809876882063,-0.22019613205451086,-0.6542207209531965,0.33769301738687035,0.5581043259384137
-1.3721036963659112,-0.9517500580765804,1.5964838557687837,-0.7398941579665655,-0.6542207209531965,1.9386061697045112,0.5581043259384137
1.1513930573220963,1.427420427218831,-0.7519071313324821,2.3782877611419244,-0.6542207209531965,-0.46276355877195,0.5581043259384137
0.31022831392501166,1.427420427218831,-0.3094475478715292,1.338894827499734,1.2922192029820856,-1.129810705570967,0.5581043259384137
1.1513930573220963,0.3919657661180413,-0.7519071313324821,0.039651321810556917,-0.39933094374817096,1.6717873109849044,0.5581043259384137
-1.3721036963659112,-0.9517500580765804,1.5964838557687837,-0.7398941579665655,-0.6542207209531965,0.8713307348260839,0.5581043259384137
0.09993523545317518,1.2514478390020658,-0.7519071313324821,0.8191968015876794,-0.6542207209531965,-0.5428092163878321,-0.6658919564100632
1.1513930573220963,-0.45475486328858467,-0.7519071313324821,-0.22019613205451086,2.4044688402653542,-0.06253527069253983,0.5581043259384137
1.1513930573220963,-0.23573080388128564,-0.7519071313324821,1.079044255452747,1.3849066727556911,0.33769301738687035,0.5581043259384137
1.1513930573220963,-0.05597233896653109,-0.7519071313324821,-0.4800467041014978,1.894686227165742,-0.32935412941214665,0.5581043259384137
0.9411025023470135,1.240447055680369,-0.7519071313324821,2.1184403072768565,2.126406430944537,2.739062745863331,0.5581043259384137
1.1513930573220963,0.5837594111800365,0.34593890008275824,2.3782877611419244,-0.6542207209531965,-0.5961729881317535,0.5581043259384137
-1.3721036963659112,-0.9517500580765804,1.5964838557687837,-0.7398941579665655,-0.6542207209531965,-0.9964012762111636,0.5581043259384137
-1.3721036963659112,-0.9517500580765804,1.5964838557687837,-0.7398941579665655,-0.6542207209531965,0.20428358802706698,0.5581043259384137
1.1513930573220963,-0.9517500580765804,-0.7519071313324821,-0.7398941579665655,-0.1444381078535842,-0.8629918468513602,0.5581043259384137
-1.1618131413908286,-0.9517500580765804,1.580440192695066,-0.7398941579665655,-0.6542207209531965,0.25764735977098835,0.5581043259384137
-0.9515200629189922,1.427420427218831,-0.7519071313324821,-0.22019613205451086,-0.6542207209531965,0.8713307348260839,0.5581043259384137
-1.3721036963659112,-0.9517500580765804,1.5964838557687837,-0.7398941579665655,-0.6542207209531965,-0.06253527069253983,0.5581043259384137
1.1513930573220963,-0.9517500580765804,-0.7519071313324821,-0.7398941579665655,0.3653414465564667,-0.8629918468513602,0.5581043259384137
0.31022831392501166,-0.4531232879742568,-0.7519071313324821,-0.4800467041014978,-0.34835176483134134,4.339975898180972,-0.6658919564100632
-1.1618131413908286,1.427420427218831,1.5964148132488942,-0.4800467041014978,-0.6542207209531965,-0.9964012762111636,0.5581043259384137
1.1513930573220963,1.3867715389686257,-0.7519071313324821,2.3782877611419244,2.4044688402653542,1.0047401641858873,0.5581043259384137
0.5205188689000944,1.427420427218831,-0.7519071313324821,1.5987422813648018,2.4044688402653542,0.33769301738687035,0.1501055651555881
1.1513930573220963,1.161845071521819,-0.7519071313324821,0.8191968015876794,-0.39933094374817096,0.4711024467466738,0.5581043259384137
1.1513930573220963,0.11148238570025107,-0.7519071313324821,2.1184403072768565,1.1300138368611043,2.4722438871437245,0.5581043259384137
-1.3721036963659112,-0.9517500580765804,1.5964838557687837,-0.7398941579665655,-0.6542207209531965,-0.6495367598756748,0.1501055651555881
-0.7412295079439094,-0.9517500580765804,1.5509601927271697,-0.7398941579665655,-0.6542207209531965,1.271559022905494,0.5581043259384137
-0.9515200629189922,-0.9517500580765804,-0.7519071313324821,-0.7398941579665655,-0.6542207209531965,-0.9430375044672422,-3.1138890090978726
0.9411025023470135,1.2340840276238452,-0.7519071313324821,1.8585897352298697,2.4044688402653542,1.1381495935456907,0.5581043259384137
-0.5309389529688268,-0.9517500580765804,-0.7519071313324821,-0.7398941579665655,1.6397964499607167,-0.5961729881317535,-1.8898927267493963
1.1513930573220963,-0.9517500580765804,-0.7519071313324821,-0.7398941579665655,-0.3761583116323792,2.3388344577839213,0.5581043259384137
-0.5309389529688268,1.427420427218831,1.2727407415305203,0.29949877567562466,1.7927309280216444,0.33769301738687035,-1.8898927267493963
-0.9515200629189922,1.427420427218831,0.08067712647494789,-0.22019613205451086,-0.6542207209531965,-0.8629918468513602,0.5581043259384137
-1.1197540209971106,1.427420427218831,-0.7519071313324821,-0.4280759660557166,-0.6542207209531965,-0.7829461892354782,-1.2370920167023614
1.1513930573220963,0.5470195638867418,-0.7519071313324821,1.8585897352298697,2.4044688402653542,1.271559022905494,0.5581043259384137
-0.11035531952190754,-0.40271071531610086,-0.7519071313324821,-0.4800467041014978,-0.6542207209531965,-0.7295824174915568,-1.8898927267493963
1.1513930573220963,1.427420427218831,-0.7519071313324821,2.3782877611419244,-0.6542207209531965,0.20428358802706698,0.5581043259384137
1.1513930573220963,0.14730783278557902,-0.7519071313324821,0.8191968015876794,-0.6542207209531965,-0.46276355877195,0.5581043259384137
1.1513930573220963,0.11807521159791859,0.9262055648738625,0.29949877567562466,-0.6542207209531965,1.6717873109849044,0.5581043259384137
0.31022831392501166,-0.9517500580765804,-0.7519071313324821,-0.7398941579665655,1.7927309280216444,0.07087415866726357,0.1501055651555881
-1.3721036963659112,-0.9517500580765804,1.5964838557687837,-0.7398941579665655,-0.6542207209531965,1.538377881625101,0.5581043259384137
1.1513930573220963,0.8676315687374857,-0.7519071313324821,1.338894827499734,-0.6542207209531965,1.8051967403447078,0.5581043259384137
-0.9515200629189922,1.427420427218831,-0.7519071313324821,-0.22019613205451086,-0.09809590231156196,1.0047401641858873,-3.1138890090978726
1.1513930573220963,0.3900575531213185,-0.7519071313324821,2.3782877611419244,-0.1444381078535842,0.07087415866726357,0.5581043259384137
1.1513930573220963,-0.5568914487890185,-0.7519071313324821,0.039651321810556917,2.4044688402653542,3.939747610101562,0.5581043259384137
-1.3721036963659112,-0.9517500580765804,1.5964838557687837,-0.7398941579665655,-0.04248280870948625,-0.46276355877195,-1.0738907171928882
-1.3721036963659112,-0.9517500580765804,1.5964838557687837,-0.7398941579665655,-0.6542207209531965,-0.7829461892354782,0.5581043259384137
0.31022831392501166,0.5084202702591185,-0.7519071313324821,0.5593493477226117,-0.6542207209531965,-0.6228548740037141,0.5581043259384137
-1.3721036963659112,-0.9517500580765804,1.5964838557687837,-0.7398941579665655,-0.6542207209531965,-0.8629918468513602,0.5581043259384137
0.20508177468909342,0.6615708219909533,-0.7519071313324821,0.4294240616991182,-0.6542207209531965,1.6717873109849044,-0.5638933882120707
0.9411025023470135,0.8951937868698284,0.7209530820241542,0.039651321810556917,0.6202342824510535,0.6845575337223592,0.5581043259384137
-1.1618131413908286,1.427420427218831,-0.7519071313324821,-0.4800467041014978,0.11045166935144125,-0.6495367598756748,0.5581043259384137
-1.3721036963659112,-0.9517500580765804,1.5964838557687837,-0.7398941579665655,-0.6542207209531965,0.8713307348260839,0.5581043259384137
-1.3721036963659112,-0.9517500580765804,1.5964838557687837,-0.7398941579665655,-0.39933094374817096,0.8713307348260839,0.5581043259384137
1.1513930573220963,1.2991512130953278,-0.7519071313324821,2.3782877611419244,1.894686227165742,1.9386061697045112,0.5581043259384137
1.1513930573220963,0.705062948472118,-0.7519071313324821,2.3782877611419244,-0.39933094374817096,-0.06253527069253983,0.5581043259384137
-0.9515200629189922,1.427420427218831,-0.7519071313324821,-0.22019613205451086,-0.6542207209531965,0.6045118761064772,-1.481889477975714
0.9411025023470135,0.007096331108361694,-0.7519071313324821,1.5987422813648018,-0.6542207209531965,3.672928751381955,0.5581043259384137
0.09993523545317518,-0.9517500580765804,-0.7519071313324821,-0.7398941579665655,2.4044688402653542,-0.5961729881317535,-1.0738907171928882
-0.9515200629189922,1.427420427218831,-0.7519071313324821,-0.22019613205451086,-0.6542207209531965,-0.889673732723321,0.1501055651555881
-0.9515200629189922,-0.9517500580765804,1.1034866960420466,-0.7398941579665655,-0.6542207209531965,2.4722438871437245,0.5581043259384137
-1.3721036963659112,-0.9517500580765804,1.5964838557687837,-0.7398941579665655,-0.6542207209531965,-0.7295824174915568,0.5581043259384137
1.1513930573220963,0.959187098350283,-0.7519071313324821,1.5987422813648018,2.4044688402653542,-0.19594470005234324,0.5581043259384137
1.1513930573220963,-0.9517500580765804,-0.7519071313324821,-0.7398941579665655,1.1300138368611043,-0.5961729881317535,0.5581043259384137
0.09993523545317518,-0.9517500580765804,-0.7519071313324821,-0.7398941579665655,-0.6542207209531965,-0.19594470005234324,0.5581043259384137
1.1513930573220963,1.427420427218831,-0.7519071313324821,2.3782877611419244,-0.39933094374817096,0.4844433896826541,0.5581043259384137
-0.7412295079439094,0.1283305702256464,-0.5588632841356431,-0.4800467041014978,-0.34835176483134134,0.07087415866726357,-0.25789319562723756
-0.11035531952190754,-0.9517500580765804,-0.7519071313324821,-0.7398941579665655,-0.6542207209531965,-0.9964012762111636,0.5581043259384137
0.31022831392501166,-0.9051215992082947,-0.7519071313324821,0.039651321810556917,-0.6542207209531965,1.0047401641858873,0.5581043259384137
-0.5309389529688268,1.3465325650670061,0.34942588581812084,-0.22019613205451086,0.11045166935144125,-0.9430375044672422,0.5581043259384137
1.1513930573220963,-0.3432731834746783,0.6836006460095845,-0.22019613205451086,-0.6542207209531965,-0.32935412941214665,0.5581043259384137
0.5205188689000944,-0.6054573759925932,-0.7519071313324821,-0.22019613205451086,-0.6542207209531965,0.07087415866726357,0.5581043259384137
1.1513930573220963,0.565462942551423,-0.7519071313324821,2.1184403072768565,0.11045166935144125,2.2054250284241177,0.5581043259384137
-0.3206458744969902,0.1809687206788619,-0.7519071313324821,-0.4800467041014978,-0.6542207209531965,1.1381495935456907,0.5581043259384137
-1.3721036963659112,-0.9517500580765804,1.5964838557687837,-0.7398941579665655,-0.6542207209531965,-0.06253527069253983,0.5581043259384137
-0.7412295079439094,-0.8290007462403983,-0.7519071313324821,-0.22019613205451086,2.4044688402653542,2.3388344577839213,-2.297891487532222
-1.3721036963659112,-0.9517500580765804,1.5964838557687837,-0.7398941579665655,-0.6542207209531965,0.3910567891307917,0.5581043259384137
1.1513930573220963,-0.4244412499819527,-0.7519071313324821,2.3782877611419244,0.5692551035342239,1.271559022905494,0.5581043259384137
-1.1618131413908286,1.427420427218831,1.3890997170645922,-0.4800467041014978,-0.6542207209531965,0.33769301738687035,0.5581043259384137
1.1513930573220963,-0.9517500580765804,-0.7519071313324821,-0.7398941579665655,-0.6542207209531965,0.6045118761064772,0.5581043259384137
1.1513930573220963,-0.7841719133156072,-0.7519071313324821,-0.22019613205451086,-0.6542207209531965,0.33769301738687035,0.5581043259384137
1.1513930573220963,0.4065604814027932,-0.7519071313324821,1.079044255452747,-0.6542207209531965,0.7379213054662805,0.5581043259384137
0.09993523545317518,0.8641139696045264,-0.7519071313324821,-0.4800467041014978,0.3653414465564667,0.8713307348260839,-1.481889477975714
1.1513930573220963,-0.79801855445415,1.1158461796744128,-0.4800467041014978,-0.6542207209531965,0.07087415866726357,0.5581043259384137
-0.11035531952190754,-0.8384728253940342,-0.3465625647385931,-0.4800467041014978,-0.04248280870948625,-0.7295824174915568,0.5581043259384137
0.9411025023470135,-0.11909960384978964,-0.7519071313324821,1.5987422813648018,-0.6542207209531965,2.3388344577839213,0.5581043259384137
0.7308094238751771,-0.9517500580765804,1.201185744407248,-0.7398941579665655,-0.6542207209531965,1.1381495935456907,0.1501055651555881
-0.11035531952190754,0.8590966447332931,1.2979797078355246,0.29949877567562466,-0.6542207209531965,-0.19594470005234324,0.5581043259384137
-1.3721036963659112,-0.9517500580765804,1.5964838557687837,-0.7398941579665655,-0.6542207209531965,0.8713307348260839,0.5581043259384137
-1.1618131413908286,1.427420427218831,1.5313589517314865,-0.4800467041014978,-0.6542207209531965,1.4049684522652977,0.5581043259384137
-1.3721036963659112,-0.9517500580765804,1.5964838557687837,-0.7398941579665655,-0.6542207209531965,1.4049684522652977,0.5581043259384137
-1.3721036963659112,-0.9517500580765804,1.5964838557687837,-0.7398941579665655,-0.6542207209531965,1.1381495935456907,0.5581043259384137
1.1513930573220963,-0.9517500580765804,1.4845486034295092,-0.7398941579665655,-0.6542207209531965,0.07087415866726357,0.5581043259384137
-1.3721036963659112,-0.9517500580765804,1.5964838557687837,-0.7398941579665655,-0.6542207209531965,0.33769301738687035,0.5581043259384137
-1.3721036963659112,-0.9517500580765804,1.5964838557687837,-0.7398941579665655,-0.2718845258008776,-0.8629918468513602,-0.25789319562723756
-1.1618131413908286,1.427420427218831,1.4733325255015621,-0.4800467041014978,-0.6542207209531965,0.8713307348260839,0.5581043259384137
-1.3721036963659112,-0.9517500580765804,1.5964838557687837,-0.7398941579665655,-0.6542207209531965,-0.9430375044672422,0.5581043259384137
-1.1618131413908286,1.427420427218831,-0.7519071313324821,-0.4800467041014978,0.11045166935144125,-0.7829461892354782,-2.297891487532222
-1.3721036963659112,-0.9517500580765804,1.5964838557687837,-0.7398941579665655,-0.34835176483134134,1.538377881625101,0.10930524027822004
-1.3721036963659112,-0.9517500580765804,1.5964838557687837,-0.7398941579665655,-0.6542207209531965,-0.5961729881317535,-0.25789319562723756
0.69257592456005,-0.9517500580765804,-0.7519071313324821,-0.7398941579665655,-0.6542207209531965,-0.06253527069253983,0.5581043259384137
0.5205188689000944,1.427420427218831,-0.7519071313324821,1.5987422813648018,-0.6542207209531965,-0.06253527069253983,0.5581043259384137
-0.11035531952190754,-0.5109235902032527,0.18948102082352192,-0.4800467041014978,-0.6542207209531965,1.271559022905494,0.5581043259384137
1.1513930573220963,-0.2685711678266418,-0.7519071313324821,0.29949877567562466,-0.6542207209531965,-0.7829461892354782,0.5581043259384137
-0.7412295079439094,1.427420427218831,-0.7519071313324821,0.039651321810556917,-0.6542207209531965,2.739062745863331,-1.8898927267493963
-0.11035531952190754,-0.39194523800707187,-0.7519071313324821,-0.4800467041014978,1.5305584109713573,-0.422740729964009,-1.481889477975714
1.1513930573220963,1.427420427218831,-0.7519071313324821,2.3782877611419244,-0.6542207209531965,-0.5961729881317535,0.5581043259384137
0.23375879179800402,-0.38800114564876353,-0.7519071313324821,-0.4564233578823318,1.3849066727556911,0.7379213054662805,-0.25789319562723756
1.1513930573220963,-0.9517500580765804,-0.7519071313324821,-0.7398941579665655,0.7360913256508896,0.33769301738687035,0.1501055651555881
0.31022831392501166,0.49226779863362546,-0.7519071313324821,0.5593493477226117,-0.6542207209531965,-0.8629918468513602,0.5581043259384137
-0.5309389529688268,-0.09967504706380527,-0.3640340702520312,-0.4800467041014978,-0.6542207209531965,-0.7829461892354782,0.5581043259384137
-0.5309389529688268,0.605987648265687,-0.3954418668149819,0.039651321810556917,0.875124059656079,1.9386061697045112,0.5581043259384137
0.9411025023470135,1.274485685435188,-0.7519071313324821,2.1184403072768565,-0.6542207209531965,0.33769301738687035,0.5581043259384137
1.1513930573220963,-0.762013087041481,-0.7519071313324821,-0.22019613205451086,0.3653414465564667,-0.5961729881317535,0.5581043259384137
0.7308094238751771,0.28025066327596637,-0.7519071313324821,0.29949877567562466,-0.6542207209531965,-0.46276355877195,0.5581043259384137
1.1513930573220963,-0.4511176081200077,0.05760054230678097,-0.22019613205451086,-0.6542207209531965,-0.8096280751074388,0.5581043259384137
-1.3721036963659112,-0.9517500580765804,1.5964838557687837,-0.7398941579665655,-0.6542207209531965,-0.9430375044672422,0.5581043259384137
1.1513930573220963,0.9028764639274625,-0.7519071313324821,1.338894827499734,-0.6542207209531965,-0.6228548740037141,0.5581043259384137
1.1513930573220963,-0.9517500580765804,-0.3956263154278509,-0.7398941579665655,0.11045166935144125,1.0047401641858873,0.5581043259384137
-0.9515200629189922,1.427420427218831,-0.7519071313324821,-0.22019613205451086,-0.6542207209531965,0.33769301738687035,-2.297891487532222
-0.9515200629189922,1.427420427218831,1.5560212336720831,-0.22019613205451086,-0.1444381078535842,1.1381495935456907,0.5581043259384137
-1.3721036963659112,-0.9517500580765804,1.5964838557687837,-0.7398941579665655,-0.6542207209531965,-0.19594470005234324,0.5581043259384137
1.1513930573220963,-0.2464055243883878,-0.7519071313324821,0.5593493477226117,-0.6542207209531965,0.4711024467466738,0.5581043259384137
-1.3721036963659112,-0.9517500580765804,1.5964838557687837,-0.7398941579665655,-0.6542207209531965,-0.7829461892354782,0.5581043259384137
1.1513930573220963,0.4314664908383221,-0.7519071313324821,1.338894827499734,0.26338614741236877,2.605653316503528,-0.6658919564100632
-1.1618131413908286,1.427420427218831,-0.7519071313324821,-0.4800467041014978,-0.6542207209531965,1.0047401641858873,0.5581043259384137
-0.11035531952190754,-0.9517500580765804,-0.7519071313324821,-0.7398941579665655,1.180993015777934,0.6045118761064772,-1.481889477975714
0.9411025023470135,0.6828948486437929,-0.7519071313324821,1.079044255452747,0.45802891633007253,0.4711024467466738,0.5581043259384137
-1.3721036963659112,-0.9517500580765804,1.5964838557687837,-0.7398941579665655,-0.6542207209531965,1.4049684522652977,-1.481889477975714
1.1513930573220963,1.2215023273359604,-0.7519071313324821,2.3782877611419244,2.4044688402653542,2.739062745863331,0.5581043259384137
1.1513930573220963,1.427420427218831,-0.7519071313324821,2.3782877611419244,2.149579063060329,0.6045118761064772,0.5581043259384137
1.1513930573220963,0.6540801810211605,-0.7519071313324821,2.1184403072768565,1.3849066727556911,1.271559022905494,0.5581043259384137
0.5205188689000944,0.26040822320486995,-0.7519071313324821,1.5987422813648018,1.0936031963243587,2.2054250284241177,-0.6658919564100632
-1.3721036963659112,-0.9517500580765804,1.5964838557687837,-0.7398941579665655,-0.6542207209531965,3.5395193220221515,0.5581043259384137
1.1513930573220963,1.1621012741683565,-0.7519071313324821,2.3782877611419244,1.1300138368611043,0.33769301738687035,0.5581043259384137
1.1513930573220963,1.0922787896226327,0.4769817668724926,2.3782877611419244,-0.6542207209531965,0.6045118761064772,0.5581043259384137
-0.3206458744969902,-0.9517500580765804,-0.7519071313324821,-0.7398941579665655,2.4044688402653542,0.7379213054662805,-1.0738907171928882
0.9411025023470135,-0.44811586663986785,-0.6736032941725958,-0.22019613205451086,-0.6542207209531965,-0.6228548740037141,0.5581043259384137
0.7308094238751771,1.402710910510081,-0.7519071313324821,1.338894827499734,-0.39933094374817096,3.2727004633025447,0.5581043259384137
0.09993523545317518,1.427420427218831,-0.7519071313324821,1.079044255452747,2.149579063060329,4.073157039461365,0.5581043259384137
1.1513930573220963,0.08536764694681287,-0.7519071313324821,0.3939890423703693,-0.6542207209531965,-0.19594470005234324,0.5581043259384137
0.7308094238751771,-0.9517500580765804,-0.7519071313324821,-0.7398941579665655,0.26338614741236877,0.07087415866726357,-0.25789319562723756
0.09993523545317518,-0.9517500580765804,-0.7519071313324821,-0.7398941579665655,2.4044688402653542,-0.5961729881317535,-0.6658919564100632
1.1513930573220963,1.0539064513420455,-0.7519071313324821,2.3782877611419244,2.4044688402653542,3.1392910339427416,0.5581043259384137
1.1513930573220963,-0.17376355697716947,-0.7519071313324821,0.8191968015876794,0.11045166935144125,2.605653316503528,0.5581043259384137
-1.1618131413908286,1.427420427218831,1.3579576613390028,-0.4800467041014978,-0.6542207209531965,1.271559022905494,0.5581043259384137
1.1513930573220963,0.29452219269429486,-0.7519071313324821,0.8191968015876794,-0.39933094374817096,1.538377881625101,0.5581043259384137
1.1513930573220963,1.427420427218831,-0.7519071313324821,2.3782877611419244,2.4044688402653542,1.4049684522652977,0.5581043259384137
1.1513930573220963,-0.9517500580765804,-0.7519071313324821,-0.7398941579665655,2.4044688402653542,3.1392910339427416,0.5581043259384137
-1.3721036963659112,-0.9517500580765804,1.5964838557687837,-0.7398941579665655,-0.6542207209531965,-0.46276355877195,-1.8898927267493963
0.9411025023470135,-0.5204325869312737,-0.7519071313324821,-0.4800467041014978,-0.6542207209531965,0.4711024467466738,0.5581043259384137
1.1513930573220963,0.8680527412493638,-0.7519071313324821,1.8585897352298697,-0.6542207209531965,1.271559022905494,0.5581043259384137
-0.8674043456283098,1.427420427218831,1.523742900652094,-0.11625777414486754,-0.6542207209531965,0.8713307348260839,0.5581043259384137
0.9411025023470135,0.20110012405803773,-0.7519071313324821,0.039651321810556917,0.3653414465564667,0.8713307348260839,0.5581043259384137
0.7308094238751771,-0.9517500580765804,-0.7519071313324821,-0.7398941579665655,0.4927878645037601,-0.46276355877195,0.1501055651555881
1.1513930573220963,0.3458828376165487,-0.5347540730206921,0.5593493477226117,-0.6542207209531965,-0.502786387579891,0.5581043259384137
0.09993523545317518,-0.5531628678448555,0.6298541854039718,-0.22019613205451086,-0.6542207209531965,0.20428358802706698,0.5581043259384137
1.1513930573220963,1.2626827192458878,-0.7519071313324821,1.079044255452747,-0.39933094374817096,0.7379213054662805,0.5581043259384137
-1.1618131413908286,1.427420427218831,-0.7519071313324821,-0.4800467041014978,-0.6542207209531965,4.073157039461365,-3.1138890090978726
1.1513930573220963,0.7128405114313671,-0.7519071313324821,1.8585897352298697,-0.39933094374817096,1.9386061697045112,0.5581043259384137
-0.5309389529688268,1.427420427218831,-0.7519071313324821,0.29949877567562466,0.875124059656079,0.07087415866726357,-1.8898927267493963
1.1513930573220963,-0.9517500580765804,-0.21328408677742589,-0.7398941579665655,-0.6542207209531965,-0.46276355877195,0.5581043259384137
-0.7412295079439094,0.87723986110902,-0.7519071313324821,-0.22019613205451086,2.4044688402653542,0.33769301738687035,-2.705890248315047
-1.1618131413908286,-0.9517500580765804,1.5726214116383923,-0.7398941579665655,-0.6542207209531965,-0.46276355877195,0.5581043259384137
-0.5309389529688268,1.427420427218831,-0.7519071313324821,0.29949877567562466,0.3653414465564667,1.0047401641858873,-0.18989564615886145
0.69257592456005,1.427420427218831,-0.7519071313324821,1.811346160973457,2.0646147844288,2.739062745863331,0.1501055651555881
1.1513930573220963,0.6231009386710916,-0.7519071313324821,1.5987422813648018,-0.6542207209531965,1.271559022905494,0.5581043259384137
0.7308094238751771,1.427420427218831,-0.7519071313324821,1.8585897352298697,2.4044688402653542,3.1392910339427416,0.5581043259384137
0.6466937065844949,1.427420427218831,-0.7519071313324821,1.7546513773202266,2.4044688402653542,1.538377881625101,-0.33949384538197364
-0.11035531952190754,1.427420427218831,-0.39478350683593455,0.8191968015876794,-0.6542207209531965,-0.8629918468513602,-0.18989564615886145
1.1513930573220963,1.0257950742267326,-0.725478625382833,2.3782877611419244,0.11045166935144125,4.7402041862603825,0.5581043259384137
-0.5309389529688268,1.427420427218831,1.5044350624330594,0.29949877567562466,-0.6542207209531965,1.271559022905494,0.5581043259384137
0.31022831392501166,1.427420427218831,0.29532547350348554,1.338894827499734,-0.6542207209531965,0.33769301738687035,0.5581043259384137
-1.1426951299848882,1.427420427218831,1.307748551372613,-0.4564233578823318,-0.314366665116642,0.5378071614265755,-0.25789319562723756
1.1513930573220963,-0.9517500580765804,-0.7519071313324821,-0.7398941579665655,-0.6542207209531965,-0.06253527069253983,0.5581043259384137
0.31022831392501166,0.49908738071763636,1.4665138157293829,-0.22019613205451086,-0.6542207209531965,0.6045118761064772,0.5581043259384137
-1.3721036963659112,-0.9517500580765804,1.5964838557687837,-0.7398941579665655,-0.6542207209531965,0.33769301738687035,0.5581043259384137
0.9411025023470135,-0.30415352273280344,-0.7519071313324821,0.8191968015876794,1.8483440216237197,0.33769301738687035,0.5581043259384137
-1.3721036963659112,-0.9517500580765804,1.5964838557687837,-0.7398941579665655,-0.6542207209531965,-0.8629918468513602,0.5581043259384137
1.1513930573220963,1.1792637372222554,-0.7519071313324821,2.3782877611419244,1.894686227165742,0.33769301738687035,0.5581043259384137
-1.3721036963659112,-0.9517500580765804,1.5964838557687837,-0.7398941579665655,-0.6542207209531965,-0.9430375044672422,0.5581043259384137
1.1513930573220963,-0.9517500580765804,-0.7519071313324821,-0.7398941579665655,0.11045166935144125,2.739062745863331,0.5581043259384137
0.31022831392501166,1.427420427218831,-0.7519071313324821,1.338894827499734,2.4044688402653542,1.9386061697045112,0.1501055651555881
-0.11035531952190754,0.6262439312691533,-0.7519071313324821,0.039651321810556917,0.3653414465564667,2.0720155990643145,-0.6658919564100632
-0.6150546702595091,1.427420427218831,0.4720184354205498,0.19556041776598138,-0.6542207209531965,1.538377881625101,0.5581043259384137
-0.5309389529688268,1.427420427218831,-0.7519071313324821,0.29949877567562466,-0.6542207209531965,0.07087415866726357,0.5581043259384137
-1.3721036963659112,-0.9517500580765804,1.5964838557687837,-0.7398941579665655,-0.6542207209531965,0.6045118761064772,0.5581043259384137
1.1513930573220963,1.427420427218831,-0.7519071313324821,2.3782877611419244,-0.6542207209531965,1.538377881625101,0.5581043259384137
-0.3206458744969902,-0.9517500580765804,-0.7519071313324821,-0.7398941579665655,-0.6542207209531965,-0.5961729881317535,-0.6658919564100632
-0.3206458744969902,1.427420427218831,-0.7519071313324821,0.5593493477226117,-0.6542207209531965,1.0047401641858873,0.5581043259384137
-1.1618131413908286,1.427420427218831,-0.7519071313324821,-0.4800467041014978,-0.6542207209531965,1.4049684522652977,0.1501055651555881
-1.3721036963659112,-0.9517500580765804,1.5964838557687837,-0.7398941579665655,-0.39933094374817096,-0.32935412941214665,0.5581043259384137
1.1513930573220963,0.44900100281528216,-0.7519071313324821,1.5987422813648018,2.4044688402653542,2.739062745863331,0.5581043259384137
-1.3721036963659112,-0.9517500580765804,1.5964838557687837,-0.7398941579665655,-0.6542207209531965,0.7379213054662805,0.5581043259384137
1.1513930573220963,0.9198191656088428,-0.7519071313324821,1.079044255452747,-0.6542207209531965,2.2054250284241177,0.5581043259384137
1.1513930573220963,1.3486807689789686,-0.16259425192489127,2.3782877611419244,-0.6542207209531965,3.8063381807417587,0.5581043259384137
-1.1618131413908286,1.427420427218831,-0.7519071313324821,-0.4800467041014978,-0.6542207209531965,-0.7829461892354782,-1.8898927267493963
1.1513930573220963,1.0083325529517542,-0.7519071313324821,2.3782877611419244,2.4044688402653542,1.1381495935456907,0.5581043259384137
-0.5309389529688268,0.79809146014069,-0.7519071313324821,-0.22019613205451086,-0.04248280870948625,-0.19594470005234324,-1.481889477975714
1.1513930573220963,0.9304561771110786,0.856675055113065,2.3782877611419244,-0.6542207209531965,0.7379213054662805,0.5581043259384137
1.1513930573220963,0.21681627448721674,-0.7519071313324821,0.039651321810556917,-0.6542207209531965,0.4711024467466738,0.5581043259384137
1.1513930573220963,0.9640680369946808,-0.7519071313324821,2.3782877611419244,-0.6542207209531965,3.005881604582938,0.5581043259384137
-0.3206458744969902,1.427420427218831,-0.7519071313324821,0.5593493477226117,-0.6542207209531965,-0.06253527069253983,0.5581043259384137
-1.3721036963659112,-0.9517500580765804,1.5964838557687837,-0.7398941579665655,-0.6542207209531965,-0.46276355877195,0.1501055651555881
-0.7412295079439094,1.427420427218831,-0.296092871356668,0.039651321810556917,-0.6542207209531965,-0.5961729881317535,0.5581043259384137
-0.11035531952190754,-0.9517500580765804,-0.7519071313324821,-0.7398941579665655,-0.1444381078535842,-0.19594470005234324,-1.481889477975714
-1.1618131413908286,1.427420427218831,1.1089436431202144,-0.4800467041014978,-0.6542207209531965,-0.5961729881317535,-2.297891487532222
0.9411025023470135,1.2097986859485963,-0.7519071313324821,2.1184403072768565,-0.6542207209531965,1.8051967403447078,0.5581043259384137
1.1513930573220963,1.1079569436804984,-0.4695991056563633,2.3782877611419244,0.11045166935144125,-0.32935412941214665,0.5581043259384137
-1.1618131413908286,-0.9517500580765804,-0.7519071313324821,-0.7398941579665655,-0.6542207209531965,-0.9964012762111636,0.5581043259384137
0.23375879179800402,1.427420427218831,1.375417793155179,1.2444045608049896,-0.6542207209531965,-0.19594470005234324,0.5581043259384137
0.09993523545317518,-0.1970616299075375,-0.7519071313324821,-0.22019613205451086,-0.6542207209531965,0.7379213054662805,0.5581043259384137
-0.3206458744969902,1.427420427218831,-0.7519071313324821,0.5593493477226117,1.7927309280216444,-0.7029005316195962,-1.481889477975714
0.31022831392501166,-0.9517500580765804,-0.7519071313324821,-0.7398941579665655,1.5305584109713573,0.8713307348260839,-1.0738907171928882
0.9411025023470135,-0.9517500580765804,1.3192932151290977,-0.7398941579665655,-0.6542207209531965,1.0047401641858873,0.5581043259384137
1.1513930573220963,0.2761665428822995,-0.7519071313324821,0.5593493477226117,-0.6542207209531965,0.07087415866726357,0.5581043259384137
1.1513930573220963,0.201495951355594,1.1132393204465083,2.1184403072768565,-0.6542207209531965,1.271559022905494,0.5581043259384137
-1.1618131413908286,1.427420427218831,1.354248240797865,-0.4800467041014978,-0.34835176483134134,0.8713307348260839,-0.25789319562723756
1.1513930573220963,0.5445247501162104,-0.7519071313324821,2.3782877611419244,1.7927309280216444,0.33769301738687035,0.5581043259384137
1.1513930573220963,-0.11637254289743691,-0.7519071313324821,2.3782877611419244,2.4044688402653542,0.6045118761064772,0.5581043259384137
1.1513930573220963,-0.9517500580765804,1.0318987878518495,-0.7398941579665655,-0.6542207209531965,-0.19594470005234324,0.5581043259384137
-0.8674043456283098,-0.9517500580765804,-0.7519071313324821,-0.7398941579665655,0.875124059656079,-0.19594470005234324,-2.5834892736829427
1.1513930573220963,0.612962646232823,-0.7519071313324821,1.079044255452747,-0.6542207209531965,1.8051967403447078,0.5581043259384137
1.1513930573220963,-0.0337708298496813,-0.7519071313324821,2.3782877611419244,-0.39933094374817096,1.0047401641858873,0.5581043259384137
-1.3721036963659112,-0.9517500580765804,1.5964838557687837,-0.7398941579665655,-0.04248280870948625,-0.46276355877195,-1.8898927267493963
0.7308094238751771,1.1631291808310142,-0.112929343593624,1.338894827499734,0.11045166935144125,2.2054250284241177,0.5581043259384137
1.1513930573220963,0.45248210019221224,-0.7519071313324821,-0.4800467041014978,-0.34835176483134134,-0.382717901156068,0.5581043259384137
1.1513930573220963,1.3695324163679883,-0.7519071313324821,2.3782877611419244,-0.39933094374817096,0.7379213054662805,0.5581043259384137
0.8990433819532956,-0.7416450493118908,-0.7519071313324821,-0.11625777414486754,-0.2718845258008776,-0.8629918468513602,0.10930524027822004
0.31022831392501166,0.8736937422656902,-0.5407766370970075,0.5593493477226117,-0.6542207209531965,0.07087415866726357,0.5581043259384137
1.1513930573220963,0.054748145166253065,0.1843203027767849,1.8585897352298697,-0.39933094374817096,-0.06253527069253983,0.5581043259384137
1.1513930573220963,0.26090112048512903,-0.7519071313324821,2.3782877611419244,1.894686227165742,0.7379213054662805,0.5581043259384137
1.1513930573220963,-0.9517500580765804,-0.7519071313324821,-0.7398941579665655,-0.39933094374817096,-0.5161273305158713,0.5581043259384137
-1.3721036963659112,-0.9517500580765804,1.5964838557687837,-0.7398941579665655,-0.6542207209531965,-0.6228548740037141,0.5581043259384137
-1.1618131413908286,1.427420427218831,-0.7519071313324821,-0.4800467041014978,-0.6542207209531965,3.005881604582938,-1.0738907171928882
0.69257592456005,-0.6967520351077124,1.3294565304878179,-0.17295255779809812,-0.3761583116323792,-0.46276355877195,0.5581043259384137
0.09993523545317518,-0.18034766984524375,1.0829894484704214,0.29949877567562466,-0.1444381078535842,1.8051967403447078,0.5581043259384137
-0.3206458744969902,0.8998368499108684,-0.7519071313324821,0.29949877567562466,0.11045166935144125,0.6045118761064772,-1.0738907171928882
-1.3721036963659112,-0.9517500580765804,1.5964838557687837,-0.7398941579665655,-0.6542207209531965,-0.9430375044672422,0.5581043259384137
1.1513930573220963,0.5976509173942376,-0.7519071313324821,1.338894827499734,2.4044688402653542,1.4049684522652977,0.5581043259384137
0.9411025023470135,0.19798342148948295,-0.7519071313324821,1.338894827499734,0.11045166935144125,0.4711024467466738,0.5581043259384137
0.9411025023470135,0.3879256655516279,-0.7519071313324821,1.338894827499734,2.4044688402653542,2.0720155990643145,0.5581043259384137
1.1513930573220963,0.5449599869704752,-0.21318341865512264,2.3782877611419244,0.11045166935144125,3.1392910339427416,0.5581043259384137
1.1513930573220963,-0.5484147610381633,-0.7519071313324821,1.079044255452747,2.4044688402653542,2.872472175223135,0.5581043259384137
1.1513930573220963,1.2215290342277834,-0.7519071313324821,2.3782877611419244,-0.6542207209531965,2.4722438871437245,0.5581043259384137
-0.11035531952190754,-0.9517500580765804,1.3539668904131854,-0.7398941579665655,0.7360913256508896,-0.19594470005234324,0.5581043259384137
1.1513930573220963,-0.30184327235836156,0.16446030665662278,0.039651321810556917,-0.6542207209531965,-0.46276355877195,0.5581043259384137
1.1513930573220963,0.805949342581384,-0.7519071313324821,2.0948169610576906,-0.6542207209531965,3.005881604582938,0.5581043259384137
-0.683877997222842,-0.9517500580765804,-0.7519071313324821,-0.7398941579665655,2.4044688402653542,3.5395193220221515,-2.297891487532222
1.1513930573220963,0.239882912952222,-0.5103149566690112,0.8191968015876794,0.11045166935144125,-0.24930847179626459,0.5581043259384137
0.5205188689000944,-0.3068439464409438,-0.7519071313324821,-0.22019613205451086,2.4044688402653542,0.07087415866726357,-0.25789319562723756
-0.9515200629189922,1.427420427218831,-0.7519071313324821,-0.22019613205451086,-0.6542207209531965,-0.7295824174915568,-2.705890248315047
1.1513930573220963,0.18249004056975196,0.5325197952293389,0.8191968015876794,-0.3761583116323792,0.6045118761064772,0.1501055651555881
-0.9515200629189922,-0.9517500580765804,-0.7519071313324821,-0.7398941579665655,-0.09809590231156196,-0.5961729881317535,-3.1138890090978726
-0.9515200629189922,0.22298152809264493,-0.7519071313324821,-0.22019613205451086,-0.39933094374817096,1.0047401641858873,0.5581043259384137
1.1513930573220963,1.427420427218831,-0.7519071313324821,2.3782877611419244,1.3849066727556911,0.7379213054662805,0.5581043259384137
0.9411025023470135,1.427420427218831,-0.6546264364362016,2.1184403072768565,-0.6542207209531965,4.073157039461365,0.5581043259384137
-1.1618131413908286,1.427420427218831,1.513500483416182,-0.4800467041014978,-0.34835176483134134,-0.9430375044672422,0.5581043259384137
0.9411025023470135,0.6729410795070305,-0.7519071313324821,0.5593493477226117,-0.6542207209531965,0.33769301738687035,0.5581043259384137
0.09993523545317518,-0.18772613858544007,-0.7519071313324821,0.039651321810556917,0.11045166935144125,2.2054250284241177,-0.25789319562723756
1.1513930573220963,0.1108256567523598,-0.7519071313324821,2.3782877611419244,2.149579063060329,0.7379213054662805,0.5581043259384137
-0.5309389529688268,1.427420427218831,1.3455470268443306,0.29949877567562466,-0.6542207209531965,-0.19594470005234324,0.5581043259384137
0.9411025023470135,-0.26615161639827456,-0.7519071313324821,0.039651321810556917,-0.6542207209531965,1.9386061697045112,0.5581043259384137
1.1513930573220963,-0.492663247712733,-0.7519071313324821,-0.22019613205451086,-0.6542207209531965,-0.06253527069253983,0.5581043259384137
1.1513930573220963,0.3538090954973905,-0.7367716084502729,1.5987422813648018,-0.1444381078535842,0.7379213054662805,0.5581043259384137
-1.1618131413908286,1.427420427218831,1.5787844323105489,-0.4800467041014978,-0.6542207209531965,1.1381495935456907,0.5581043259384137
-0.8674043456283098,-0.9517500580765804,-0.7519071313324821,-0.7398941579665655,0.875124059656079,0.4711024467466738,-3.032288359343136
1.1513930573220963,-0.003537102872539049,1.0592869495113464,-0.4800467041014978,-0.39933094374817096,-0.46276355877195,0.5581043259384137
1.1513930573220963,1.427420427218831,-0.7519071313324821,2.3782877611419244,-0.6542207209531965,-0.19594470005234324,0.5581043259384137
0.09993523545317518,-0.9517500580765804,-0.7519071313324821,-0.7398941579665655,0.11045166935144125,3.5395193220221515,-0.25789319562723756
-1.0116045206243036,-0.9517500580765804,-0.7519071313324821,-0.7398941579665655,-0.6542207209531965,-0.19594470005234324,0.5581043259384137
0.09993523545317518,0.9266449282236846,-0.7519071313324821,0.8191968015876794,-0.6542207209531965,-0.46276355877195,0.5581043259384137
0.5205188689000944,1.427420427218831,-0.37623535397701585,1.5987422813648018,0.875124059656079,0.33769301738687035,-0.25789319562723756
1.1513930573220963,1.0256424230473788,-0.7519071313324821,2.1184403072768565,2.4044688402653542,4.073157039461365,0.5581043259384137
-0.11035531952190754,1.427420427218831,-0.7519071313324821,0.8191968015876794,-0.1444381078535842,1.8051967403447078,0.5581043259384137
1.1513930573220963,0.604141143578297,-0.7519071313324821,2.3782877611419244,0.3653414465564667,0.07087415866726357,0.5581043259384137
-0.11035531952190754,0.2803849122117488,0.5554904006235769,-0.22019613205451086,-0.6542207209531965,-0.9430375044672422,0.5581043259384137
1.1513930573220963,0.8609917232463976,-0.7519071313324821,0.039651321810556917,-0.6542207209531965,0.4977843326186344,0.5581043259384137
1.1513930573220963,0.09623323876307738,-0.7519071313324821,2.3782877611419244,2.4044688402653542,0.33769301738687035,0.5581043259384137
0.9411025023470135,-0.42597546335927267,-0.7519071313324821,-0.4800467041014978,-0.6542207209531965,-0.8629918468513602,0.5581043259384137
-1.3721036963659112,-0.9517500580765804,1.5964838557687837,-0.7398941579665655,-0.34835176483134134,-0.8629918468513602,0.5581043259384137
1.1513930573220963,0.9220200817466192,-0.7519071313324821,2.3782877611419244,-0.6542207209531965,1.271559022905494,0.5581043259384137
-0.3206458744969902,1.427420427218831,-0.7519071313324821,0.5593493477226117,-0.6542207209531965,-0.5428092163878321,0.5581043259384137
-1.3721036963659112,-0.9517500580765804,1.5964838557687837,-0.7398941579665655,-0.6542207209531965,-0.46276355877195,0.5581043259384137
1.1513930573220963,0.696815294633564,-0.3669314869815746,1.5987422813648018,-0.39933094374817096,3.4061098926623483,0.5581043259384137
1.1513930573220963,1.085794374279222,-0.107323747916371,2.3782877611419244,0.3653414465564667,1.4049684522652977,0.5581043259384137
-0.7412295079439094,1.427420427218831,-0.25971156402926454,0.039651321810556917,-0.6542207209531965,0.33769301738687035,0.5581043259384137
1.1513930573220963,0.11190436877025238,-0.7519071313324821,2.3782877611419244,0.7360913256508896,-0.46276355877195,0.5581043259384137
0.5205188689000944,-0.9517500580765804,-0.7519071313324821,-0.7398941579665655,-0.39933094374817096,0.8713307348260839,0.5581043259384137
-0.6511053448826959,1.427420427218831,-0.7519071313324821,0.1510140708695976,-0.6542207209531965,-0.8629918468513602,-0.08303658386316934
1.1513930573220963,1.427420427218831,1.043679505696667,2.3782877611419244,-0.6542207209531965,0.07087415866726357,0.5581043259384137
-1.3721036963659112,-0.9517500580765804,1.5964838557687837,-0.7398941579665655,-0.6542207209531965,3.005881604582938,0.5581043259384137
-0.9515200629189922,1.427420427218831,-0.7519071313324821,-0.22019613205451086,-0.6542207209531965,-0.9430375044672422,0.5581043259384137
-0.5309389529688268,-0.44982153032439165,0.06269348878883473,-0.22019613205451086,-0.39933094374817096,0.33769301738687035,0.5581043259384137
-1.3721036963659112,-0.9517500580765804,1.5964838557687837,-0.7398941579665655,-0.6542207209531965,1.0047401641858873,0.5581043259384137
-1.3721036963659112,-0.9517500580765804,1.5964838557687837,-0.7398941579665655,0.3653414465564667,-0.9430375044672422,-2.297891487532222
0.5205188689000944,-0.2640412981033079,-0.7519071313324821,1.079044255452747,-0.6542207209531965,0.4711024467466738,0.1501055651555881
1.1513930573220963,0.17312356493716216,-0.7519071313324821,0.29949877567562466,1.6397964499607167,1.6717873109849044,0.5581043259384137
-0.9515200629189922,1.1888572061649976,-0.7519071313324821,-0.4800467041014978,-0.6542207209531965,-0.8629918468513602,0.5581043259384137
1.1513930573220963,0.5530664849465676,-0.7519071313324821,2.1184403072768565,1.1300138368611043,4.073157039461365,0.5581043259384137
1.1513930573220963,-0.05905419953625871,0.5763655754392908,0.29949877567562466,-0.6542207209531965,0.4711024467466738,0.5581043259384137
-0.9515200629189922,-0.9517500580765804,-0.7519071313324821,-0.7398941579665655,-0.6542207209531965,-0.8629918468513602,-3.5218877698806983
-1.1618131413908286,1.427420427218831,-0.7519071313324821,-0.4800467041014978,-0.6542207209531965,-0.8629918468513602,-2.297891487532222
-0.7412295079439094,1.427420427218831,-0.7519071313324821,0.039651321810556917,-0.6542207209531965,-0.7029005316195962,0.1501055651555881
-1.3721036963659112,-0.9517500580765804,1.5964838557687837,-0.7398941579665655,-0.6542207209531965,0.7379213054662805,0.5581043259384137
1.1513930573220963,-0.9517500580765804,-0.7519071313324821,-0.7398941579665655,2.4044688402653542,1.1381495935456907,0.5581043259384137
0.31022831392501166,-0.28593019775610545,1.2332750539475952,-0.046965535538438706,-0.6542207209531965,0.33769301738687035,-0.4392259781973822
1.1513930573220963,1.3045652360610496,-0.7519071313324821,1.8585897352298697,-0.6542207209531965,0.07087415866726357,0.5581043259384137
-0.5309389529688268,1.427420427218831,0.3416306537680983,0.29949877567562466,-0.6542207209531965,1.1381495935456907,0.059439173870516004
0.09993523545317518,-0.9517500580765804,1.4656300973135514,-0.7398941579665655,-0.6542207209531965,0.33769301738687035,0.5581043259384137
-1.3721036963659112,-0.9517500580765804,1.5964838557687837,-0.7398941579665655,-0.6542207209531965,-0.9430375044672422,-0.08303658386316934
-1.3721036963659112,-0.9517500580765804,1.5964838557687837,-0.7398941579665655,-0.6542207209531965,2.2054250284241177,0.5581043259384137
1.1513930573220963,-0.9517500580765804,0.637012448629483,-0.7398941579665655,-0.6542207209531965,0.07087415866726357,0.5581043259384137
0.9411025023470135,0.8560169217886898,-0.5003210916960199,0.8191968015876794,-0.6542207209531965,-0.7295824174915568,0.5581043259384137
-1.3721036963659112,-0.9517500580765804,1.5964838557687837,-0.7398941579665655,-0.6542207209531965,0.4711024467466738,0.5581043259384137
1.1513930573220963,-0.9517500580765804,-0.7519071313324821,-0.7398941579665655,1.2922192029820856,-0.19594470005234324,-1.0738907171928882
-1.3721036963659112,-0.9517500580765804,1.5964838557687837,-0.7398941579665655,-0.6542207209531965,1.271559022905494,0.5581043259384137
-1.1618131413908286,1.427420427218831,-0.7519071313324821,-0.4800467041014978,-0.6542207209531965,-0.46276355877195,-3.5218877698806983
-1.1618131413908286,1.427420427218831,-0.7519071313324821,-0.4800467041014978,-0.6542207209531965,0.20428358802706698,-0.25789319562723756
1.1513930573220963,0.4111601349029134,0.04761544746861614,2.3782877611419244,-0.6542207209531965,0.07087415866726357,0.5581043259384137
-1.1618131413908286,1.427420427218831,-0.7519071313324821,-0.4800467041014978,-0.6542207209531965,1.538377881625101,0.5581043259384137
1.1513930573220963,0.9969843166487461,-0.7519071313324821,2.3782877611419244,2.4044688402653542,1.0047401641858873,0.5581043259384137
-1.1618131413908286,-0.008565956644229163,-0.7519071313324821,-0.4800467041014978,-0.6542207209531965,-0.5961729881317535,0.5581043259384137
-0.7412295079439094,0.7619070471113378,-0.7519071313324821,-0.35012141807800434,-0.6542207209531965,0.07087415866726357,0.5581043259384137
1.1513930573220963,1.3642756083511782,-0.36054900545408736,1.8585897352298697,0.3653414465564667,3.8063381807417587,0.5581043259384137
1.1513930573220963,1.004503901422224,-0.4047085711861532,1.079044255452747,-0.09809590231156196,0.4711024467466738,0.5581043259384137
-1.3721036963659112,-0.9517500580765804,1.5964838557687837,-0.7398941579665655,-0.6542207209531965,1.4049684522652977,0.5581043259384137
0.9411025023470135,-0.1339048462740638,-0.3911163955017679,2.1184403072768565,-0.09809590231156196,0.7379213054662805,0.5581043259384137
0.09993523545317518,-0.9517500580765804,-0.7519071313324821,-0.7398941579665655,0.6202342824510535,0.33769301738687035,-1.0738907171928882
0.69257592456005,-0.9517500580765804,-0.7519071313324821,-0.7398941579665655,-0.6542207209531965,-0.19594470005234324,-0.25789319562723756
-1.0566666021549103,1.427420427218831,1.4267823520070564,-0.35012141807800434,-0.6542207209531965,-0.8629918468513602,-0.5638933882120707
-1.3721036963659112,-0.9517500580765804,1.5964838557687837,-0.7398941579665655,-0.6542207209531965,1.4049684522652977,0.1501055651555881
0.09993523545317518,0.29768753162546724,-0.7519071313324821,-0.4800467041014978,-0.6542207209531965,1.0047401641858873,0.5581043259384137
1.1513930573220963,-0.9517500580765804,-0.7519071313324821,-0.7398941579665655,1.0141567936612683,-0.19594470005234324,0.5581043259384137
-1.1618131413908286,1.427420427218831,-0.7519071313324821,-0.4800467041014978,-0.6542207209531965,0.33769301738687035,-3.1138890090978726
1.1513930573220963,-0.9517500580765804,-0.7519071313324821,-0.7398941579665655,-0.1444381078535842,-0.9430375044672422,0.5581043259384137
1.1513930573220963,-0.9517500580765804,-0.7519071313324821,-0.7398941579665655,2.4044688402653542,0.07087415866726357,0.5581043259384137
-0.11035531952190754,-0.9517500580765804,-0.7519071313324821,-0.7398941579665655,0.7360913256508896,-0.19594470005234324,-1.481889477975714
1.1513930573220963,1.283366307376381,-0.6883256212500066,2.3782877611419244,1.894686227165742,3.4061098926623483,0.5581043259384137
-1.3721036963659112,-0.9517500580765804,1.5964838557687837,-0.7398941579665655,0.875124059656079,-0.46276355877195,-3.1138890090978726
-1.3721036963659112,-0.9517500580765804,1.5964838557687837,-0.7398941579665655,-0.6542207209531965,-0.19594470005234324,0.5581043259384137
0.7308094238751771,0.6448759087489953,-0.7519071313324821,0.8191968015876794,-0.6542207209531965,0.7379213054662805,0.1501055651555881
1.1513930573220963,0.7367812693783418,-0.7519071313324821,0.29949877567562466,1.894686227165742,-0.14258092830842187,0.5581043259384137
-0.3206458744969902,1.16716271295739,-0.7519071313324821,0.039651321810556917,-0.6542207209531965,-0.46276355877195,-0.25789319562723756
1.1513930573220963,1.427420427218831,1.4014980691516326,2.3782877611419244,-0.6542207209531965,1.271559022905494,0.5581043259384137
1.1513930573220963,1.427420427218831,-0.7519071313324821,2.3782877611419244,-0.6542207209531965,1.538377881625101,0.5581043259384137
-0.9515200629189922,1.427420427218831,1.4727557411641294,-0.22019613205451086,-0.6542207209531965,0.07087415866726357,0.5581043259384137
-0.9515200629189922,1.427420427218831,0.9914163297452735,-0.22019613205451086,-0.6542207209531965,-0.7829461892354782,0.5581043259384137
-0.9515200629189922,-0.9517500580765804,-0.7519071313324821,-0.7398941579665655,0.875124059656079,-0.19594470005234324,-3.1138890090978726
-1.1618131413908286,1.427420427218831,-0.18699343706083668,-0.4800467041014978,-0.6542207209531965,-0.035853384820579155,0.5581043259384137
1.1513930573220963,-0.9517500580765804,-0.7519071313324821,-0.7398941579665655,-0.6542207209531965,-0.7829461892354782,0.5581043259384137
-1.3721036963659112,-0.9517500580765804,1.5964838557687837,-0.7398941579665655,-0.6542207209531965,-0.46276355877195,0.5581043259384137
-0.5309389529688268,-0.17053943878474997,-0.7519071313324821,-0.4800467041014978,-0.6542207209531965,-0.46276355877195,0.5581043259384137
0.31022831392501166,1.427420427218831,-0.7519071313324821,1.338894827499734,-0.6542207209531965,-0.8096280751074388,0.5581043259384137
0.4631673581790269,1.427420427218831,-0.7519071313324821,1.527875360889223,0.7360913256508896,-0.5961729881317535,-0.6658919564100632
-0.11035531952190754,1.1389641929850318,1.0472227755482115,0.5593493477226117,-0.6542207209531965,0.7379213054662805,0.5581043259384137
0.7308094238751771,0.5477130240788969,-0.7519071313324821,0.039651321810556917,-0.6542207209531965,-0.36937695822008765,0.5581043259384137
1.1513930573220963,0.14516663553844167,-0.7519071313324821,0.29949877567562466,-0.3761583116323792,-0.32935412941214665,0.5581043259384137
0.7308094238751771,0.6266077501693705,0.10700230365007635,0.039651321810556917,-0.6542207209531965,-0.7295824174915568,0.5581043259384137
0.7308094238751771,0.6101462927638638,0.19281260922153895,0.039651321810556917,-0.6542207209531965,-0.06253527069253983,0.5581043259384137
0.9411025023470135,-0.9517500580765804,-0.7519071313324821,-0.7398941579665655,-0.6542207209531965,-0.8629918468513602,0.5581043259384137
1.1513930573220963,-0.9517500580765804,-0.7519071313324821,-0.7398941579665655,1.894686227165742,-0.19594470005234324,0.5581043259384137
1.1513930573220963,-0.4951379987760151,-0.7519071313324821,-0.4800467041014978,-0.3761583116323792,-0.9964012762111636,0.5581043259384137
-1.3721036963659112,-0.9517500580765804,1.5964838557687837,-0.7398941579665655,-0.6542207209531965,-0.5961729881317535,0.5581043259384137
1.1513930573220963,0.8800054903831559,1.0890853644274452,1.0419254178876796,-0.04248280870948625,2.2054250284241177,0.5581043259384137
0.23375879179800402,-0.512931711606509,0.39438629858285107,-0.17295255779809812,-0.6542207209531965,3.2727004633025447,0.5581043259384137
1.1513930573220963,0.8531159044984131,0.37806945367967804,1.8585897352298697,-0.6542207209531965,1.538377881625101,0.5581043259384137
-1.3721036963659112,-0.9517500580765804,1.5964838557687837,-0.7398941579665655,-0.6542207209531965,-0.46276355877195,0.5581043259384137
1.1513930573220963,-0.9517500580765804,-0.7519071313324821,-0.7398941579665655,2.0985998841434994,-0.8629918468513602,0.5581043259384137
-1.3721036963659112,-0.9517500580765804,1.5964838557687837,-0.7398941579665655,-0.6542207209531965,0.33769301738687035,0.5581043259384137
-0.11035531952190754,1.427420427218831,-0.7519071313324821,0.8191968015876794,0.5692551035342239,-0.7295824174915568,0.1501055651555881
-1.3721036963659112,-0.9517500580765804,1.5964838557687837,-0.7398941579665655,-0.6542207209531965,2.605653316503528,0.5581043259384137
1.1513930573220963,1.1145351375401762,0.5225855938659388,1.338894827499734,0.6202342824510535,3.2727004633025447,0.5581043259384137
1.1513930573220963,-0.04774237314375349,0.3428700622388827,0.5593493477226117,-0.6542207209531965,1.8051967403447078,0.5581043259384137
1.1513930573220963,0.8631658542244762,-0.6094453572312419,2.1184403072768565,-0.6542207209531965,2.3388344577839213,0.5581043259384137
-1.1618131413908286,-0.9517500580765804,0.4560538413139906,-0.7398941579665655,-0.6542207209531965,-0.9964012762111636,0.5581043259384137
1.1513930573220963,0.6449011776220673,-0.7519071313324821,0.039651321810556917,0.4927878645037601,2.3388344577839213,0.5581043259384137
0.5205188689000944,1.133702103330731,-0.7519071313324821,0.8191968015876794,-0.6542207209531965,-0.19594470005234324,0.5581043259384137
0.31022831392501166,1.0667648608639484,0.24587406596718867,0.039651321810556917,-0.39933094374817096,-0.9430375044672422,0.5581043259384137
0.7308094238751771,-0.9517500580765804,0.7516167479150206,-0.7398941579665655,-0.6542207209531965,-0.8629918468513602,0.5581043259384137
-1.3721036963659112,-0.9517500580765804,1.5964838557687837,-0.7398941579665655,-0.6542207209531965,-0.32935412941214665,0.5581043259384137
-0.3206458744969902,-0.7385780416152411,1.1756689895637251,-0.4800467041014978,0.21968970834080065,1.1381495935456907,-0.6658919564100632
1.1513930573220963,0.9400249058765626,-0.7519071313324821,2.3782877611419244,-0.6542207209531965,2.0720155990643145,0.5581043259384137
1.1513930573220963,-0.6101880094752188,-0.7519071313324821,-0.4800467041014978,-0.6542207209531965,-0.46276355877195,0.5581043259384137
1.1513930573220963,-0.9517500580765804,-0.7519071313324821,-0.7398941579665655,2.4044688402653542,-0.46276355877195,0.5581043259384137
1.1513930573220963,-0.9517500580765804,-0.7519071313324821,-0.7398941579665655,2.149579063060329,0.7379213054662805,0.5581043259384137
-0.7412295079439094,1.427420427218831,1.0314672487933942,0.039651321810556917,-0.6542207209531965,0.6845575337223592,0.5581043259384137
-1.3721036963659112,-0.9517500580765804,1.5964838557687837,-0.7398941579665655,-0.6542207209531965,3.672928751381955,0.5581043259384137
-0.11035531952190754,0.1734086971572951,0.7320066897214526,0.039651321810556917,-0.6542207209531965,-0.7029005316195962,0.5581043259384137
1.1513930573220963,1.2534529293502563,-0.7519071313324821,2.1184403072768565,1.486861971899789,-0.7829461892354782,0.5581043259384137
1.1513930573220963,-0.23147509149700776,-0.10339432723700646,0.039651321810556917,-0.6542207209531965,-0.8363099609793996,0.5581043259384137
1.1513930573220963,0.7932449953398111,-0.7519071313324821,2.3782877611419244,2.4044688402653542,-0.46276355877195,0.5581043259384137
1.1513930573220963,0.8656608923356011,-0.7519071313324821,1.5987422813648018,-0.6542207209531965,-0.1158990424364612,0.5581043259384137
-0.3206458744969902,-0.20815197772932462,1.3773915180173106,-0.4800467041014978,-0.6542207209531965,1.8051967403447078,0.5581043259384137
1.1513930573220963,0.8636836616415142,-0.7519071313324821,2.3782877611419244,-0.39933094374817096,-0.9430375044672422,0.5581043259384137
1.1513930573220963,1.382416634889254,-0.7519071313324821,2.3782877611419244,1.2922192029820856,2.4722438871437245,0.5581043259384137
0.5205188689000944,-0.9517500580765804,-0.7519071313324821,-0.7398941579665655,-0.6542207209531965,0.8713307348260839,0.5581043259384137
-0.5309389529688268,0.9164576384305545,-0.7519071313324821,-0.046965535538438706,-0.6542207209531965,3.4061098926623483,-1.4365562823331777
-1.1618131413908286,0.843740245885386,1.5336151823935504,-0.4800467041014978,-0.6542207209531965,2.0720155990643145,-0.25789319562723756
1.1513930573220963,-0.9517500580765804,-0.7519071313324821,-0.7398941579665655,-0.6542207209531965,-0.9964012762111636,0.5581043259384137
-0.7412295079439094,1.427420427218831,0.5216645440177259,0.039651321810556917,-0.6542207209531965,0.7379213054662805,0.5581043259384137
1.1513930573220963,0.9824090903490597,1.1065099074970948,-0.4800467041014978,-0.6542207209531965,0.4711024467466738,0.5581043259384137
-1.3721036963659112,-0.9517500580765804,1.5964838557687837,-0.7398941579665655,-0.6542207209531965,2.2054250284241177,0.5581043259384137
-1.3721036963659112,-0.9517500580765804,1.5964838557687837,-0.7398941579665655,-0.2172655063061979,-0.46276355877195,-0.25789319562723756
-0.11035531952190754,-0.9517500580765804,0.9509049300725871,-0.7398941579665655,-0.6542207209531965,-0.7295824174915568,0.5581043259384137
-0.5309389529688268,1.427420427218831,-0.7519071313324821,0.29949877567562466,-0.6542207209531965,-0.9430375044672422,0.5581043259384137
-0.3206458744969902,0.3193595314250722,1.472605750839413,-0.4800467041014978,-0.6542207209531965,1.271559022905494,0.5581043259384137
-1.3721036963659112,-0.9517500580765804,1.5964838557687837,-0.7398941579665655,-0.6542207209531965,0.4711024467466738,0.5581043259384137
-0.11035531952190754,-0.9517500580765804,-0.7519071313324821,-0.7398941579665655,1.6397964499607167,-0.8629918468513602,-0.6658919564100632
1.1513930573220963,0.704926590330773,-0.7519071313324821,-0.4800467041014978,-0.6542207209531965,-0.035853384820579155,-3.1138890090978726
0.9411025023470135,0.8921845363799847,-0.7519071313324821,0.8191968015876794,-0.6542207209531965,-0.9430375044672422,0.5581043259384137
1.1513930573220963,-0.6092297195086908,-0.7519071313324821,1.079044255452747,-0.6542207209531965,1.6717873109849044,0.5581043259384137
1.1513930573220963,0.28020073807981194,-0.7519071313324821,1.079044255452747,0.11045166935144125,0.6045118761064772,0.5581043259384137
-0.5309389529688268,-0.9517500580765804,-0.7519071313324821,-0.7398941579665655,-0.3761583116323792,-0.06253527069253983,-2.705890248315047
1.1513930573220963,-0.6012270050591147,-0.3666573279873514,0.5593493477226117,2.4044688402653542,-0.5961729881317535,0.5581043259384137
-1.3721036963659112,-0.9517500580765804,1.5964838557687837,-0.7398941579665655,-0.39933094374817096,1.6717873109849044,0.5581043259384137
0.5205188689000944,-0.21084473229817857,-0.7519071313324821,-0.4800467041014978,1.486861971899789,2.4722438871437245,-0.25789319562723756
0.9411025023470135,0.20442623383896713,-0.7519071313324821,1.8585897352298697,2.4044688402653542,0.07087415866726357,0.5581043259384137
-0.11035531952190754,1.2103055903920743,-0.7519071313324821,0.5593493477226117,-0.6542207209531965,-0.9430375044672422,0.5581043259384137
-1.3721036963659112,-0.9517500580765804,1.5964838557687837,-0.7398941579665655,-0.314366665116642,-0.46276355877195,-0.6658919564100632
-0.7412295079439094,1.427420427218831,-0.7519071313324821,0.039651321810556917,-0.6542207209531965,-0.5961729881317535,0.5581043259384137
0.7308094238751771,0.7607354338952378,-0.7519071313324821,0.5593493477226117,-0.6542207209531965,0.4711024467466738,0.1501055651555881
0.7308094238751771,1.2987198593134845,-0.7519071313324821,1.338894827499734,2.4044688402653542,-0.06253527069253983,0.1501055651555881
0.09993523545317518,-0.9517500580765804,1.4346489263624351,-0.7398941579665655,-0.6542207209531965,3.2727004633025447,0.5581043259384137
1.1513930573220963,0.5874927699934307,-0.7519071313324821,2.3782877611419244,0.3653414465564667,3.939747610101562,0.5581043259384137
-0.11035531952190754,1.427420427218831,0.928299800972694,0.8191968015876794,-0.6542207209531965,-0.46276355877195,0.10930524027822004
0.9411025023470135,1.071619610468756,-0.7519071313324821,1.079044255452747,-0.6542207209531965,-0.19594470005234324,0.5581043259384137
-0.11035531952190754,1.427420427218831,-0.7519071313324821,0.8191968015876794,2.4044688402653542,-0.06253527069253983,-2.8078888165130396
-1.1618131413908286,-0.9517500580765804,-0.7519071313324821,-0.7398941579665655,-0.6542207209531965,-0.46276355877195,-1.481889477975714
0.8990433819532956,1.0194299603849721,-0.7519071313324821,0.8191968015876794,-0.6542207209531965,-0.8096280751074388,0.5581043259384137
1.1513930573220963,0.7046099099061002,-0.7519071313324821,1.5987422813648018,0.17996650700925526,0.33769301738687035,0.5581043259384137
-0.7412295079439094,1.427420427218831,-0.7519071313324821,0.039651321810556917,-0.6542207209531965,-0.9430375044672422,0.5581043259384137
0.31022831392501166,1.275959972940583,0.639232625038432,1.079044255452747,-0.6542207209531965,0.33769301738687035,0.5581043259384137
-0.7412295079439094,1.427420427218831,-0.7519071313324821,0.039651321810556917,-0.6542207209531965,-0.5961729881317535,-2.705890248315047
-1.3721036963659112,-0.9517500580765804,1.5964838557687837,-0.7398941579665655,-0.6542207209531965,1.9386061697045112,-2.297891487532222
-1.1618131413908286,1.427420427218831,-0.7519071313324821,-0.4800467041014978,-0.3761583116323792,-0.8629918468513602,0.1501055651555881
-1.3721036963659112,-0.9517500580765804,1.5964838557687837,-0.7398941579665655,-0.6542207209531965,-0.8363099609793996,0.5581043259384137
0.39434403121569384,1.1204919102602997,-0.23844034049293567,1.1310149934985283,-0.6542207209531965,1.4049684522652977,-0.33949384538197364
-0.5309389529688268,1.427420427218831,0.6488429525152716,0.29949877567562466,-0.6542207209531965,-0.7829461892354782,0.5581043259384137
-1.3721036963659112,-0.9517500580765804,1.5964838557687837,-0.7398941579665655,-0.6542207209531965,0.7379213054662805,0.1501055651555881
0.9219844909410732,-0.9517500580765804,-0.7519071313324821,-0.7398941579665655,1.7247607285922455,-0.8629918468513602,0.1501055651555881
1.1513930573220963,1.427420427218831,-0.7519071313324821,2.3782877611419244,2.149579063060329,-0.5961729881317535,0.5581043259384137
-0.3206458744969902,-0.9517500580765804,0.10494871977759897,-0.7398941579665655,-0.6542207209531965,-0.46276355877195,0.5581043259384137
0.8990433819532956,0.405000606821416,-0.7519071313324821,1.7546513773202266,2.0221326451130355,6.20770790921822,0.10930524027822004
-1.1618131413908286,1.427420427218831,1.3658632848484373,-0.4800467041014978,-0.6542207209531965,-0.9964012762111636,0.5581043259384137
1.1513930573220963,-0.9517500580765804,-0.7519071313324821,-0.7398941579665655,0.3653414465564667,0.20428358802706698,0.5581043259384137
1.1513930573220963,1.427420427218831,1.3626910133400034,2.3782877611419244,-0.6542207209531965,0.6045118761064772,0.5581043259384137
-0.5309389529688268,-0.9517500580765804,-0.7519071313324821,-0.7398941579665655,-0.39933094374817096,-0.8629918468513602,0.5581043259384137
1.1513930573220963,1.005465122905473,-0.7519071313324821,0.039651321810556917,-0.6542207209531965,2.2054250284241177,-0.25789319562723756
0.9411025023470135,0.4926751868692839,-0.7519071313324821,2.1184403072768565,2.4044688402653542,3.672928751381955,0.5581043259384137
-1.1618131413908286,-0.9517500580765804,1.124524816346254,-0.7398941579665655,-0.6542207209531965,-0.8363099609793996,0.5581043259384137
-0.683877997222842,1.427420427218831,1.493929488790139,0.11051824228613556,-0.6542207209531965,0.33769301738687035,0.1501055651555881
1.1513930573220963,-0.7768840491488818,-0.7519071313324821,0.039651321810556917,2.4044688402653542,-0.32935412941214665,0.5581043259384137
-1.3721036963659112,-0.9517500580765804,1.5964838557687837,-0.7398941579665655,-0.6542207209531965,0.4711024467466738,0.5581043259384137
0.9411025023470135,0.30109210054056224,-0.7519071313324821,2.1184403072768565,-0.6542207209531965,0.4711024467466738,0.5581043259384137
1.1513930573220963,-0.5923868013430855,-0.6299733851393696,0.29949877567562466,-0.1444381078535842,0.4711024467466738,0.5581043259384137
-1.3721036963659112,-0.9517500580765804,1.5964838557687837,-0.7398941579665655,-0.34835176483134134,-0.7429233604275371,0.1501055651555881
0.31022831392501166,1.1615361744511181,-0.7519071313324821,0.039651321810556917,-0.6542207209531965,1.538377881625101,-0.6658919564100632
1.1513930573220963,-0.9517500580765804,0.6556750528548918,-0.7398941579665655,-0.6542207209531965,-0.9430375044672422,0.5581043259384137
-0.683877997222842,1.427420427218831,-0.7519071313324821,0.11051824228613556,-0.6542207209531965,-0.32935412941214665,0.1501055651555881
1.1513930573220963,-0.9517500580765804,-0.7519071313324821,-0.7398941579665655,0.11045166935144125,-0.06253527069253983,0.5581043259384137
1.1513930573220963,-0.9517500580765804,0.8105806965080352,-0.7398941579665655,-0.6542207209531965,-0.46276355877195,0.5581043259384137
-0.3206458744969902,-0.9517500580765804,-0.7519071313324821,-0.7398941579665655,-0.6542207209531965,1.4049684522652977,0.5581043259384137
-1.1618131413908286,1.427420427218831,-0.7519071313324821,-0.4800467041014978,-0.6542207209531965,-0.06253527069253983,-0.6658919564100632
0.9411025023470135,1.427420427218831,-0.7519071313324821,2.1184403072768565,1.5702816123029024,-0.30267224354018596,0.1501055651555881
1.1513930573220963,-0.9517500580765804,-0.7519071313324821,-0.7398941579665655,1.5702816123029024,-0.5961729881317535,0.5581043259384137
0.7308094238751771,0.916549133993201,1.2275500752959254,0.039651321810556917,-0.6542207209531965,0.8713307348260839,0.5581043259384137
1.1513930573220963,0.5139813190705603,-0.7519071313324821,-0.22019613205451086,-0.3761583116323792,3.5395193220221515,-1.8898927267493963
0.09993523545317518,0.6547667061342373,-0.7519071313324821,0.039651321810556917,-0.39933094374817096,1.271559022905494,0.5581043259384137
0.004350225416980902,1.2642209299839047,-0.5606991277220995,0.3939890423703693,-0.6542207209531965,-0.14258092830842187,0.5581043259384137
0.5205188689000944,-0.3785595538796494,1.420535815549356,-0.22019613205451086,-0.6542207209531965,1.6717873109849044,0.5581043259384137
-0.11035531952190754,1.427420427218831,-0.7519071313324821,0.8191968015876794,-0.34835176483134134,0.4711024467466738,0.1501055651555881
-0.11035531952190754,0.7993999264860137,-0.7519071313324821,0.29949877567562466,-0.6542207209531965,-0.46276355877195,0.5581043259384137
0.31022831392501166,0.5352101225994479,-0.7519071313324821,0.29949877567562466,0.7360913256508896,0.33769301738687035,-0.25789319562723756
-1.1618131413908286,1.427420427218831,-0.7519071313324821,-0.4800467041014978,-0.6542207209531965,1.1381495935456907,-1.481889477975714
0.7308094238751771,0.31325189087945365,-0.7519071313324821,0.039651321810556917,-0.6542207209531965,-0.8629918468513602,0.5581043259384137
1.1513930573220963,0.9396390316997514,-0.7519071313324821,-0.22019613205451086,2.4044688402653542,-0.06253527069253983,0.5581043259384137
-1.1618131413908286,1.427420427218831,0.36969842538557607,-0.4800467041014978,-0.6542207209531965,-0.46276355877195,0.5581043259384137
1.1513930573220963,1.427420427218831,-0.7519071313324821,2.3782877611419244,0.11045166935144125,0.20428358802706698,0.5581043259384137
-1.1618131413908286,1.427420427218831,-0.7519071313324821,-0.4800467041014978,-0.6542207209531965,-0.8629918468513602,-1.8898927267493963
-1.3721036963659112,-0.9517500580765804,1.5964838557687837,-0.7398941579665655,-0.6542207209531965,1.0047401641858873,0.5581043259384137
-1.3721036963659112,-0.9517500580765804,1.5964838557687837,-0.7398941579665655,-0.6542207209531965,0.33769301738687035,0.5581043259384137
0.5205188689000944,1.1886723517342375,-0.7519071313324821,1.338894827499734,2.0221326451130355,1.4049684522652977,0.1501055651555881
0.9411025023470135,0.31792237682786006,0.7387944207118612,0.5593493477226117,-0.6542207209531965,0.7379213054662805,0.5581043259384137
-1.3721036963659112,-0.9517500580765804,1.5964838557687837,-0.7398941579665655,-0.6542207209531965,1.271559022905494,-2.705890248315047
1.1513930573220963,0.614165797504955,-0.7519071313324821,0.039651321810556917,-0.6542207209531965,-0.32935412941214665,0.5581043259384137
-0.11035531952190754,0.37778638958850236,-0.7519071313324821,-0.22019613205451086,-0.6542207209531965,0.33769301738687035,-1.6858911023625551
-1.3721036963659112,-0.9517500580765804,1.5964838557687837,-0.7398941579665655,0.11045166935144125,3.2727004633025447,-2.705890248315047
1.1513930573220963,-0.7606051874630896,-0.7519071313324821,-0.4800467041014978,1.6397964499607167,1.538377881625101,0.5581043259384137
-1.3721036963659112,-0.9517500580765804,1.5964838557687837,-0.7398941579665655,-0.6542207209531965,-0.8629918468513602,0.5581043259384137
-1.1618131413908286,1.427420427218831,-0.7519071313324821,-0.4800467041014978,0.875124059656079,0.33769301738687035,-2.297891487532222
1.1513930573220963,1.3832032033612576,-0.5978071291419687,2.3782877611419244,-0.6542207209531965,-0.06253527069253983,0.5581043259384137
-1.3721036963659112,-0.9517500580765804,1.5964838557687837,-0.7398941579665655,-0.6542207209531965,-0.9430375044672422,0.5581043259384137
-1.1618131413908286,1.427420427218831,-0.7519071313324821,-0.4800467041014978,-0.6542207209531965,0.6045118761064772,0.5581043259384137
-0.11035531952190754,-0.6752489822256681,-0.7519071313324821,-0.4800467041014978,2.4044688402653542,-0.46276355877195,-1.481889477975714
1.1513930573220963,0.38034317778785065,0.11082636596878317,-0.22019613205451086,-0.6542207209531965,-0.19594470005234324,0.5581043259384137
0.31022831392501166,-0.44406892192361647,-0.7519071313324821,-0.3934298467525021,-0.6542207209531965,2.4722438871437245,0.059439173870516004
1.1513930573220963,-0.9517500580765804,-0.7519071313324821,-0.7398941579665655,0.6202342824510535,-0.46276355877195,0.5581043259384137
0.5205188689000944,-0.9517500580765804,-0.7519071313324821,-0.7398941579665655,-0.1444381078535842,-0.9430375044672422,0.5581043259384137
1.1513930573220963,-0.8231133873160252,-0.7519071313324821,-0.4800467041014978,2.4044688402653542,1.4049684522652977,0.5581043259384137
1.1513930573220963,0.5152749952898436,1.3318362028268038,1.5987422813648018,-0.39933094374817096,2.872472175223135,0.5581043259384137
0.8710048095230681,0.06829897217383717,-0.7519071313324821,1.338894827499734,1.894686227165742,-0.06253527069253983,0.059439173870516004
1.1513930573220963,1.427420427218831,0.7038670546213518,2.3782877611419244,-0.6542207209531965,-0.7829461892354782,0.5581043259384137
-1.1618131413908286,1.427420427218831,0.493049949141327,-0.4800467041014978,-0.6542207209531965,-0.9964012762111636,0.5581043259384137
-0.5309389529688268,1.427420427218831,1.205596583786732,0.29949877567562466,-0.6542207209531965,-0.46276355877195,0.5581043259384137
-1.1618131413908286,1.427420427218831,-0.7519071313324821,-0.4800467041014978,-0.6542207209531965,-1.0631059908910654,0.5581043259384137
1.1513930573220963,-0.9517500580765804,-0.7519071313324821,-0.7398941579665655,2.149579063060329,-0.8629918468513602,0.5581043259384137
-1.3721036963659112,-0.9517500580765804,1.5964838557687837,-0.7398941579665655,-0.6542207209531965,-0.9430375044672422,-0.00289453113682849
-1.1618131413908286,1.427420427218831,-0.7519071313324821,-0.4800467041014978,-0.3761583116323792,1.0047401641858873,0.1501055651555881
-0.7412295079439094,1.427420427218831,-0.7519071313324821,0.039651321810556917,2.4044688402653542,0.4711024467466738,-1.0738907171928882
-1.3721036963659112,-0.9517500580765804,1.5964838557687837,-0.7398941579665655,-0.6542207209531965,0.33769301738687035,0.5581043259384137
-0.9515200629189922,1.427420427218831,-0.7519071313324821,-0.22019613205451086,-0.6542207209531965,-0.9430375044672422,-2.705890248315047
-0.5309389529688268,0.6662052782221811,-0.7519071313324821,0.039651321810556917,-0.3761583116323792,-0.06253527069253983,0.5581043259384137
1.1513930573220963,0.20714867184397928,0.12946719705782875,0.8191968015876794,-0.6542207209531965,0.4711024467466738,0.5581043259384137
-0.5309389529688268,1.427420427218831,-0.7519071313324821,0.29949877567562466,-0.6542207209531965,-0.8629918468513602,-1.481889477975714
-0.11035531952190754,1.2029922392400318,-0.7519071313324821,0.8191968015876794,-0.6542207209531965,-0.46276355877195,0.5581043259384137
-1.3721036963659112,-0.9517500580765804,1.5964838557687837,-0.7398941579665655,-0.6542207209531965,0.07087415866726357,0.5581043259384137
-1.3721036963659112,-0.9517500580765804,1.5964838557687837,-0.7398941579665655,0.875124059656079,0.33769301738687035,-2.297891487532222
1.1513930573220963,-0.21391057078615286,-0.7519071313324821,2.3782877611419244,0.6202342824510535,0.7379213054662805,0.5581043259384137
-0.5309389529688268,0.09792715837795428,-0.7519071313324821,0.039651321810556917,0.45802891633007253,-0.7295824174915568,-2.297891487532222
1.1513930573220963,-0.6229327333466309,-0.7259043413619962,0.039651321810556917,-0.6542207209531965,-0.06253527069253983,0.5581043259384137
-1.3721036963659112,-0.9517500580765804,1.5964838557687837,-0.7398941579665655,-0.6542207209531965,0.07087415866726357,0.5581043259384137
0.5205188689000944,0.12427350513464555,0.9741385095452919,1.079044255452747,-0.6542207209531965,0.20428358802706698,0.5581043259384137
-0.3206458744969902,-0.1366473223179722,-0.7519071313324821,-0.22019613205451086,0.875124059656079,-0.19594470005234324,-0.6658919564100632
-0.3206458744969902,-0.9517500580765804,-0.7519071313324821,-0.7398941579665655,1.0936031963243587,-0.19594470005234324,-1.481889477975714
0.09993523545317518,0.6481968691315343,1.162706621790727,0.8191968015876794,-0.6542207209531965,-0.8629918468513602,0.5581043259384137
-1.3721036963659112,-0.9517500580765804,1.5964838557687837,-0.7398941579665655,-0.6542207209531965,-0.7295824174915568,0.5581043259384137
0.09993523545317518,-0.9517500580765804,1.5266651002200724,-0.7398941579665655,-0.6542207209531965,-0.46276355877195,0.5581043259384137
-0.9515200629189922,1.427420427218831,-0.7519071313324821,-0.22019613205451086,-0.6542207209531965,-0.19594470005234324,-3.5218877698806983
-0.9515200629189922,1.427420427218831,1.1852869566961173,-0.22019613205451086,-0.6542207209531965,0.6045118761064772,0.5581043259384137
0.7308094238751771,-0.2705382982774594,-0.7519071313324821,-0.4800467041014978,1.7247607285922455,-0.46276355877195,0.1501055651555881
1.1513930573220963,-0.9517500580765804,-0.7519071313324821,-0.7398941579665655,0.6202342824510535,0.6045118761064772,0.5581043259384137
1.1513930573220963,0.39112818854778936,-0.7519071313324821,-0.22019613205451086,-0.6542207209531965,0.33769301738687035,0.5581043259384137
-1.1426951299848882,1.427420427218831,1.3963995234158089,-0.4564233578823318,-0.6542207209531965,-0.32935412941214665,0.5581043259384137
-0.5309389529688268,1.427420427218831,-0.7519071313324821,0.29949877567562466,-0.6542207209531965,-0.32935412941214665,0.5581043259384137
-0.11035531952190754,0.22165035133782307,0.3971375417292463,-0.4800467041014978,-0.34835176483134134,-0.32935412941214665,0.1501055651555881
0.09993523545317518,-0.9517500580765804,0.9860437582897296,-0.7398941579665655,0.11045166935144125,0.7379213054662805,0.5581043259384137
-1.3721036963659112,-0.9517500580765804,1.5964838557687837,-0.7398941579665655,-0.6542207209531965,1.1381495935456907,0.5581043259384137
-0.11035531952190754,-0.9517500580765804,-0.7519071313324821,-0.7398941579665655,-0.6542207209531965,1.6717873109849044,0.5581043259384137
-1.3721036963659112,-0.9517500580765804,1.5964838557687837,-0.7398941579665655,-0.6542207209531965,0.6045118761064772,0.5581043259384137
-0.3206458744969902,-0.792428777515397,-0.7519071313324821,-0.4800467041014978,-0.39933094374817096,-0.9964012762111636,0.5581043259384137
-1.3721036963659112,-0.9517500580765804,1.5964838557687837,-0.7398941579665655,-0.6542207209531965,0.33769301738687035,0.5581043259384137
0.5205188689000944,-0.9517500580765804,1.4905825427334705,-0.7398941579665655,-0.6542207209531965,0.33769301738687035,0.5581043259384137
-1.1618131413908286,1.427420427218831,-0.7519071313324821,-0.4800467041014978,-0.6542207209531965,0.07087415866726357,0.5581043259384137
0.31022831392501166,-0.9517500580765804,-0.7519071313324821,-0.7398941579665655,2.4044688402653542,0.07087415866726357,-0.9378911302652799
-0.8674043456283098,-0.9517500580765804,-0.7519071313324821,-0.7398941579665655,-0.34835176483134134,2.2054250284241177,0.10930524027822004
0.5205188689000944,-0.8095365504239533,-0.7519071313324821,0.039651321810556917,1.3849066727556911,2.605653316503528,-0.25789319562723756
-1.3721036963659112,-0.9517500580765804,1.5964838557687837,-0.7398941579665655,-0.6542207209531965,0.7379213054662805,0.5581043259384137
-0.7412295079439094,-0.9517500580765804,-0.7519071313324821,-0.7398941579665655,-0.6542207209531965,1.0047401641858873,0.5581043259384137
-0.3206458744969902,0.39918339792818025,0.3330188229608959,-0.4800467041014978,-0.6542207209531965,0.7379213054662805,-1.0738907171928882
1.1513930573220963,-0.38761685022302933,-0.7519071313324821,1.079044255452747,-0.6542207209531965,0.07087415866726357,0.5581043259384137
0.69257592456005,1.427420427218831,-0.5636526682682061,1.811346160973457,-0.3761583116323792,-0.19594470005234324,0.1501055651555881
-1.1618131413908286,1.427420427218831,-0.7519071313324821,-0.4800467041014978,-0.6542207209531965,-0.9430375044672422,-2.705890248315047
0.9411025023470135,-0.9517500580765804,-0.7519071313324821,-0.7398941579665655,1.5702816123029024,1.4049684522652977,0.5581043259384137
-1.1618131413908286,1.427420427218831,-0.7519071313324821,-0.4800467041014978,-0.39933094374817096,-0.8629918468513602,0.5581043259384137
-1.3721036963659112,-0.9517500580765804,1.5964838557687837,-0.7398941579665655,-0.6542207209531965,-0.9430375044672422,0.5581043259384137
-1.3721036963659112,-0.9517500580765804,1.5964838557687837,-0.7398941579665655,0.45802891633007253,0.20428358802706698,-1.0738907171928882
-1.3721036963659112,-0.9517500580765804,1.5964838557687837,-0.7398941579665655,-0.6542207209531965,0.4711024467466738,0.5581043259384137
0.7308094238751771,0.4006137050954654,0.20538185990646046,-0.22019613205451086,-0.6542207209531965,0.20428358802706698,0.5581043259384137
1.1513930573220963,0.9272256283213977,-0.7519071313324821,1.8585897352298697,0.11045166935144125,0.6045118761064772,0.5581043259384137
0.5205188689000944,-0.3003499977553572,-0.7519071313324821,-0.22019613205451086,-0.6542207209531965,0.7379213054662805,0.5581043259384137
0.7308094238751771,-0.21209299506290186,-0.7519071313324821,1.8585897352298697,-0.6542207209531965,-0.06253527069253983,0.5581043259384137
-1.1618131413908286,1.427420427218831,-0.7519071313324821,-0.4800467041014978,-0.6542207209531965,-0.5961729881317535,-1.8898927267493963
-1.3721036963659112,-0.9517500580765804,1.5964838557687837,-0.7398941579665655,-0.6542207209531965,2.872472175223135,0.5581043259384137
1.1513930573220963,0.5893238127036494,0.5000581769984765,0.8191968015876794,-0.6542207209531965,0.7646031913382413,0.5581043259384137
1.1513930573220963,0.485798153040099,-0.7519071313324821,2.3782877611419244,2.4044688402653542,0.7379213054662805,0.5581043259384137
0.31022831392501166,1.0743278113549057,-0.7519071313324821,0.5593493477226117,-0.6542207209531965,-0.06253527069253983,0.5581043259384137
0.6466937065844949,0.3005977760250902,-0.6226356353340615,-0.11625777414486754,-0.6542207209531965,-0.5961729881317535,0.5581043259384137
0.5205188689000944,-0.9517500580765804,-0.7519071313324821,-0.7398941579665655,1.5305584109713573,0.4711024467466738,-0.25789319562723756
1.1513930573220963,1.427420427218831,-0.7519071313324821,2.3782877611419244,2.4044688402653542,-0.8629918468513602,0.5581043259384137
-0.9515200629189922,1.427420427218831,-0.7519071313324821,-0.22019613205451086,-0.6542207209531965,0.33769301738687035,-3.1138890090978726
0.9411025023470135,-0.9517500580765804,-0.7519071313324821,-0.7398941579665655,0.3653414465564667,-0.46276355877195,0.5581043259384137
0.5205188689000944,-0.9517500580765804,-0.7519071313324821,-0.7398941579665655,-0.2172655063061979,-0.46276355877195,-0.6658919564100632
0.09993523545317518,1.427420427218831,-0.5589457151940574,1.079044255452747,-0.1444381078535842,-0.46276355877195,0.5581043259384137
-1.3721036963659112,-0.9517500580765804,1.5964838557687837,-0.7398941579665655,-0.6542207209531965,0.7379213054662805,0.5581043259384137
-0.5309389529688268,-0.9517500580765804,-0.7519071313324821,-0.7398941579665655,-0.6542207209531965,-0.19594470005234324,-1.0738907171928882
-0.5309389529688268,-0.1586932296447767,-0.7519071313324821,-0.4800467041014978,2.4044688402653542,0.33769301738687035,-1.8898927267493963
-1.1618131413908286,1.427420427218831,-0.7519071313324821,-0.4800467041014978,0.875124059656079,0.20428358802706698,-3.1138890090978726
1.1513930573220963,0.08543197416324759,-0.7519071313324821,0.039651321810556917,0.11045166935144125,-0.9964012762111636,0.5581043259384137
-0.5309389529688268,1.427420427218831,-0.7519071313324821,0.29949877567562466,-0.39933094374817096,-0.5961729881317535,0.5581043259384137
-1.1618131413908286,1.427420427218831,-0.7519071313324821,-0.4800467041014978,-0.6542207209531965,0.6045118761064772,-2.705890248315047
-1.3721036963659112,-0.9517500580765804,1.5964838557687837,-0.7398941579665655,-0.2718845258008776,-0.46276355877195,0.1501055651555881
1.1513930573220963,0.9814933939265927,-0.7519071313324821,2.3782877611419244,2.4044688402653542,1.4049684522652977,0.5581043259384137
0.31022831392501166,-0.9517500580765804,-0.7519071313324821,-0.7398941579665655,1.894686227165742,-0.5961729881317535,-0.6658919564100632
-1.3721036963659112,-0.9517500580765804,1.5964838557687837,-0.7398941579665655,-0.6542207209531965,-0.46276355877195,0.5581043259384137
-1.1426951299848882,1.427420427218831,1.2115145257388793,-0.4564233578823318,-0.34835176483134134,0.07087415866726357,0.1501055651555881
-1.3721036963659112,-0.9517500580765804,1.5964838557687837,-0.7398941579665655,0.21968970834080065,0.33769301738687035,-1.481889477975714
1.1513930573220963,1.3470255856892133,-0.6988594684425138,2.1184403072768565,2.4044688402653542,1.1381495935456907,0.5581043259384137
1.1513930573220963,-0.9517500580765804,-0.7519071313324821,-0.7398941579665655,-0.39933094374817096,-0.5961729881317535,0.5581043259384137
-0.11035531952190754,0.8443233236159943,0.5820228558315832,0.29949877567562466,-0.04248280870948625,-0.8629918468513602,0.5581043259384137
0.31022831392501166,0.7753146779331339,-0.7519071313324821,0.29949877567562466,-0.6542207209531965,-0.06253527069253983,0.5581043259384137
1.1513930573220963,0.7003496019128794,-0.7519071313324821,2.3782877611419244,2.4044688402653542,3.5395193220221515,0.5581043259384137
-1.3721036963659112,-0.9517500580765804,1.5964838557687837,-0.7398941579665655,-0.6542207209531965,-0.46276355877195,-1.6858911023625551
-0.5309389529688268,0.18827098829714262,1.168305106429197,0.039651321810556917,1.3849066727556911,0.6045118761064772,0.5581043259384137
0.7308094238751771,1.427420427218831,0.174030756484273,1.8585897352298697,2.0985998841434994,0.33769301738687035,0.5581043259384137
-0.7412295079439094,-0.9517500580765804,-0.7519071313324821,-0.7398941579665655,-0.6542207209531965,-0.46276355877195,0.5581043259384137
-0.3206458744969902,1.427420427218831,1.4021611866802617,0.5593493477226117,-0.6542207209531965,2.2054250284241177,0.5581043259384137
0.7308094238751771,-0.9517500580765804,-0.7519071313324821,-0.7398941579665655,-0.04248280870948625,-0.32935412941214665,-0.25789319562723756
0.7308094238751771,0.9018923998961123,-0.7519071313324821,1.079044255452747,-0.2718845258008776,-0.32935412941214665,0.1501055651555881
0.5205188689000944,1.0602458081026052,-0.7519071313324821,0.8191968015876794,1.5305584109713573,0.7379213054662805,0.1501055651555881
0.5205188689000944,0.5206472709863019,-0.7519071313324821,0.8191968015876794,-0.6542207209531965,1.271559022905494,-0.25789319562723756
-0.11035531952190754,1.1634592047378312,-0.7519071313324821,0.039651321810556917,-0.6542207209531965,1.4049684522652977,0.5581043259384137
1.1513930573220963,-0.9517500580765804,-0.7519071313324821,-0.7398941579665655,2.4044688402653542,-0.5961729881317535,0.5581043259384137
0.7308094238751771,1.2363720426741955,-0.7519071313324821,1.8585897352298697,-0.6542207209531965,0.6045118761064772,0.5581043259384137
-1.1618131413908286,-0.9517500580765804,-0.7519071313324821,-0.7398941579665655,2.4044688402653542,-0.19594470005234324,-3.5218877698806983
-0.8674043456283098,1.427420427218831,-0.7519071313324821,-0.11625777414486754,-0.6542207209531965,1.4049684522652977,-2.5834892736829427
1.1513930573220963,-0.9517500580765804,-0.7519071313324821,-0.7398941579665655,-0.6542207209531965,0.07087415866726357,0.5581043259384137
1.1513930573220963,-0.9517500580765804,-0.3373661205856333,-0.7398941579665655,-0.6542207209531965,-0.8629918468513602,0.5581043259384137
-0.5309389529688268,1.427420427218831,-0.7519071313324821,0.29949877567562466,-0.6542207209531965,0.4711024467466738,0.5581043259384137
-0.5309389529688268,0.8434336607055539,1.4880773822076807,0.039651321810556917,-0.39933094374817096,0.6045118761064772,0.5581043259384137
-1.1197540209971106,1.427420427218831,-0.7519071313324821,-0.4280759660557166,-0.6542207209531965,-0.9430375044672422,-3.032288359343136
-1.1618131413908286,1.427420427218831,-0.7519071313324821,-0.4800467041014978,-0.6542207209531965,-0.8629918468513602,-3.1138890090978726
0.7308094238751771,1.2829699871767835,-0.7519071313324821,1.8585897352298697,2.4044688402653542,1.1381495935456907,0.5581043259384137
0.9411025023470135,0.902874432898031,-0.7519071313324821,1.5987422813648018,2.0221326451130355,-0.06253527069253983,0.5581043259384137
0.09993523545317518,-0.9517500580765804,0.2934351836802449,-0.7398941579665655,-0.6542207209531965,0.33769301738687035,0.5581043259384137
-0.9515200629189922,1.427420427218831,-0.7519071313324821,-0.22019613205451086,-0.6542207209531965,1.271559022905494,-3.1138890090978726
-1.3721036963659112,-0.9517500580765804,1.5964838557687837,-0.7398941579665655,-0.1444381078535842,-0.06253527069253983,0.5581043259384137
1.1513930573220963,0.8192836573734148,-0.7519071313324821,2.3782877611419244,2.4044688402653542,1.9386061697045112,0.5581043259384137
-0.9515200629189922,-0.06928826179976151,-0.7519071313324821,-0.4800467041014978,2.4044688402653542,-0.5374728392134399,-2.705890248315047
0.9411025023470135,1.427420427218831,-0.7519071313324821,2.1184403072768565,2.4044688402653542,0.33769301738687035,0.1501055651555881
1.1513930573220963,1.427420427218831,-0.7519071313324821,2.3782877611419244,2.4044688402653542,1.4049684522652977,0.5581043259384137
-1.3721036963659112,-0.9517500580765804,1.5964838557687837,-0.7398941579665655,2.4044688402653542,0.07087415866726357,-2.705890248315047
-0.3206458744969902,-0.9517500580765804,-0.7519071313324821,-0.7398941579665655,-0.04248280870948625,0.33769301738687035,-2.705890248315047
0.8359559631110953,-0.9517500580765804,-0.7519071313324821,-0.7398941579665655,1.894686227165742,-0.19594470005234324,-0.5638933882120707
0.09993523545317518,1.427420427218831,0.7923861921149588,1.079044255452747,-0.6542207209531965,1.1381495935456907,0.5581043259384137
1.1513930573220963,1.0026987111496921,-0.7519071313324821,2.3782877611419244,2.4044688402653542,1.538377881625101,0.5581043259384137
-1.3721036963659112,-0.9517500580765804,1.5964838557687837,-0.7398941579665655,-0.6542207209531965,1.8051967403447078,0.5581043259384137
1.1513930573220963,-0.9517500580765804,-0.7519071313324821,-0.7398941579665655,-0.6542207209531965,-0.9430375044672422,0.5581043259384137
1.1513930573220963,1.0016432974290659,-0.05486995514888692,0.8191968015876794,-0.6542207209531965,-0.6762186457476355,0.5581043259384137
-0.3206458744969902,-0.04808082299601726,-0.7519071313324821,0.039651321810556917,-0.314366665116642,0.20428358802706698,-0.25789319562723756
1.1513930573220963,-0.9517500580765804,-0.7519071313324821,-0.7398941579665655,1.6397964499607167,-0.8629918468513602,0.5581043259384137
-1.3721036963659112,-0.9517500580765804,1.5964838557687837,-0.7398941579665655,-0.6542207209531965,0.33769301738687035,0.5581043259384137
-1.1197540209971106,1.427420427218831,-0.7519071313324821,-0.4280759660557166,-0.6542207209531965,-0.8629918468513602,-2.5834892736829427
1.1513930573220963,0.17756376931440734,-0.7519071313324821,1.079044255452747,1.1300138368611043,0.6045118761064772,0.5581043259384137
1.1513930573220963,0.3275107418739664,-0.7519071313324821,2.1184403072768565,-0.6542207209531965,-0.5961729881317535,0.5581043259384137
1.1513930573220963,0.39458474567850566,0.20230765761828423,1.8585897352298697,-0.6542207209531965,0.33769301738687035,0.5581043259384137
-1.091715448566883,-0.9517500580765804,-0.7519071313324821,-0.7398941579665655,-0.6542207209531965,-0.5961729881317535,0.059439173870516004
-1.3721036963659112,-0.9517500580765804,1.5964838557687837,-0.7398941579665655,-0.39933094374817096,-0.06253527069253983,0.5581043259384137
-1.3721036963659112,-0.9517500580765804,1.5964838557687837,-0.7398941579665655,-0.6542207209531965,-0.8629918468513602,0.5581043259384137
-0.11035531952190754,-0.9517500580765804,-0.7519071313324821,-0.7398941579665655,1.6397964499607167,-0.19594470005234324,-1.481889477975714
1.1513930573220963,-0.344818811827751,-0.7519071313324821,-0.4800467041014978,0.26338614741236877,-0.32935412941214665,0.5581043259384137
1.1513930573220963,0.2008532186236867,-0.7519071313324821,0.8191968015876794,-0.6542207209531965,0.6045118761064772,0.5581043259384137
-0.11035531952190754,1.3664386082488436,0.973490743124786,0.29949877567562466,-0.6542207209531965,1.1381495935456907,0.5581043259384137
0.09993523545317518,-0.4099349171945283,-0.7519071313324821,-0.4800467041014978,2.4044688402653542,-0.06253527069253983,-0.6658919564100632
-1.1618131413908286,1.427420427218831,-0.7519071313324821,-0.4800467041014978,-0.6542207209531965,-0.5961729881317535,0.5581043259384137
-0.9515200629189922,1.427420427218831,-0.7519071313324821,-0.22019613205451086,-0.6542207209531965,1.1381495935456907,-2.705890248315047
0.31022831392501166,1.427420427218831,0.348323202984461,1.338894827499734,-0.39933094374817096,-0.5961729881317535,0.5581043259384137
1.1513930573220963,0.5065961697814579,-0.7519071313324821,2.3782877611419244,2.4044688402653542,3.5395193220221515,0.5581043259384137
1.1513930573220963,-0.6889210781582318,-0.17704187729439907,-0.22019613205451086,0.875124059656079,0.07087415866726357,0.5581043259384137
1.1513930573220963,-0.9517500580765804,0.29825952085046925,-0.7398941579665655,0.3653414465564667,0.6045118761064772,0.1501055651555881
-1.3721036963659112,-0.9517500580765804,1.5964838557687837,-0.7398941579665655,-0.6542207209531965,-0.46276355877195,0.5581043259384137
-0.9515200629189922,1.427420427218831,-0.7519071313324821,-0.22019613205451086,-0.6542207209531965,-0.9430375044672422,-1.6858911023625551
-1.1618131413908286,-0.9517500580765804,-0.7519071313324821,-0.7398941579665655,-0.6542207209531965,2.3388344577839213,0.5581043259384137
0.9411025023470135,1.427420427218831,-0.7519071313324821,2.1184403072768565,2.149579063060329,3.1392910339427416,0.5581043259384137
1.1513930573220963,1.427420427218831,1.046140971060644,2.3782877611419244,-0.6542207209531965,2.605653316503528,0.5581043259384137
1.1513930573220963,-0.9517500580765804,-0.7519071313324821,-0.7398941579665655,0.3653414465564667,-0.46276355877195,0.5581043259384137
-0.6150546702595091,1.427420427218831,-0.054375590159821505,0.19556041776598138,2.4044688402653542,3.005881604582938,-1.6858911023625551
1.1513930573220963,0.18120121109193765,-0.7519071313324821,-0.22019613205451086,-0.39933094374817096,0.6978984766583395,-2.705890248315047
1.1513930573220963,1.0646417372951682,-0.7519071313324821,1.8585897352298697,-0.6542207209531965,0.6045118761064772,0.5581043259384137
0.9411025023470135,-0.9517500580765804,-0.7519071313324821,-0.7398941579665655,-0.09809590231156196,0.07087415866726357,0.5581043259384137
1.1513930573220963,0.5537663204780717,-0.7519071313324821,2.3782877611419244,1.6397964499607167,0.07087415866726357,0.5581043259384137
-0.6150546702595091,-0.9517500580765804,-0.7519071313324821,-0.7398941579665655,2.4044688402653542,-0.06253527069253983,-2.134690188022749
1.1513930573220963,0.01312657114345809,-0.7519071313324821,0.29949877567562466,-0.39933094374817096,0.7379213054662805,0.5581043259384137
-0.11035531952190754,-0.27026186633029853,-0.7519071313324821,0.039651321810556917,-0.34835176483134134,-0.19594470005234324,-0.6658919564100632
0.7308094238751771,0.7764765401831785,-0.7519071313324821,0.29949877567562466,-0.6542207209531965,-0.5961729881317535,0.5581043259384137
-1.3721036963659112,-0.9517500580765804,1.5964838557687837,-0.7398941579665655,-0.6542207209531965,-0.5961729881317535,0.5581043259384137
0.004350225416980902,1.427420427218831,-0.7519071313324821,0.9609337607207559,2.4044688402653542,-0.7029005316195962,-0.6658919564100632
-0.5309389529688268,0.2664847940521085,-0.7519071313324821,-0.4800467041014978,-0.6542207209531965,-0.19594470005234324,0.5581043259384137
-0.9515200629189922,1.427420427218831,1.4322204099432327,-0.22019613205451086,-0.6542207209531965,1.0047401641858873,0.5581043259384137
-1.1618131413908286,1.427420427218831,-0.7519071313324821,-0.4800467041014978,-0.6542207209531965,-1.1831744773148885,-1.8898927267493963
0.5205188689000944,-0.14290318455022644,-0.7519071313324821,-0.4800467041014978,-0.6542207209531965,1.538377881625101,0.5581043259384137
1.1513930573220963,0.5779336787239842,-0.6051761246304255,2.3782877611419244,1.894686227165742,2.605653316503528,0.5581043259384137
0.9411025023470135,1.427420427218831,-0.7519071313324821,2.1184403072768565,2.4044688402653542,0.07087415866726357,0.5581043259384137
1.1513930573220963,1.188970061822038,-0.7519071313324821,1.338894827499734,-0.6542207209531965,1.6717873109849044,0.5581043259384137
-0.9515200629189922,1.427420427218831,-0.7519071313324821,-0.22019613205451086,-0.39933094374817096,0.33769301738687035,0.5581043259384137
1.1513930573220963,1.3798692696024362,-0.7519071313324821,2.3782877611419244,2.0985998841434994,2.605653316503528,0.5581043259384137
0.09993523545317518,1.427420427218831,0.5555080680059424,1.079044255452747,-0.6542207209531965,0.7379213054662805,0.5581043259384137
-1.1618131413908286,1.427420427218831,-0.7519071313324821,-0.4800467041014978,-0.6542207209531965,-0.26264941473224496,-2.705890248315047
-0.5309389529688268,1.0621636995833648,-0.7519071313324821,0.039651321810556917,0.3653414465564667,-0.7829461892354782,-2.297891487532222
1.1513930573220963,0.1721621065267922,1.2144017603822956,-0.22019613205451086,-0.6542207209531965,-0.32935412941214665,0.5581043259384137
0.31022831392501166,1.427420427218831,-0.7519071313324821,1.338894827499734,2.4044688402653542,1.6717873109849044,-0.9378911302652799
1.1513930573220963,0.6758461036470738,-0.7519071313324821,2.3782877611419244,2.4044688402653542,3.005881604582938,0.5581043259384137
0.5205188689000944,1.427420427218831,-0.7519071313324821,1.5987422813648018,2.4044688402653542,0.33769301738687035,0.1501055651555881
0.5205188689000944,1.1529550371660413,-0.2133174019433024,1.079044255452747,-0.6542207209531965,0.7379213054662805,0.5581043259384137
-1.3721036963659112,-0.9517500580765804,1.5964838557687837,-0.7398941579665655,-0.1444381078535842,0.33769301738687035,0.5581043259384137
0.7308094238751771,0.8662663936101754,-0.7519071313324821,1.8585897352298697,1.6397964499607167,3.005881604582938,0.5581043259384137
-0.7412295079439094,0.7316000378185981,-0.7519071313324821,-0.22019613205451086,-0.6542207209531965,1.8051967403447078,-2.297891487532222
-1.3721036963659112,-0.9517500580765804,1.5964838557687837,-0.7398941579665655,-0.39933094374817096,-0.9430375044672422,0.5581043259384137
1.1513930573220963,0.44003218673383626,-0.2753045618580814,1.338894827499734,-0.6542207209531965,1.0047401641858873,0.5581043259384137
-0.11035531952190754,1.427420427218831,-0.7519071313324821,0.8191968015876794,1.0141567936612683,2.2054250284241177,-1.0738907171928882
1.1513930573220963,0.8254633947073738,-0.7519071313324821,0.8191968015876794,-0.6542207209531965,1.1381495935456907,0.5581043259384137
-1.3721036963659112,-0.9517500580765804,1.5964838557687837,-0.7398941579665655,-0.6542207209531965,-0.32935412941214665,0.5581043259384137
-0.3206458744969902,1.22386376566986,-0.7519071313324821,0.29949877567562466,-0.6542207209531965,-0.8096280751074388,0.5581043259384137
0.9411025023470135,-0.9517500580765804,1.0226442255881818,-0.7398941579665655,-0.6542207209531965,2.2054250284241177,0.5581043259384137
-1.3721036963659112,-0.9517500580765804,1.5964838557687837,-0.7398941579665655,-0.39933094374817096,-0.8629918468513602,0.5581043259384137
1.1513930573220963,1.427420427218831,-0.7519071313324821,2.3782877611419244,-0.6542207209531965,0.6045118761064772,0.5581043259384137
0.9411025023470135,1.427420427218831,-0.7519071313324821,2.1184403072768565,-0.04248280870948625,0.33769301738687035,0.5581043259384137
-0.11035531952190754,1.427420427218831,0.5734974124916683,0.8191968015876794,0.11045166935144125,-0.5961729881317535,0.5581043259384137
-0.7412295079439094,-0.9517500580765804,-0.7519071313324821,-0.7398941579665655,2.4044688402653542,0.07087415866726357,-2.705890248315047
1.1513930573220963,0.8236109172122125,-0.7519071313324821,2.3782877611419244,-0.6542207209531965,-0.9430375044672422,0.5581043259384137
1.1513930573220963,0.8633929414806947,-0.7519071313324821,0.039651321810556917,-0.6542207209531965,1.271559022905494,0.5581043259384137
-1.3721036963659112,-0.9517500580765804,1.5964838557687837,-0.7398941579665655,-0.6542207209531965,0.33769301738687035,0.5581043259384137
0.7308094238751771,-0.11214791853566239,-0.7519071313324821,1.5987422813648018,-0.3761583116323792,-0.19594470005234324,-0.25789319562723756
1.1513930573220963,0.4621422822122478,-0.7519071313324821,0.8191968015876794,-0.39933094374817096,-0.46276355877195,0.5581043259384137
-1.1426951299848882,1.427420427218831,1.4330862105029092,-0.4564233578823318,-0.6542207209531965,2.4722438871437245,0.5581043259384137
1.1513930573220963,-0.9517500580765804,1.3989083235694717,-0.7398941579665655,-0.6542207209531965,1.6717873109849044,0.5581043259384137
-0.5309389529688268,-0.9517500580765804,-0.7519071313324821,-0.7398941579665655,0.45802891633007253,-0.9964012762111636,-2.297891487532222
1.1513930573220963,0.1146685182125111,-0.6824516074715478,2.3782877611419244,2.4044688402653542,-0.46276355877195,0.5581043259384137
0.31022831392501166,-0.9517500580765804,-0.7519071313324821,-0.7398941579665655,1.3849066727556911,0.33769301738687035,-0.6658919564100632
1.1513930573220963,-0.9040751124751173,-0.7519071313324821,-0.4800467041014978,1.8483440216237197,-0.8629918468513602,0.1501055651555881
-0.7412295079439094,1.427420427218831,1.511952442337748,0.039651321810556917,-0.6542207209531965,1.9386061697045112,0.5581043259384137
1.1513930573220963,1.1704237338224799,-0.7519071313324821,2.3782877611419244,-0.6542207209531965,0.7379213054662805,0.5581043259384137
1.1513930573220963,0.027290883818551385,-0.7519071313324821,2.3782877611419244,-0.39933094374817096,0.7379213054662805,0.5581043259384137
-0.11035531952190754,1.427420427218831,-0.7519071313324821,0.8191968015876794,-0.04248280870948625,0.33769301738687035,-0.25789319562723756
-1.3721036963659112,-0.9517500580765804,1.5964838557687837,-0.7398941579665655,-0.6542207209531965,1.6717873109849044,0.5581043259384137
0.5205188689000944,-0.359101078520126,0.4714800870210303,-0.4800467041014978,-0.6542207209531965,-0.8096280751074388,0.5581043259384137
-0.3206458744969902,0.921790267156049,-0.7519071313324821,0.039651321810556917,0.26338614741236877,0.7379213054662805,0.5581043259384137
-1.3721036963659112,-0.9517500580765804,1.5964838557687837,-0.7398941579665655,0.45802891633007253,-0.32935412941214665,-0.6658919564100632
1.1513930573220963,0.3913133020457796,-0.0320701870606573,0.8191968015876794,-0.39933094374817096,2.0720155990643145,0.5581043259384137
0.09993523545317518,1.427420427218831,-0.7194279356573097,1.079044255452747,2.4044688402653542,3.1392910339427416,-0.6658919564100632
1.1513930573220963,-0.15014275171020197,-0.7519071313324821,-0.4800467041014978,-0.1444381078535842,-0.9430375044672422,0.5581043259384137
-0.7412295079439094,1.427420427218831,-0.7519071313324821,0.039651321810556917,0.11045166935144125,0.6045118761064772,-1.0738907171928882
-0.5309389529688268,-0.9517500580765804,-0.7519071313324821,-0.7398941579665655,-0.09809590231156196,-0.46276355877195,-2.297891487532222
1.1513930573220963,1.0543482580751624,0.12723558144039898,1.338894827499734,-0.6542207209531965,1.8051967403447078,0.5581043259384137
1.1513930573220963,0.32149085705694247,-0.7519071313324821,0.5593493477226117,2.4044688402653542,1.4049684522652977,0.5581043259384137
1.1513930573220963,0.737592070256456,-0.7519071313324821,2.3782877611419244,-0.6542207209531965,0.6045118761064772,0.5581043259384137
1.1513930573220963,0.9959699878030036,0.33565014490685874,2.3782877611419244,1.894686227165742,3.005881604582938,0.5581043259384137
-0.3206458744969902,-0.9517500580765804,-0.7519071313324821,-0.7398941579665655,-0.34835176483134134,-0.19594470005234324,-1.8898927267493963
1.1513930573220963,-0.9517500580765804,-0.7519071313324821,-0.7398941579665655,-0.39933094374817096,-0.9964012762111636,0.5581043259384137
0.7308094238751771,-0.9517500580765804,1.411500041455768,-0.7398941579665655,-0.6542207209531965,1.1381495935456907,0.5581043259384137
0.7308094238751771,0.8318493650380456,-0.7519071313324821,-0.22019613205451086,-0.6542207209531965,-0.06253527069253983,0.5581043259384137
0.9411025023470135,1.1135925727787368,-0.7519071313324821,2.1184403072768565,2.126406430944537,1.9386061697045112,0.5581043259384137
1.1513930573220963,1.427420427218831,-0.7519071313324821,2.3782877611419244,0.45802891633007253,1.0047401641858873,0.5581043259384137
-0.36270499489070823,-0.9517500580765804,-0.7519071313324821,-0.7398941579665655,-0.6542207209531965,-0.19594470005234324,0.10930524027822004
-0.3206458744969902,1.427420427218831,-0.7519071313324821,0.5593493477226117,-0.6542207209531965,1.0047401641858873,0.5581043259384137
0.7308094238751771,0.5091440995609529,-0.3034661710084535,-0.22019613205451086,-0.3761583116323792,0.4711024467466738,0.1501055651555881
-0.7412295079439094,1.427420427218831,-0.7519071313324821,0.039651321810556917,1.3849066727556911,0.33769301738687035,-2.297891487532222
-0.5309389529688268,0.3756315684532899,-0.38999773595764425,-0.22019613205451086,-0.09809590231156196,-0.5961729881317535,-2.297891487532222
-0.3206458744969902,1.427420427218831,-0.7519071313324821,0.5593493477226117,2.4044688402653542,3.1392910339427416,-1.0738907171928882
-0.11035531952190754,-0.9517500580765804,-0.7519071313324821,-0.7398941579665655,-0.6542207209531965,1.0047401641858873,0.5581043259384137
0.31022831392501166,-0.9517500580765804,-0.7519071313324821,-0.7398941579665655,-0.6542207209531965,0.6045118761064772,0.5581043259384137
0.5205188689000944,-0.22060181605397872,-0.7519071313324821,-0.22019613205451086,-0.6542207209531965,2.872472175223135,0.5581043259384137
1.1513930573220963,0.24545053641756892,-0.1401745864126798,-0.4800467041014978,-0.6542207209531965,0.4711024467466738,0.5581043259384137
-0.9515200629189922,1.427420427218831,0.28851104324377347,-0.22019613205451086,-0.6542207209531965,-0.6495367598756748,0.5581043259384137
0.31022831392501166,1.3422825072747169,-0.7519071313324821,1.079044255452747,-0.1444381078535842,-0.19594470005234324,0.5581043259384137
-1.3721036963659112,-0.9517500580765804,1.5964838557687837,-0.7398941579665655,2.4044688402653542,-0.46276355877195,-1.3653184034663355
-1.1618131413908286,1.427420427218831,0.2870512180887776,-0.4800467041014978,-0.6542207209531965,-0.46276355877195,-2.705890248315047
1.1513930573220963,-0.9517500580765804,-0.7519071313324821,-0.7398941579665655,2.4044688402653542,-0.5961729881317535,0.5581043259384137
-1.3721036963659112,-0.9517500580765804,1.5964838557687837,-0.7398941579665655,-0.6542207209531965,-0.8629918468513602,0.5581043259384137
0.004350225416980902,1.427420427218831,0.25171815064787734,0.9609337607207559,-0.34835176483134134,-0.46276355877195,0.5581043259384137
-0.5309389529688268,1.186613697937919,-0.7519071313324821,0.039651321810556917,-0.6542207209531965,-0.19594470005234324,0.5581043259384137
1.1513930573220963,1.0568923187349994,-0.7519071313324821,2.3782877611419244,-0.6542207209531965,0.4711024467466738,0.5581043259384137
0.9411025023470135,0.27552445094263817,-0.7519071313324821,1.079044255452747,-0.6542207209531965,-0.46276355877195,0.5581043259384137
1.1513930573220963,1.042358325765409,-0.7519071313324821,2.3782877611419244,0.17996650700925526,-0.46276355877195,0.5581043259384137
1.1513930573220963,0.9841354560929032,-0.7519071313324821,0.5593493477226117,1.894686227165742,1.9386061697045112,0.5581043259384137
-0.5309389529688268,1.427420427218831,1.24649423669771,0.29949877567562466,-0.3761583116323792,-0.5694911022597927,0.5581043259384137
-1.3721036963659112,-0.9517500580765804,1.5964838557687837,-0.7398941579665655,-0.2718845258008776,-0.9964012762111636,-0.25789319562723756
0.09993523545317518,1.427420427218831,-0.7519071313324821,1.079044255452747,-0.6542207209531965,0.07087415866726357,0.5581043259384137
0.9411025023470135,-0.9517500580765804,-0.7519071313324821,-0.7398941579665655,0.45802891633007253,-0.7295824174915568,0.5581043259384137
-0.5309389529688268,1.427420427218831,-0.7519071313324821,0.29949877567562466,2.4044688402653542,0.8713307348260839,-1.481889477975714
1.1513930573220963,-0.11717176639866195,-0.7519071313324821,1.338894827499734,0.45802891633007253,0.8713307348260839,0.5581043259384137
-1.3721036963659112,-0.9517500580765804,1.5964838557687837,-0.7398941579665655,-0.6542207209531965,-0.9964012762111636,0.5581043259384137
-0.11035531952190754,-0.9517500580765804,-0.7519071313324821,-0.7398941579665655,0.11045166935144125,1.538377881625101,-1.481889477975714
0.9411025023470135,-0.1551140110142393,-0.7519071313324821,0.8191968015876794,-0.6542207209531965,-0.19594470005234324,0.5581043259384137
1.1513930573220963,-0.0119065328770694,-0.4385918261111019,0.8191968015876794,-0.6542207209531965,0.33769301738687035,0.5581043259384137
1.1513930573220963,1.1187179603125894,-0.7519071313324821,2.3782877611419244,2.4044688402653542,1.1381495935456907,0.5581043259384137
0.9411025023470135,-0.061350933926583064,-0.7519071313324821,-0.22019613205451086,-0.6542207209531965,1.0047401641858873,0.5581043259384137
-1.1618131413908286,1.427420427218831,-0.7519071313324821,-0.4800467041014978,2.4044688402653542,0.4711024467466738,-2.705890248315047
-0.3206458744969902,1.427420427218831,0.4610517247973812,0.5593493477226117,-0.6542207209531965,-0.7829461892354782,-0.25789319562723756
-1.3721036963659112,-0.9517500580765804,1.5964838557687837,-0.7398941579665655,-0.6542207209531965,0.7379213054662805,-3.1138890090978726
0.31022831392501166,1.427420427218831,-0.7519071313324821,1.338894827499734,2.4044688402653542,1.1381495935456907,-0.25789319562723756
-0.3206458744969902,-0.07843662595875638,-0.7519071313324821,-0.4800467041014978,-0.6542207209531965,-0.24930847179626459,-1.8898927267493963
0.7308094238751771,0.8068762691384442,-0.7519071313324821,0.8191968015876794,-0.34835176483134134,-0.06253527069253983,0.5581043259384137
1.1513930573220963,0.7356754443834309,-0.7519071313324821,2.3782877611419244,2.4044688402653542,-0.19594470005234324,0.5581043259384137
0.7308094238751771,-0.9517500580765804,1.137218609313781,-0.7398941579665655,-0.6542207209531965,1.9386061697045112,0.5581043259384137
-1.3721036963659112,-0.9517500580765804,1.5964838557687837,-0.7398941579665655,-0.6542207209531965,0.33769301738687035,0.5581043259384137
0.5205188689000944,0.2965752226943308,-0.7519071313324821,-0.4800467041014978,-0.39933094374817096,0.7379213054662805,0.5581043259384137
-1.1618131413908286,1.427420427218831,1.333719838987073,-0.4800467041014978,-0.6542207209531965,0.07087415866726357,-1.8898927267493963
0.31022831392501166,1.427420427218831,-0.7519071313324821,1.338894827499734,1.3849066727556911,0.6045118761064772,0.5581043259384137
0.9411025023470135,0.19297709179414954,-0.7519071313324821,1.079044255452747,0.3653414465564667,0.33769301738687035,0.5581043259384137
0.5205188689000944,-0.9517500580765804,-0.7519071313324821,-0.7398941579665655,2.4044688402653542,3.1392910339427416,-0.25789319562723756
1.1513930573220963,0.13526870030099483,0.8351426197534556,0.29949877567562466,-0.6542207209531965,2.739062745863331,0.5581043259384137
-1.1618131413908286,1.427420427218831,1.439505340498161,-0.4800467041014978,-0.6542207209531965,1.538377881625101,0.5581043259384137
0.09993523545317518,0.456619692215215,-0.7519071313324821,-0.22019613205451086,-0.6542207209531965,-0.14258092830842187,0.5581043259384137
1.1513930573220963,1.0194038877424958,-0.7519071313324821,2.3782877611419244,0.26338614741236877,1.1381495935456907,0.5581043259384137
1.1513930573220963,0.929481567704681,-0.7519071313324821,2.1184403072768565,-0.6542207209531965,1.6717873109849044,0.5581043259384137
0.5205188689000944,0.8562060026513467,0.24015162056903525,0.29949877567562466,-0.6542207209531965,-0.8629918468513602,0.5581043259384137
-0.5309389529688268,1.2206883821047965,-0.7519071313324821,-0.4800467041014978,0.26338614741236877,-0.26264941473224496,-1.8898927267493963
0.7308094238751771,1.427420427218831,-0.7519071313324821,1.8585897352298697,-0.6542207209531965,1.271559022905494,0.5581043259384137
1.1513930573220963,1.349514419952654,-0.7519071313324821,2.3782877611419244,1.894686227165742,0.6045118761064772,0.5581043259384137
0.004350225416980902,-0.7796022864132761,-0.7519071313324821,-0.4564233578823318,-0.6542207209531965,1.0047401641858873,0.5581043259384137
0.7308094238751771,-0.9517500580765804,-0.7519071313324821,-0.7398941579665655,-0.6542207209531965,-0.5961729881317535,0.5581043259384137
1.1513930573220963,1.3816947809523583,-0.7519071313324821,2.3782877611419244,-0.1444381078535842,3.2727004633025447,0.5581043259384137
0.9411025023470135,0.1737442251855255,-0.7519071313324821,1.5987422813648018,-0.6542207209531965,0.33769301738687035,0.1501055651555881
-1.1618131413908286,-0.9517500580765804,1.3846986032024038,-0.7398941579665655,-0.6542207209531965,-0.5961729881317535,0.5581043259384137
-1.3721036963659112,-0.9517500580765804,1.5964838557687837,-0.7398941579665655,-0.34835176483134134,1.538377881625101,0.5581043259384137
1.1513930573220963,-0.9517500580765804,-0.7519071313324821,-0.7398941579665655,-0.6542207209531965,-0.7562643033635175,0.5581043259384137
-0.9132865636038651,1.427420427218831,0.9406253732363228,-0.17295255779809812,-0.6542207209531965,1.1381495935456907,0.1501055651555881
1.1513930573220963,0.45812360698441656,-0.7519071313324821,2.3782877611419244,-0.39933094374817096,3.1392910339427416,0.5581043259384137
1.1513930573220963,-0.9517500580765804,-0.7519071313324821,-0.7398941579665655,2.4044688402653542,-0.5961729881317535,0.5581043259384137
1.1513930573220963,-0.9517500580765804,-0.7519071313324821,-0.7398941579665655,1.894686227165742,-0.9964012762111636,0.5581043259384137
0.5205188689000944,0.7302636596851938,-0.7519071313324821,0.29949877567562466,2.4044688402653542,1.0047401641858873,0.1501055651555881
-0.7412295079439094,1.427420427218831,1.4916121403093332,0.039651321810556917,0.11045166935144125,1.0047401641858873,0.5581043259384137
1.1513930573220963,0.1551259110983097,-0.7519071313324821,2.1184403072768565,2.4044688402653542,0.6045118761064772,0.5581043259384137
1.1513930573220963,1.1817584891081305,-0.7519071313324821,2.3782877611419244,-0.6542207209531965,0.8713307348260839,0.5581043259384137
1.1513930573220963,1.1605986360445475,-0.7519071313324821,1.811346160973457,-0.6542207209531965,0.6045118761064772,0.5581043259384137
1.1513930573220963,1.2105115466774357,-0.4156364427274131,2.3782877611419244,0.025487390719912358,-1.129810705570967,0.1501055651555881
-1.3721036963659112,-0.9517500580765804,1.5964838557687837,-0.7398941579665655,-0.1444381078535842,-0.46276355877195,-1.0738907171928882
-0.5309389529688268,1.427420427218831,-0.7519071313324821,0.29949877567562466,2.4044688402653542,0.20428358802706698,-1.0738907171928882
1.1513930573220963,1.427420427218831,-0.7519071313324821,2.3782877611419244,2.4044688402653542,-0.06253527069253983,0.5581043259384137
-0.5309389529688268,-0.9517500580765804,-0.7519071313324821,-0.7398941579665655,2.4044688402653542,0.7379213054662805,-1.9352259223919324
0.14199435584689316,-0.9517500580765804,-0.7519071313324821,-0.7398941579665655,-0.2718845258008776,-0.9964012762111636,0.5581043259384137
1.1513930573220963,-0.38171406691804327,-0.7519071313324821,1.338894827499734,-0.6542207209531965,0.20428358802706698,0.5581043259384137
-1.3721036963659112,-0.9517500580765804,1.5964838557687837,-0.7398941579665655,-0.6542207209531965,-0.46276355877195,0.5581043259384137
-0.683877997222842,1.427420427218831,-0.7519071313324821,0.11051824228613556,-0.6542207209531965,1.538377881625101,0.1501055651555881
1.1513930573220963,1.1525705660572951,-0.7519071313324821,2.3782877611419244,-0.6542207209531965,0.8713307348260839,0.5581043259384137
1.1513930573220963,0.9152742298719735,-0.24311324924486355,1.079044255452747,-0.6542207209531965,1.5116959957531402,0.1501055651555881
1.1513930573220963,-0.09629216021291519,-0.7519071313324821,1.5987422813648018,0.26338614741236877,0.7379213054662805,-1.8898927267493963
-1.1618131413908286,1.427420427218831,-0.7519071313324821,-0.4800467041014978,-0.6542207209531965,-0.8363099609793996,-1.0738907171928882
-1.3721036963659112,-0.9517500580765804,1.5964838557687837,-0.7398941579665655,-0.6542207209531965,-0.19594470005234324,0.5581043259384137
0.9411025023470135,0.745726832282693,-0.6754436521801912,2.1184403072768565,-0.6542207209531965,-0.06253527069253983,0.5581043259384137
0.9411025023470135,1.427420427218831,-0.7519071313324821,2.1184403072768565,-0.6542207209531965,-0.9430375044672422,0.5581043259384137
1.1513930573220963,-0.30515854942566767,-0.6865259812754487,0.039651321810556917,2.149579063060329,0.6045118761064772,0.5581043259384137
-1.3721036963659112,-0.9517500580765804,1.5964838557687837,-0.7398941579665655,-0.6542207209531965,0.6045118761064772,0.5581043259384137
1.1513930573220963,-0.9517500580765804,1.1489453639536704,-0.7398941579665655,-0.6542207209531965,2.0720155990643145,0.5581043259384137
-0.3206458744969902,1.3444049575262016,-0.7519071313324821,0.29949877567562466,-0.6542207209531965,-0.5961729881317535,0.5581043259384137
-1.3721036963659112,-0.9517500580765804,1.5964838557687837,-0.7398941579665655,-0.6542207209531965,0.07087415866726357,0.5581043259384137
1.1513930573220963,1.0668835419964406,-0.7519071313324821,2.1184403072768565,0.6202342824510535,0.07087415866726357,0.5581043259384137
-1.3721036963659112,-0.9517500580765804,1.5964838557687837,-0.7398941579665655,-0.3761583116323792,0.8713307348260839,0.5581043259384137
-0.7412295079439094,1.427420427218831,0.908817542832862,0.039651321810556917,-0.6542207209531965,-0.7295824174915568,0.5581043259384137
0.5205188689000944,0.6935663644862018,-0.7519071313324821,1.5987422813648018,1.3849066727556911,-0.06253527069253983,-0.25789319562723756
1.1513930573220963,1.2306343605451693,-0.7519071313324821,2.3782877611419244,2.4044688402653542,0.33769301738687035,0.5581043259384137
0.9411025023470135,0.8348496791081959,-0.7519071313324821,1.338894827499734,-0.6542207209531965,-0.06253527069253983,0.5581043259384137
0.7308094238751771,0.19659138028752843,-0.6109576712228101,0.5593493477226117,-0.6542207209531965,-0.9430375044672422,0.5581043259384137
-0.9515200629189922,-0.9517500580765804,-0.7519071313324821,-0.7398941579665655,-0.6542207209531965,-0.46276355877195,-3.1138890090978726
0.9411025023470135,-0.9517500580765804,-0.7519071313324821,-0.7398941579665655,2.4044688402653542,-0.46276355877195,0.5581043259384137
0.5205188689000944,0.44387271979708703,-0.7519071313324821,-0.4800467041014978,-0.6542207209531965,0.33769301738687035,0.5581043259384137
1.1513930573220963,0.860533681087076,-0.7519071313324821,0.5593493477226117,-0.6542207209531965,0.25764735977098835,0.5581043259384137
0.31022831392501166,-0.9517500580765804,-0.7519071313324821,-0.7398941579665655,-0.1444381078535842,-0.8629918468513602,0.5581043259384137
-1.3721036963659112,-0.9517500580765804,1.5964838557687837,-0.7398941579665655,-0.6542207209531965,-0.8629918468513602,0.1501055651555881
-1.1618131413908286,1.427420427218831,-0.7519071313324821,-0.4800467041014978,-0.6542207209531965,-0.7429233604275371,-1.481889477975714
1.1513930573220963,0.7257275718412227,-0.211518176928977,1.8585897352298697,-0.6542207209531965,-0.19594470005234324,0.5581043259384137
-0.5309389529688268,0.4502392699847348,-0.7519071313324821,-0.22019613205451086,-0.6542207209531965,-0.6628777028116551,0.5581043259384137
-0.5309389529688268,1.0855672592506513,0.9097590103419158,0.039651321810556917,-0.6542207209531965,0.4711024467466738,0.5581043259384137
-0.11035531952190754,-0.9517500580765804,-0.7519071313324821,-0.7398941579665655,2.4044688402653542,4.473385327540775,-1.0738907171928882
-1.1618131413908286,1.427420427218831,1.5341819740920173,-0.4800467041014978,-0.6542207209531965,0.6045118761064772,0.5581043259384137
-1.3721036963659112,-0.9517500580765804,1.5964838557687837,-0.7398941579665655,-0.2172655063061979,0.6045118761064772,-0.4392259781973822
0.09993523545317518,0.18868428021730443,-0.7519071313324821,0.8191968015876794,0.21968970834080065,0.8713307348260839,-1.0738907171928882
0.7308094238751771,-0.9517500580765804,0.8732790167701617,-0.7398941579665655,-0.6542207209531965,-0.9964012762111636,0.5581043259384137
-0.9515200629189922,1.427420427218831,-0.7519071313324821,-0.22019613205451086,-0.6542207209531965,-0.46276355877195,0.5581043259384137
1.1513930573220963,0.7920126770040727,-0.7519071313324821,2.3782877611419244,-0.6542207209531965,1.538377881625101,0.5581043259384137
1.1513930573220963,1.2807460075516302,-0.7519071313324821,2.3782877611419244,2.149579063060329,1.9386061697045112,0.5581043259384137
1.1513930573220963,1.2920041085678997,-0.7519071313324821,2.3782877611419244,2.0221326451130355,0.7379213054662805,0.5581043259384137
0.7308094238751771,-0.9517500580765804,-0.7519071313324821,-0.7398941579665655,-0.39933094374817096,0.33769301738687035,0.5581043259384137
1.1513930573220963,0.23302364430628533,0.5362333262178978,1.079044255452747,-0.1444381078535842,-0.8096280751074388,0.5581043259384137
-0.7412295079439094,-0.9517500580765804,-0.7519071313324821,-0.7398941579665655,-0.1444381078535842,-0.19594470005234324,-2.705890248315047
1.1513930573220963,1.1330083331255798,0.30857102387781754,2.3782877611419244,-0.6542207209531965,1.271559022905494,0.5581043259384137
1.1513930573220963,0.24223709870774138,-0.7519071313324821,-0.22019613205451086,-0.6542207209531965,0.8713307348260839,0.5581043259384137
0.9411025023470135,-0.9517500580765804,-0.7519071313324821,-0.7398941579665655,0.7360913256508896,2.3388344577839213,0.5581043259384137
-1.1618131413908286,1.427420427218831,1.1621717247135805,-0.4800467041014978,-0.2718845258008776,-0.46276355877195,0.1501055651555881
-1.3721036963659112,-0.9517500580765804,1.5964838557687837,-0.7398941579665655,-0.6542207209531965,0.7379213054662805,0.5581043259384137
-0.11035531952190754,1.427420427218831,0.7347388823270423,0.8191968015876794,-0.6542207209531965,-0.06253527069253983,0.5581043259384137
1.1513930573220963,-0.9517500580765804,0.7783512124124184,-0.7398941579665655,-0.6542207209531965,0.33769301738687035,0.5581043259384137
-1.3721036963659112,-0.9517500580765804,1.5964838557687837,-0.7398941579665655,-0.6542207209531965,0.8713307348260839,0.5581043259384137
-1.1618131413908286,-0.9517500580765804,-0.7519071313324821,-0.7398941579665655,2.4044688402653542,-0.19594470005234324,-2.705890248315047
-0.9515200629189922,-0.9517500580765804,-0.7519071313324821,-0.7398941579665655,-0.3761583116323792,-0.46276355877195,-3.1138890090978726
1.1513930573220963,0.539200098512654,0.37472650782061967,0.8191968015876794,-0.39933094374817096,-0.06253527069253983,0.5581043259384137
-1.1618131413908286,1.427420427218831,1.4371503309629752,-0.4800467041014978,-0.1444381078535842,-0.9964012762111636,0.5581043259384137
1.1513930573220963,-0.5255578695279091,-0.6730243013490771,0.5593493477226117,-0.1444381078535842,0.4711024467466738,0.5581043259384137
1.1513930573220963,-0.6404659699699927,-0.7519071313324821,-0.4800467041014978,-0.6542207209531965,-0.9430375044672422,0.5581043259384137
1.1513930573220963,-0.6892064159120018,-0.7519071313324821,-0.4800467041014978,1.7247607285922455,-0.19594470005234324,0.5581043259384137
1.1513930573220963,-0.9517500580765804,-0.7519071313324821,-0.7398941579665655,0.11045166935144125,0.07087415866726357,0.5581043259384137
-0.11035531952190754,-0.13913572462796273,-0.7519071313324821,-0.22019613205451086,-0.6542207209531965,0.4711024467466738,0.5581043259384137
1.1513930573220963,-0.9517500580765804,-0.7519071313324821,-0.7398941579665655,-0.34835176483134134,-0.9964012762111636,0.5581043259384137
1.1513930573220963,-0.04129984197203572,-0.7519071313324821,0.5593493477226117,0.11045166935144125,-0.06253527069253983,0.5581043259384137
1.1513930573220963,1.427420427218831,-0.5754050090104484,2.3782877611419244,2.149579063060329,2.2054250284241177,0.5581043259384137
-0.7412295079439094,-0.9517500580765804,-0.7519071313324821,-0.7398941579665655,-0.6542207209531965,0.6045118761064772,0.5581043259384137
-1.3721036963659112,-0.9517500580765804,1.5964838557687837,-0.7398941579665655,-0.3761583116323792,1.1381495935456907,0.5581043259384137
-0.5309389529688268,1.427420427218831,-0.7519071313324821,0.29949877567562466,-0.6542207209531965,-0.9964012762111636,-1.481889477975714
-0.9515200629189922,1.427420427218831,-0.7519071313324821,-0.22019613205451086,2.4044688402653542,0.33769301738687035,-3.1138890090978726
0.7308094238751771,0.627544678210738,-0.7519071313324821,1.079044255452747,-0.1444381078535842,-0.46276355877195,0.5581043259384137
1.1513930573220963,0.11972201420632182,-0.7519071313324821,1.338894827499734,1.894686227165742,-0.46276355877195,0.5581043259384137
0.9411025023470135,0.06145385273225232,-0.7519071313324821,-0.4800467041014978,0.11045166935144125,0.6845575337223592,0.5581043259384137
1.1513930573220963,0.8829195869889349,0.031608322339046424,2.3782877611419244,0.11045166935144125,2.2054250284241177,0.5581043259384137
-0.3206458744969902,1.427420427218831,-0.5686055464915213,0.5593493477226117,-0.6542207209531965,-0.46276355877195,0.5581043259384137
1.1513930573220963,-0.3437489615442925,-0.7519071313324821,0.29949877567562466,-0.6542207209531965,1.0047401641858873,-0.25789319562723756
0.31022831392501166,-0.9517500580765804,1.061191358972323,-0.7398941579665655,-0.6542207209531965,-0.7295824174915568,0.5581043259384137
-1.1618131413908286,1.427420427218831,-0.7519071313324821,-0.4800467041014978,-0.6542207209531965,0.33769301738687035,-3.929886530663524
-1.1618131413908286,1.427420427218831,0.18068219761677015,-0.4800467041014978,-0.6542207209531965,0.33769301738687035,0.5581043259384137
0.09993523545317518,1.2349328770745966,0.8165257526026779,1.079044255452747,-0.6542207209531965,1.1381495935456907,0.5581043259384137
-0.3206458744969902,-0.9517500580765804,1.1185646407899492,-0.7398941579665655,-0.6542207209531965,0.7379213054662805,0.5581043259384137
-1.3721036963659112,-0.9517500580765804,1.5964838557687837,-0.7398941579665655,0.875124059656079,-0.9430375044672422,-3.032288359343136
-0.9515200629189922,-0.9517500580765804,-0.7519071313324821,-0.7398941579665655,-0.6542207209531965,0.6045118761064772,-3.1138890090978726
1.1513930573220963,0.45609520009283416,-0.7519071313324821,2.1184403072768565,2.149579063060329,1.1381495935456907,0.5581043259384137
-0.3206458744969902,-0.9517500580765804,-0.7519071313324821,-0.7398941579665655,0.17996650700925526,0.7379213054662805,0.5581043259384137
1.1513930573220963,0.9837777057877131,-0.7519071313324821,2.3782877611419244,-0.6542207209531965,2.605653316503528,0.5581043259384137
1.1513930573220963,0.9264514133396248,-0.7519071313324821,2.3782877611419244,2.4044688402653542,-0.19594470005234324,0.5581043259384137
0.7308094238751771,1.2988467335635387,-0.7519071313324821,1.5987422813648018,1.3849066727556911,-0.06253527069253983,0.5581043259384137
-0.11035531952190754,-0.9517500580765804,-0.7519071313324821,-0.7398941579665655,-0.6542207209531965,-0.46276355877195,0.5581043259384137
0.9411025023470135,-0.9517500580765804,-0.7519071313324821,-0.7398941579665655,2.4044688402653542,0.7379213054662805,0.5581043259384137
1.1513930573220963,-0.9517500580765804,-0.7519071313324821,-0.7398941579665655,-0.6542207209531965,-0.8629918468513602,-3.1138890090978726
0.31022831392501166,0.3986163051574856,-0.7519071313324821,-0.22019613205451086,0.875124059656079,-0.06253527069253983,-0.25789319562723756
-0.6150546702595091,1.1300241165569045,-0.7519071313324821,-0.4280759660557166,-0.6542207209531965,-0.7295824174915568,0.10930524027822004
-0.11035531952190754,0.22468340992880453,-0.7519071313324821,-0.22019613205451086,-0.6542207209531965,1.8051967403447078,0.5581043259384137
0.9411025023470135,-0.6838656767567247,-0.027842828105717858,-0.4800467041014978,-0.6542207209531965,1.0047401641858873,0.5581043259384137
1.1513930573220963,-0.9517500580765804,-0.7519071313324821,-0.7398941579665655,-0.6542207209531965,-0.7295824174915568,0.5581043259384137
1.1513930573220963,-0.9517500580765804,-0.7519071313324821,-0.7398941579665655,2.4044688402653542,-0.9964012762111636,0.5581043259384137
-1.3721036963659112,-0.9517500580765804,1.5964838557687837,-0.7398941579665655,-0.2172655063061979,-0.9430375044672422,-0.25789319562723756
-1.1197540209971106,1.427420427218831,1.2258448513984084,-0.4280759660557166,-0.6542207209531965,-0.46276355877195,0.5581043259384137
1.1513930573220963,1.136527315949007,-0.7519071313324821,2.3782877611419244,-0.6542207209531965,-1.0230831620831242,0.5581043259384137
1.1513930573220963,1.1155891688731212,-0.7519071313324821,2.3782877611419244,2.4044688402653542,3.5395193220221515,0.5581043259384137
1.1513930573220963,1.1222946033324672,-0.21399967701568137,1.079044255452747,-0.39933094374817096,0.33769301738687035,0.5581043259384137
0.5205188689000944,-0.9517500580765804,-0.7519071313324821,-0.7398941579665655,2.4044688402653542,-0.32935412941214665,-0.25789319562723756
0.09993523545317518,1.427420427218831,-0.7519071313324821,1.079044255452747,2.4044688402653542,0.7379213054662805,-1.0738907171928882
-0.11035531952190754,-0.9517500580765804,-0.7519071313324821,-0.7398941579665655,2.4044688402653542,-0.06253527069253983,-1.481889477975714
1.1513930573220963,-0.9517500580765804,-0.7519071313324821,-0.7398941579665655,-0.6542207209531965,0.33769301738687035,0.5581043259384137
0.7308094238751771,1.1418620894250922,-0.7519071313324821,1.338894827499734,1.1300138368611043,-0.5428092163878321,0.5581043259384137
1.1513930573220963,-0.026962457100692148,-0.7519071313324821,2.3782877611419244,1.1300138368611043,1.9386061697045112,0.5581043259384137
1.1513930573220963,1.3080983503712913,-0.7519071313324821,1.5987422813648018,-0.6542207209531965,-0.06253527069253983,0.5581043259384137
0.31022831392501166,1.427420427218831,-0.7519071313324821,1.338894827499734,-0.6542207209531965,1.9386061697045112,0.5581043259384137
0.9411025023470135,1.427420427218831,-0.7519071313324821,2.1184403072768565,1.2922192029820856,2.2054250284241177,0.5581043259384137
-0.683877997222842,-0.9517500580765804,-0.7519071313324821,-0.7398941579665655,2.4044688402653542,-0.382717901156068,0.5581043259384137
0.09993523545317518,0.8337113250065155,0.5688043120250305,1.079044255452747,-0.6542207209531965,-0.19594470005234324,0.5581043259384137
0.9411025023470135,-0.5373000678110255,-0.3952277503447252,0.5593493477226117,-0.6542207209531965,0.5244662184905952,0.5581043259384137
-0.5309389529688268,1.427420427218831,-0.7519071313324821,0.29949877567562466,-0.6542207209531965,-0.5694911022597927,0.5581043259384137
-1.3721036963659112,-0.9517500580765804,1.5964838557687837,-0.7398941579665655,-0.6542207209531965,-0.7295824174915568,-0.6658919564100632
0.31022831392501166,-0.9517500580765804,-0.7519071313324821,-0.7398941579665655,-0.6542207209531965,1.1381495935456907,0.5581043259384137
1.1513930573220963,0.17538773622962192,0.960178960492526,0.29949877567562466,-0.6542207209531965,-0.19594470005234324,0.5581043259384137
-0.5309389529688268,1.427420427218831,-0.7519071313324821,0.29949877567562466,0.17996650700925526,2.605653316503528,-1.8898927267493963
-1.3721036963659112,-0.9517500580765804,1.5964838557687837,-0.7398941579665655,-0.6542207209531965,-0.46276355877195,-0.4392259781973822
0.09993523545317518,0.45962226370883297,-0.7519071313324821,-0.4800467041014978,2.4044688402653542,0.33769301738687035,-0.6658919564100632
-0.5309389529688268,-0.9517500580765804,-0.7519071313324821,-0.7398941579665655,-0.6542207209531965,-0.7295824174915568,0.5581043259384137
-0.3206458744969902,1.3817589809827378,-0.7519071313324821,0.29949877567562466,-0.6542207209531965,0.6045118761064772,0.5581043259384137
0.09993523545317518,1.2250804665255342,-0.7519071313324821,1.079044255452747,1.894686227165742,1.0047401641858873,-0.6658919564100632
1.1513930573220963,0.9291693593707282,-0.7519071313324821,1.338894827499734,-0.6542207209531965,1.0047401641858873,0.5581043259384137
-1.3721036963659112,-0.9517500580765804,1.5964838557687837,-0.7398941579665655,-0.6542207209531965,-0.7295824174915568,0.5581043259384137
1.1513930573220963,0.49739249225808496,-0.7519071313324821,1.338894827499734,1.1300138368611043,0.7379213054662805,0.5581043259384137
1.1513930573220963,-0.9517500580765804,-0.08265905463171166,-0.7398941579665655,2.4044688402653542,-0.5961729881317535,0.5581043259384137
0.7308094238751771,0.653908914094272,-0.7519071313324821,1.8585897352298697,0.11045166935144125,0.4711024467466738,0.5581043259384137
-0.3206458744969902,0.01851544711260055,-0.7519071313324821,-0.4800467041014978,-0.6542207209531965,-0.7829461892354782,0.5581043259384137
-1.3721036963659112,-0.9517500580765804,1.5964838557687837,-0.7398941579665655,-0.6542207209531965,0.4711024467466738,0.5581043259384137
1.1513930573220963,1.105811076271278,-0.7519071313324821,2.3782877611419244,-0.6542207209531965,1.9386061697045112,0.5581043259384137
-1.3721036963659112,-0.9517500580765804,1.5964838557687837,-0.7398941579665655,-0.314366665116642,-0.06253527069253983,-0.25789319562723756
1.1513930573220963,0.8758719129865377,-0.7519071313324821,1.5987422813648018,2.149579063060329,0.33769301738687035,0.5581043259384137
1.1513930573220963,0.31862412361426146,-0.7519071313324821,2.1184403072768565,-0.6542207209531965,1.8051967403447078,0.5581043259384137
0.09993523545317518,0.663790943104315,0.9837777319065669,0.5593493477226117,-0.6542207209531965,-0.19594470005234324,0.5581043259384137
1.1513930573220963,0.29217217153238245,-0.11023940170665343,2.3782877611419244,-0.39933094374817096,1.6717873109849044,0.5581043259384137
1.1513930573220963,1.427420427218831,-0.4300867009033075,2.3782877611419244,0.6202342824510535,0.8713307348260839,0.5581043259384137
1.1513930573220963,-0.9517500580765804,1.5570903812194594,-0.7398941579665655,-0.3761583116323792,0.07087415866726357,-0.25789319562723756
-0.11035531952190754,-0.7513071234179926,-0.7519071313324821,-0.4800467041014978,1.180993015777934,0.33769301738687035,0.5581043259384137
-1.3721036963659112,-0.9517500580765804,1.5964838557687837,-0.7398941579665655,-0.6542207209531965,-0.46276355877195,0.5581043259384137
1.1513930573220963,1.427420427218831,-0.7519071313324821,2.3782877611419244,2.149579063060329,0.7379213054662805,0.5581043259384137
0.31022831392501166,0.6469501912259805,-0.7519071313324821,-0.4800467041014978,1.1300138368611043,0.33769301738687035,0.5581043259384137
0.8990433819532956,-0.9517500580765804,-0.7519071313324821,-0.7398941579665655,2.4044688402653542,-0.19594470005234324,0.10930524027822004
0.9411025023470135,0.4505087662130948,-0.7519071313324821,1.8585897352298697,-0.6542207209531965,4.206566468821169,0.5581043259384137
0.4303947058388808,1.044790047190889,-0.7519071313324821,1.0419254178876796,0.11045166935144125,1.1381495935456907,-0.7241774936647524
-0.7412295079439094,1.427420427218831,-0.7519071313324821,0.039651321810556917,-0.34835176483134134,-0.46276355877195,0.1501055651555881
1.1513930573220963,-0.41413963617334454,-0.7519071313324821,-0.29444004354848397,0.875124059656079,-0.9964012762111636,0.5581043259384137
0.5205188689000944,-0.38602535253622944,-0.7519071313324821,0.039651321810556917,-0.2718845258008776,1.1381495935456907,-0.25789319562723756
1.1513930573220963,-0.9517500580765804,-0.7519071313324821,-0.7398941579665655,-0.6542207209531965,-0.8363099609793996,-1.8898927267493963
0.5205188689000944,1.1859895535149243,-0.7519071313324821,0.8191968015876794,1.2922192029820856,1.1381495935456907,-0.25789319562723756
-1.3721036963659112,-0.9517500580765804,1.5964838557687837,-0.7398941579665655,-0.6542207209531965,-0.8363099609793996,-0.25789319562723756
-1.1618131413908286,1.427420427218831,1.5771002914904,-0.4800467041014978,-0.6542207209531965,0.4711024467466738,0.5581043259384137
0.7308094238751771,0.9093971586605197,-0.7519071313324821,1.8585897352298697,0.11045166935144125,0.6045118761064772,0.5581043259384137
0.9411025023470135,0.42754490106643894,-0.16721256571543752,1.5987422813648018,-0.6542207209531965,-0.7829461892354782,0.5581043259384137
0.9411025023470135,-0.7317070991043533,-0.7519071313324821,-0.4800467041014978,2.4044688402653542,-0.7029005316195962,0.5581043259384137
0.9411025023470135,-0.9517500580765804,-0.7519071313324821,-0.7398941579665655,1.1300138368611043,-0.9430375044672422,0.5581043259384137
-1.3721036963659112,-0.9517500580765804,1.5964838557687837,-0.7398941579665655,-0.6542207209531965,1.1381495935456907,0.5581043259384137
-0.11035531952190754,-0.23968792387029433,-0.7519071313324821,-0.4280759660557166,0.11045166935144125,0.6045118761064772,-2.5834892736829427
-0.9515200629189922,1.427420427218831,-0.7519071313324821,-0.22019613205451086,-0.6542207209531965,-0.19594470005234324,-1.0738907171928882
-0.9515200629189922,1.126921924294029,-0.1926300529527078,-0.4800467041014978,-0.6542207209531965,1.4049684522652977,0.5581043259384137
-0.11035531952190754,-0.9517500580765804,-0.7519071313324821,-0.7398941579665655,-0.6542207209531965,-0.9964012762111636,-1.8898927267493963
-0.7412295079439094,0.2696698829495176,0.8427061294668966,0.039651321810556917,-0.6542207209531965,-0.8629918468513602,0.5581043259384137
-0.3206458744969902,0.04160799342488538,1.0920295725675213,0.29949877567562466,-0.6542207209531965,-0.19594470005234324,0.5581043259384137
-0.9515200629189922,1.427420427218831,-0.27539851160873846,-0.22019613205451086,-0.6542207209531965,0.6045118761064772,0.5581043259384137
1.1513930573220963,0.931018518412005,-0.7519071313324821,2.1184403072768565,-0.6542207209531965,-0.19594470005234324,0.5581043259384137
0.9411025023470135,-0.8212145609568681,-0.7519071313324821,-0.4800467041014978,-0.6542207209531965,1.0047401641858873,0.5581043259384137
1.1513930573220963,0.511352184236363,-0.7519071313324821,2.3782877611419244,-0.6542207209531965,2.872472175223135,0.5581043259384137
-1.3721036963659112,-0.9517500580765804,1.5964838557687837,-0.7398941579665655,-0.6542207209531965,-0.19594470005234324,0.5581043259384137
-1.3721036963659112,-0.9517500580765804,1.5964838557687837,-0.7398941579665655,-0.39933094374817096,-0.06253527069253983,0.5581043259384137
1.1513930573220963,1.2504124783797332,-0.7519071313324821,1.338894827499734,2.4044688402653542,1.0047401641858873,0.5581043259384137
1.1513930573220963,0.9085430327374516,-0.7519071313324821,2.3782877611419244,-0.6542207209531965,0.4711024467466738,0.5581043259384137
-0.5309389529688268,-0.9373832300209946,-0.7519071313324821,-0.22019613205451086,0.656644922987799,2.739062745863331,0.1501055651555881
1.1513930573220963,-0.9517500580765804,1.4579530219808499,-0.7398941579665655,-0.39933094374817096,1.8051967403447078,0.5581043259384137
1.1513930573220963,-0.9517500580765804,-0.7519071313324821,-0.7398941579665655,0.875124059656079,-0.46276355877195,0.5581043259384137
-1.3721036963659112,-0.9517500580765804,1.5964838557687837,-0.7398941579665655,-0.1444381078535842,-0.32935412941214665,-0.6658919564100632
1.1513930573220963,-0.10457463667794822,0.6875748588660747,0.5593493477226117,-0.39933094374817096,0.4711024467466738,0.5581043259384137
0.5205188689000944,0.0471955051522122,-0.7519071313324821,-0.4800467041014978,0.3653414465564667,0.33769301738687035,0.5581043259384137
1.1513930573220963,1.270389952602762,-0.3262826451975884,2.3782877611419244,-0.6542207209531965,-1.129810705570967,0.5581043259384137
0.9411025023470135,1.427420427218831,-0.7519071313324821,2.1184403072768565,0.11045166935144125,0.4711024467466738,0.1501055651555881
-1.3721036963659112,-0.9517500580765804,1.5964838557687837,-0.7398941579665655,-0.6542207209531965,-0.46276355877195,0.5581043259384137
1.1513930573220963,0.6435824395644751,-0.7519071313324821,2.3782877611419244,1.6397964499607167,-0.7295824174915568,0.5581043259384137
1.1513930573220963,-0.9517500580765804,-0.7519071313324821,-0.7398941579665655,2.4044688402653542,0.4711024467466738,0.5581043259384137
-1.3721036963659112,-0.9517500580765804,1.5964838557687837,-0.7398941579665655,-0.6542207209531965,-0.32935412941214665,0.5581043259384137
-1.1618131413908286,1.427420427218831,-0.7519071313324821,-0.4800467041014978,-0.6542207209531965,-0.19594470005234324,-3.1138890090978726
1.1513930573220963,0.5705270311341747,-0.7519071313324821,2.1184403072768565,-0.6542207209531965,1.4049684522652977,0.5581043259384137
1.1513930573220963,0.10020513343260039,-0.7519071313324821,1.079044255452747,-0.09809590231156196,3.005881604582938,0.5581043259384137
0.4631673581790269,1.427420427218831,-0.5471503020952768,1.527875360889223,1.5305584109713573,-0.19594470005234324,0.5581043259384137
-1.3721036963659112,-0.9517500580765804,1.5964838557687837,-0.7398941579665655,-0.6542207209531965,-0.8629918468513602,0.5581043259384137
-1.1618131413908286,1.427420427218831,-0.7519071313324821,-0.4800467041014978,-0.6542207209531965,2.0720155990643145,0.5581043259384137
-0.11035531952190754,-0.9517500580765804,1.1852166034873415,-0.7398941579665655,-0.6542207209531965,0.07087415866726357,0.5581043259384137
-1.3721036963659112,-0.9517500580765804,1.5964838557687837,-0.7398941579665655,-0.6542207209531965,-0.8629918468513602,-3.4810874450033302
1.1513930573220963,0.9105740077929967,-0.7519071313324821,0.5593493477226117,1.0141567936612683,0.33769301738687035,0.5581043259384137
-1.3721036963659112,-0.9517500580765804,1.5964838557687837,-0.7398941579665655,-0.3761583116323792,-0.9430375044672422,0.5581043259384137
1.1513930573220963,0.7152964365840637,-0.7519071313324821,0.5593493477226117,0.6202342824510535,0.20428358802706698,0.5581043259384137
1.1513930573220963,0.6917464319416601,-0.5454219728427666,1.5987422813648018,-0.39933094374817096,-0.8363099609793996,0.5581043259384137
-1.3721036963659112,-0.9517500580765804,1.5964838557687837,-0.7398941579665655,-0.6542207209531965,0.8713307348260839,0.5581043259384137
0.7308094238751771,0.488493437854956,0.8972820630757884,0.29949877567562466,-0.39933094374817096,0.951376392441966,0.5581043259384137
0.7308094238751771,-0.6297558214107551,-0.7519071313324821,-0.4800467041014978,0.3653414465564667,0.7379213054662805,0.5581043259384137
-0.9515200629189922,1.427420427218831,-0.7519071313324821,-0.22019613205451086,-0.1444381078535842,1.4049684522652977,-1.0738907171928882
1.1513930573220963,0.9659108329951865,-0.7519071313324821,1.079044255452747,1.1300138368611043,-0.19594470005234324,0.5581043259384137
0.6466937065844949,-0.13137241606627278,-0.7519071313324821,-0.11625777414486754,-0.6542207209531965,-0.8629918468513602,-0.33949384538197364
1.1513930573220963,0.1490543954601155,-0.7519071313324821,0.039651321810556917,0.875124059656079,1.538377881625101,0.5581043259384137
-0.5309389529688268,-0.9517500580765804,-0.7519071313324821,-0.7398941579665655,1.3849066727556911,0.8579897918901036,-1.8898927267493963
-0.3206458744969902,1.1241925187680037,-0.0781745806770142,-0.22019613205451086,2.4044688402653542,0.6045118761064772,-1.481889477975714
1.1513930573220963,-0.18980311413438974,-0.7519071313324821,0.5593493477226117,2.4044688402653542,1.1381495935456907,0.5581043259384137
1.1513930573220963,1.2008574113540054,-0.7519071313324821,2.3782877611419244,2.4044688402653542,2.739062745863331,0.5581043259384137
1.1513930573220963,-0.9517500580765804,-0.09219623009656867,-0.7398941579665655,-0.6542207209531965,2.3388344577839213,0.5581043259384137
1.1513930573220963,-0.6784710792482074,0.6577034653821642,2.3782877611419244,-0.39933094374817096,0.7379213054662805,0.5581043259384137
-0.9515200629189922,1.427420427218831,-0.7519071313324821,-0.22019613205451086,-0.6542207209531965,-0.7829461892354782,-1.481889477975714
1.1513930573220963,-0.9517500580765804,-0.7519071313324821,-0.7398941579665655,-0.6542207209531965,-0.7829461892354782,0.5581043259384137
1.1513930573220963,-0.05142630715293776,-0.20361745885010413,0.5593493477226117,-0.39933094374817096,1.1381495935456907,0.5581043259384137
-1.3721036963659112,-0.9517500580765804,1.5964838557687837,-0.7398941579665655,-0.39933094374817096,2.4722438871437245,0.5581043259384137
-0.5309389529688268,-0.9517500580765804,-0.7519071313324821,-0.7398941579665655,0.3653414465564667,-0.06253527069253983,-1.8898927267493963
1.1513930573220963,-0.1789046799245603,-0.7519071313324821,0.5593493477226117,-0.6542207209531965,-0.32935412941214665,0.5581043259384137
1.1513930573220963,0.08329841158022702,-0.7519071313324821,0.039651321810556917,1.1300138368611043,-0.06253527069253983,0.5581043259384137
1.1513930573220963,0.7775504561808798,-0.7519071313324821,2.1184403072768565,2.4044688402653542,3.5395193220221515,0.5581043259384137
1.1513930573220963,0.44513917837527817,-0.7519071313324821,2.1184403072768565,-0.6542207209531965,2.872472175223135,0.5581043259384137
0.31022831392501166,0.5952405330903874,0.8471032617467497,-0.22019613205451086,-0.6542207209531965,1.8051967403447078,0.5581043259384137
1.1513930573220963,-0.9517500580765804,-0.7519071313324821,-0.7398941579665655,-0.6542207209531965,-0.5694911022597927,-0.25789319562723756
1.1513930573220963,-0.19670795798834934,-0.7519071313324821,0.29949877567562466,-0.6542207209531965,1.538377881625101,0.5581043259384137
1.1513930573220963,-0.9517500580765804,-0.7519071313324821,-0.7398941579665655,0.3653414465564667,-0.9430375044672422,0.5581043259384137
1.1513930573220963,0.7658334735035154,-0.7519071313324821,0.29949877567562466,-0.6542207209531965,-0.19594470005234324,0.1501055651555881
-1.3721036963659112,-0.9517500580765804,1.5964838557687837,-0.7398941579665655,-0.6542207209531965,-0.8629918468513602,0.5581043259384137
-1.3721036963659112,-0.9517500580765804,1.5964838557687837,-0.7398941579665655,-0.6542207209531965,1.4049684522652977,0.5581043259384137
-1.3721036963659112,-0.9517500580765804,1.5964838557687837,-0.7398941579665655,0.11045166935144125,-0.5961729881317535,-1.481889477975714
0.09993523545317518,1.3713355619799314,-0.20198364215805534,0.039651321810556917,-0.6542207209531965,-0.6762186457476355,0.5581043259384137
1.1513930573220963,0.06787849894503828,-0.7519071313324821,2.3782877611419244,1.0141567936612683,1.4049684522652977,0.1501055651555881
-1.3721036963659112,-0.9517500580765804,1.5964838557687837,-0.7398941579665655,-0.6542207209531965,-0.8629918468513602,0.5581043259384137
-0.7412295079439094,1.427420427218831,0.6277933143025869,0.039651321810556917,-0.39933094374817096,-0.46276355877195,0.5581043259384137
-1.3721036963659112,-0.9517500580765804,1.5964838557687837,-0.7398941579665655,-0.6542207209531965,-0.7829461892354782,0.5581043259384137
-1.3721036963659112,-0.9517500580765804,1.5964838557687837,-0.7398941579665655,-0.6542207209531965,1.0047401641858873,0.5581043259384137
0.9411025023470135,0.3866114029808472,-0.7519071313324821,0.29949877567562466,2.4044688402653542,2.3388344577839213,0.5581043259384137
-0.9515200629189922,1.427420427218831,-0.7519071313324821,-0.22019613205451086,0.875124059656079,0.07087415866726357,-2.705890248315047
-1.3721036963659112,-0.9517500580765804,1.5964838557687837,-0.7398941579665655,-0.6542207209531965,0.4711024467466738,0.5581043259384137
-1.3721036963659112,-0.9517500580765804,1.5964838557687837,-0.7398941579665655,-0.6542207209531965,-0.8096280751074388,0.5581043259384137
-1.1618131413908286,1.427420427218831,1.236414286492612,-0.4800467041014978,-0.6542207209531965,-0.19594470005234324,-2.297891487532222
1.1513930573220963,-0.3998384917020731,-0.7519071313324821,-0.22019613205451086,-0.39933094374817096,0.07087415866726357,0.5581043259384137
-1.1426951299848882,1.427420427218831,-0.7519071313324821,-0.4564233578823318,-0.6542207209531965,-0.8629918468513602,0.1501055651555881
-0.4257924137329085,0.8311266791084878,1.2455436938435158,0.039651321810556917,-0.6542207209531965,-0.5961729881317535,0.5581043259384137
-1.1618131413908286,-0.13317230313584344,-0.7519071313324821,-0.4800467041014978,-0.39933094374817096,0.33769301738687035,0.5581043259384137
-1.3721036963659112,-0.9517500580765804,1.5964838557687837,-0.7398941579665655,-0.6542207209531965,0.20428358802706698,0.5581043259384137
-1.3721036963659112,-0.9517500580765804,1.5964838557687837,-0.7398941579665655,-0.1444381078535842,0.8713307348260839,0.5581043259384137
-1.1618131413908286,1.427420427218831,-0.7519071313324821,-0.4800467041014978,-0.6542207209531965,-0.19594470005234324,0.5581043259384137
0.5205188689000944,1.427420427218831,1.0013237828133645,1.5987422813648018,-0.6542207209531965,-0.5961729881317535,0.5581043259384137
1.1513930573220963,0.5392502513906129,-0.7519071313324821,1.079044255452747,1.0141567936612683,1.4049684522652977,0.5581043259384137
1.1513930573220963,0.6176813723703105,-0.19743684471578224,2.3782877611419244,-0.6542207209531965,2.0720155990643145,0.5581043259384137
1.1513930573220963,-0.07326288269151728,-0.7519071313324821,-0.22019613205451086,1.6397964499607167,1.1381495935456907,0.5581043259384137
0.7308094238751771,-0.9517500580765804,0.29678040890544666,-0.7398941579665655,-0.6542207209531965,-0.7829461892354782,0.5581043259384137
-0.11035531952190754,1.343758433370019,-0.7519071313324821,0.29949877567562466,-0.6542207209531965,-0.19594470005234324,0.5581043259384137
1.1513930573220963,0.2419398255388523,-0.7519071313324821,1.8585897352298697,-0.6542207209531965,1.4049684522652977,0.5581043259384137
1.1513930573220963,0.762048446189582,-0.46073121256385197,2.3782877611419244,0.875124059656079,0.07087415866726357,0.5581043259384137
0.69257592456005,-0.9517500580765804,-0.7519071313324821,-0.7398941579665655,-0.6542207209531965,-0.5961729881317535,0.1501055651555881
-1.1618131413908286,1.427420427218831,-0.7519071313324821,-0.4800467041014978,-0.6542207209531965,-0.5961729881317535,-2.297891487532222
-0.11035531952190754,-0.9517500580765804,-0.7519071313324821,-0.7398941579665655,1.0141567936612683,0.7379213054662805,-1.481889477975714
0.5205188689000944,0.6115716324571778,-0.7519071313324821,0.5593493477226117,2.4044688402653542,0.7379213054662805,-0.25789319562723756
0.31022831392501166,-0.9517500580765804,1.167041584659381,-0.7398941579665655,-0.6542207209531965,1.9386061697045112,0.5581043259384137
1.1513930573220963,0.2188631692356485,-0.7519071313324821,1.8585897352298697,-0.6542207209531965,0.7379213054662805,0.5581043259384137
0.09993523545317518,-0.9517128026235606,-0.7519071313324821,-0.4800467041014978,-0.6542207209531965,1.9386061697045112,-1.8898927267493963
0.09993523545317518,-0.846143312919081,-0.7519071313324821,-0.4800467041014978,2.4044688402653542,0.33769301738687035,-1.0738907171928882
0.31022831392501166,-0.9517500580765804,1.043018232350391,-0.7398941579665655,-0.6542207209531965,0.33769301738687035,0.5581043259384137
1.1513930573220963,0.8781459838707111,-0.7519071313324821,0.039651321810556917,-0.6542207209531965,0.07087415866726357,0.5581043259384137
1.1513930573220963,0.2231373328911328,-0.4181258970969622,1.8585897352298697,-0.6542207209531965,2.0720155990643145,0.5581043259384137
-1.3721036963659112,-0.9517500580765804,1.5964838557687837,-0.7398941579665655,-0.6542207209531965,-0.8629918468513602,-1.6858911023625551
-0.3206458744969902,-0.08700458499966247,-0.7519071313324821,0.29949877567562466,0.21968970834080065,-0.5694911022597927,0.1501055651555881
1.1513930573220963,1.427420427218831,-0.7519071313324821,2.3782877611419244,0.5692551035342239,-0.46276355877195,0.5581043259384137
0.31022831392501166,1.427420427218831,-0.7519071313324821,1.338894827499734,-0.6542207209531965,-0.32935412941214665,0.5581043259384137
1.1513930573220963,0.27306075564802523,0.02944537152219787,1.079044255452747,-0.39933094374817096,3.005881604582938,0.5581043259384137
0.31022831392501166,1.427420427218831,0.4629802438374997,1.338894827499734,-0.6542207209531965,-0.46276355877195,0.5581043259384137
-1.1426951299848882,1.427420427218831,0.34661302170983416,-0.4564233578823318,-0.6542207209531965,0.33769301738687035,0.5581043259384137
1.1513930573220963,0.05583934808346668,-0.7519071313324821,0.039651321810556917,-0.6542207209531965,0.07087415866726357,0.5581043259384137
-0.11035531952190754,0.9696128663088094,-0.1840416037943452,0.039651321810556917,0.26338614741236877,1.0047401641858873,0.1501055651555881
1.1513930573220963,-0.9517500580765804,-0.7519071313324821,-0.7398941579665655,-0.6542207209531965,-0.46276355877195,0.5581043259384137
1.1513930573220963,-0.9517500580765804,-0.7519071313324821,-0.7398941579665655,2.149579063060329,-0.19594470005234324,0.5581043259384137
0.7308094238751771,-0.9517500580765804,1.0002411511079645,-0.7398941579665655,-0.6542207209531965,-0.9430375044672422,0.5581043259384137
-0.3206458744969902,1.0564284018307601,-0.7519071313324821,-0.22019613205451086,-0.6542207209531965,-0.5961729881317535,-1.8898927267493963
0.9411025023470135,1.102428183411521,1.0908426717909887,1.338894827499734,-0.6542207209531965,2.605653316503528,0.5581043259384137
0.9411025023470135,-0.9517500580765804,-0.7519071313324821,-0.7398941579665655,-0.6542207209531965,-0.9430375044672422,0.5581043259384137
-1.3721036963659112,-0.9517500580765804,1.5964838557687837,-0.7398941579665655,-0.6542207209531965,-0.46276355877195,-1.6858911023625551
0.9411025023470135,-0.13511852523101045,0.7208562553112442,0.29949877567562466,-0.6542207209531965,2.739062745863331,0.5581043259384137
-0.7412295079439094,-0.9517500580765804,-0.7519071313324821,-0.7398941579665655,2.4044688402653542,0.33769301738687035,-2.705890248315047
-0.3206458744969902,1.427420427218831,-0.7519071313324821,0.5593493477226117,-0.6542207209531965,-0.19594470005234324,0.5581043259384137
0.5205188689000944,0.7575990815348363,-0.7519071313324821,1.338894827499734,0.7360913256508896,1.9386061697045112,-0.25789319562723756
-1.3721036963659112,-0.9517500580765804,1.5964838557687837,-0.7398941579665655,-0.314366665116642,-0.9430375044672422,0.5581043259384137
0.5205188689000944,-0.6375420714604387,-0.7519071313324821,-0.4800467041014978,0.11045166935144125,-0.9964012762111636,0.5581043259384137
-1.3721036963659112,-0.9517500580765804,1.5964838557687837,-0.7398941579665655,-0.6542207209531965,-0.8629918468513602,0.5581043259384137
0.7308094238751771,0.1088590347499178,-0.7519071313324821,0.039651321810556917,-0.6542207209531965,-0.9430375044672422,0.5581043259384137
0.31022831392501166,-0.9517500580765804,-0.7519071313324821,-0.7398941579665655,-0.6542207209531965,1.0047401641858873,0.5581043259384137
0.7308094238751771,-0.9517500580765804,-0.7519071313324821,-0.7398941579665655,0.3653414465564667,1.4049684522652977,0.5581043259384137
-0.5309389529688268,-0.9517500580765804,-0.7519071313324821,-0.7398941579665655,-0.6542207209531965,-0.19594470005234324,-2.705890248315047
1.1513930573220963,1.015879619579405,0.360516356420419,0.039651321810556917,-0.6542207209531965,-0.1826037571163629,0.5581043259384137
-1.1618131413908286,1.427420427218831,-0.7519071313324821,-0.4800467041014978,-0.6542207209531965,0.4711024467466738,-0.25789319562723756
1.1513930573220963,1.2515621618325903,-0.7519071313324821,2.3782877611419244,-0.6542207209531965,0.7379213054662805,0.5581043259384137
-0.11035531952190754,1.2018248768380295,-0.7519071313324821,0.29949877567562466,-0.6542207209531965,2.0720155990643145,0.5581043259384137
-1.3721036963659112,-0.9517500580765804,1.5964838557687837,-0.7398941579665655,-0.3761583116323792,1.4049684522652977,-2.705890248315047
-0.11035531952190754,1.427420427218831,-0.7519071313324821,0.8191968015876794,0.26338614741236877,2.2054250284241177,-1.0738907171928882
-0.5309389529688268,0.9751384453571436,-0.7519071313324821,-0.4800467041014978,-0.6542207209531965,-0.19594470005234324,0.5581043259384137
-0.5309389529688268,-0.7809218900723407,-0.7519071313324821,-0.4800467041014978,2.4044688402653542,1.538377881625101,-1.481889477975714
-1.3721036963659112,-0.9517500580765804,1.5964838557687837,-0.7398941579665655,-0.6542207209531965,-0.8629918468513602,0.5581043259384137
0.7308094238751771,-0.9517500580765804,-0.7519071313324821,-0.7398941579665655,0.45802891633007253,2.4722438871437245,-1.481889477975714
-0.8674043456283098,1.427420427218831,-0.7519071313324821,-0.11625777414486754,-0.6542207209531965,0.4711024467466738,0.5581043259384137
1.1513930573220963,0.23844477797515767,-0.7519071313324821,1.338894827499734,-0.6542207209531965,0.33769301738687035,0.5581043259384137
-1.1618131413908286,1.427420427218831,1.53368645325803,-0.4800467041014978,-0.6542207209531965,-0.19594470005234324,0.5581043259384137
1.1513930573220963,-0.9517500580765804,1.2676627608048066,-0.7398941579665655,-0.6542207209531965,-0.8629918468513602,0.5581043259384137
-0.7412295079439094,1.427420427218831,-0.7192071611670908,0.039651321810556917,-0.6542207209531965,0.7379213054662805,0.5581043259384137
0.5205188689000944,-0.8025706324491496,-0.7519071313324821,-0.4800467041014978,1.7247607285922455,-0.46276355877195,0.1501055651555881
-0.7412295079439094,1.427420427218831,-0.7519071313324821,0.039651321810556917,-0.6542207209531965,0.20428358802706698,0.5581043259384137
0.9411025023470135,0.9786066542657588,-0.7519071313324821,1.5987422813648018,-0.6542207209531965,0.20428358802706698,0.5581043259384137
0.9411025023470135,0.9328514984875803,-0.15979017150303063,1.5987422813648018,-0.39933094374817096,0.20428358802706698,0.5581043259384137
-1.3721036963659112,-0.9517500580765804,1.5964838557687837,-0.7398941579665655,-0.6542207209531965,1.0047401641858873,0.5581043259384137
-1.3721036963659112,-0.9517500580765804,1.5964838557687837,-0.7398941579665655,-0.1444381078535842,0.4711024467466738,0.5581043259384137
1.1513930573220963,0.6001011354616774,-0.7519071313324821,2.3782877611419244,-0.39933094374817096,-0.46276355877195,0.5581043259384137
-0.5309389529688268,0.41347114521512185,1.3275468029324764,-0.22019613205451086,-0.6542207209531965,1.271559022905494,0.5581043259384137
0.09993523545317518,0.44426457760216576,-0.7519071313324821,0.039651321810556917,2.0221326451130355,0.7379213054662805,-0.6658919564100632
0.7308094238751771,-0.9517500580765804,1.3866966517135697,-0.7398941579665655,-0.6542207209531965,1.271559022905494,0.5581043259384137
0.5205188689000944,0.3485392185237199,-0.7519071313324821,0.29949877567562466,-0.6542207209531965,-0.9430375044672422,0.5581043259384137
0.004350225416980902,0.882393452511336,1.3454972745628095,0.11051824228613556,-0.2172655063061979,0.6045118761064772,-0.25789319562723756
1.1513930573220963,-0.6732685845754867,-0.7519071313324821,-0.4800467041014978,-0.3761583116323792,-0.5961729881317535,0.5581043259384137
1.1513930573220963,0.703475872306059,0.5535215638408829,1.8585897352298697,-0.6542207209531965,1.271559022905494,0.5581043259384137
-1.3721036963659112,-0.9517500580765804,1.5964838557687837,-0.7398941579665655,-0.6542207209531965,-0.32935412941214665,0.5581043259384137
0.004350225416980902,-0.011433513718899575,0.8076323993001372,-0.17295255779809812,-0.6542207209531965,-0.6228548740037141,0.5581043259384137
0.5205188689000944,-0.9517500580765804,1.4643810829959243,-0.7398941579665655,-0.6542207209531965,-0.19594470005234324,0.5581043259384137
-1.3721036963659112,-0.9517500580765804,1.5964838557687837,-0.7398941579665655,-0.6542207209531965,1.271559022905494,0.5581043259384137
1.1513930573220963,-0.9517500580765804,-0.7519071313324821,-0.7398941579665655,2.4044688402653542,-0.7295824174915568,0.5581043259384137
0.31022831392501166,-0.9517500580765804,1.2138693930504099,-0.7398941579665655,1.6397964499607167,-0.8629918468513602,-0.25789319562723756
1.1513930573220963,-0.5321232683162114,-0.7519071313324821,0.039651321810556917,-0.6542207209531965,-0.46276355877195,0.5581043259384137
0.9411025023470135,-0.6562975141510065,1.0848669841684049,-0.4800467041014978,-0.6542207209531965,-0.5961729881317535,0.5581043259384137
1.1513930573220963,-0.9517500580765804,-0.7519071313324821,-0.7398941579665655,-0.6542207209531965,0.33769301738687035,0.5581043259384137
-1.3721036963659112,-0.9517500580765804,1.5964838557687837,-0.7398941579665655,-0.6542207209531965,-0.5961729881317535,0.5581043259384137
-1.3721036963659112,-0.9517500580765804,1.5964838557687837,-0.7398941579665655,-0.6542207209531965,0.4711024467466738,-2.297891487532222
-0.5309389529688268,0.5156272004375362,-0.7519071313324821,-0.4800467041014978,-0.6542207209531965,0.07087415866726357,0.5581043259384137
-1.0566666021549103,1.427420427218831,1.3392589282859373,-0.35012141807800434,-0.2172655063061979,-0.46276355877195,-0.00289453113682849
-1.0566666021549103,1.427420427218831,1.1787631962646583,-0.35012141807800434,-0.6542207209531965,1.6717873109849044,-1.6858911023625551
1.1513930573220963,1.256694285769221,0.8068023754927884,2.3782877611419244,-0.39933094374817096,2.872472175223135,0.5581043259384137
0.9411025023470135,-0.8571352843313097,0.48529203269473087,-0.4800467041014978,-0.6542207209531965,1.0047401641858873,0.5581043259384137
1.1513930573220963,-0.052109282315673036,-0.7519071313324821,0.039651321810556917,-0.6542207209531965,0.7379213054662805,0.5581043259384137
0.7308094238751771,-0.9517500580765804,-0.7519071313324821,-0.7398941579665655,-0.04248280870948625,-0.46276355877195,-0.6658919564100632
0.9411025023470135,-0.2773818584731798,-0.7519071313324821,0.29949877567562466,0.45802891633007253,-0.7829461892354782,0.5581043259384137
-1.3721036963659112,-0.9517500580765804,1.5964838557687837,-0.7398941579665655,-0.2718845258008776,-0.28488431953660587,-0.6658919564100632
1.1513930573220963,0.34647559911306797,-0.7519071313324821,-0.4800467041014978,-0.6542207209531965,0.7379213054662805,0.5581043259384137
1.1513930573220963,0.7029335791738746,-0.7519071313324821,2.3782877611419244,-0.6542207209531965,0.7379213054662805,0.5581043259384137
-0.11035531952190754,1.2850892476797589,0.08321768632233192,0.8191968015876794,-0.6542207209531965,2.739062745863331,0.5581043259384137
-1.1618131413908286,1.427420427218831,1.4138877728922306,-0.4800467041014978,-0.6542207209531965,-1.209856363186849,0.5581043259384137
1.1513930573220963,-0.5612916893319183,-0.7519071313324821,-0.046965535538438706,0.656644922987799,-0.9964012762111636,0.5581043259384137
0.31022831392501166,0.7513126595586739,-0.7519071313324821,1.079044255452747,-0.6542207209531965,1.0047401641858873,0.5581043259384137
-0.3206458744969902,-0.46958126060939476,-0.7519071313324821,-0.4800467041014978,-0.6542207209531965,-0.8096280751074388,0.5581043259384137
0.5205188689000944,0.830372290712621,-0.7519071313324821,0.8191968015876794,-0.6542207209531965,2.0720155990643145,0.5581043259384137
-1.1618131413908286,1.427420427218831,1.5567526117975232,-0.4800467041014978,-0.6542207209531965,1.1381495935456907,0.5581043259384137
1.1513930573220963,-0.9517500580765804,1.3577247127511407,-0.7398941579665655,-0.6542207209531965,0.07087415866726357,0.5581043259384137
0.7308094238751771,1.427420427218831,-0.7519071313324821,1.8585897352298697,-0.6542207209531965,0.6045118761064772,0.5581043259384137
-1.3721036963659112,-0.9517500580765804,1.5964838557687837,-0.7398941579665655,-0.6542207209531965,-0.7029005316195962,0.5581043259384137
-1.1618131413908286,1.427420427218831,1.5794054844147798,-0.4800467041014978,0.875124059656079,-0.5961729881317535,-2.297891487532222
-0.22506086446079598,-0.9517500580765804,-0.7519071313324821,-0.7398941579665655,0.875124059656079,0.7379213054662805,-1.481889477975714
-1.3721036963659112,-0.9517500580765804,1.5964838557687837,-0.7398941579665655,-0.1444381078535842,-0.5961729881317535,-0.00289453113682849
-0.5309389529688268,-0.9517500580765804,-0.6325327855385954,-0.7398941579665655,-0.6542207209531965,-0.7295824174915568,0.5581043259384137
1.1513930573220963,-0.4043205728518403,-0.7519071313324821,0.039651321810556917,-0.6542207209531965,0.4711024467466738,0.5581043259384137
1.1513930573220963,1.3079255426608347,-0.7519071313324821,2.3782877611419244,-0.09809590231156196,1.271559022905494,0.5581043259384137
0.7308094238751771,-0.1368553696849329,-0.7519071313324821,-0.22019613205451086,-0.09809590231156196,1.1648314794176515,0.5581043259384137
0.7308094238751771,-0.9517500580765804,-0.7519071313324821,-0.7398941579665655,-0.6542207209531965,-0.8629918468513602,-3.1138890090978726
1.1513930573220963,0.7935410153723421,-0.7519071313324821,2.3782877611419244,-0.39933094374817096,0.7379213054662805,0.5581043259384137
-1.1618131413908286,1.427420427218831,-0.7519071313324821,-0.4800467041014978,-0.6542207209531965,-0.46276355877195,0.5581043259384137
-0.7412295079439094,0.261570585643516,-0.7519071313324821,-0.22019613205451086,-0.6542207209531965,-0.06253527069253983,-1.481889477975714
1.1513930573220963,0.6763428660279308,1.271375976307392,2.3782877611419244,-0.6542207209531965,1.9386061697045112,0.5581043259384137
-1.3721036963659112,-0.9517500580765804,1.5964838557687837,-0.7398941579665655,-0.6542207209531965,1.4049684522652977,0.5581043259384137
1.1513930573220963,-0.9517500580765804,-0.7519071313324821,-0.7398941579665655,2.4044688402653542,-0.5961729881317535,0.5581043259384137
1.1513930573220963,1.1573733177218648,-0.7070777698149485,1.8585897352298697,-0.04248280870948625,-0.19594470005234324,0.1501055651555881
-1.3721036963659112,-0.9517500580765804,1.5964838557687837,-0.7398941579665655,-0.6542207209531965,1.1381495935456907,0.5581043259384137
1.1513930573220963,0.9600140020044466,-0.7519071313324821,2.1184403072768565,2.149579063060329,-0.46276355877195,0.5581043259384137
-0.9515200629189922,1.427420427218831,1.1874617339577505,-0.22019613205451086,-0.314366665116642,-0.2759903576682253,-0.25789319562723756
-1.1618131413908286,1.427420427218831,-0.7519071313324821,-0.4800467041014978,-0.6542207209531965,0.7379213054662805,-2.705890248315047
0.5906165617240398,-0.33146406235398584,-0.260957251912564,0.6459630868896882,1.180993015777934,-0.8629918468513602,-0.4392259781973822
0.31022831392501166,-0.5545461269710433,-0.7519071313324821,-0.4800467041014978,0.17996650700925526,-0.8629918468513602,0.5581043259384137
-1.3721036963659112,-0.9517500580765804,1.5964838557687837,-0.7398941579665655,-0.6542207209531965,3.5395193220221515,-2.705890248315047
0.09993523545317518,0.01709925663363709,-0.7519071313324821,-0.22019613205451086,-0.6542207209531965,1.6717873109849044,0.5581043259384137
-1.1618131413908286,1.427420427218831,-0.7519071313324821,-0.4800467041014978,-0.6542207209531965,2.4722438871437245,0.5581043259384137
1.1513930573220963,-0.9517500580765804,-0.5645511939386341,-0.7398941579665655,-0.6542207209531965,-0.9430375044672422,0.5581043259384137
-0.7412295079439094,1.1747000147209683,-0.7519071313324821,-0.4800467041014978,-0.6542207209531965,1.0047401641858873,-0.6658919564100632
1.1513930573220963,-0.7075010068320012,-0.7519071313324821,-0.4800467041014978,-0.39933094374817096,0.004169443987361864,0.5581043259384137
-1.3721036963659112,-0.9517500580765804,1.5964838557687837,-0.7398941579665655,-0.6542207209531965,0.8713307348260839,0.5581043259384137
1.1513930573220963,0.24248702207307082,-0.7519071313324821,2.3782877611419244,-0.6542207209531965,2.739062745863331,0.5581043259384137
1.1513930573220963,0.0497795120793533,-0.10358031499027107,1.079044255452747,-0.6542207209531965,1.4049684522652977,0.5581043259384137
-0.3206458744969902,1.427420427218831,-0.7519071313324821,0.5593493477226117,-0.6542207209531965,1.6717873109849044,-2.705890248315047
1.1513930573220963,-0.2589574922879351,-0.1841375006172522,0.29949877567562466,-0.6542207209531965,-0.22262658592430393,0.5581043259384137
0.31022831392501166,-0.9517500580765804,-0.7519071313324821,-0.7398941579665655,-0.6542207209531965,-0.8629918468513602,0.5581043259384137
1.1513930573220963,1.427420427218831,-0.7519071313324821,2.3782877611419244,-0.6542207209531965,-0.32935412941214665,0.5581043259384137
1.1513930573220963,0.8220230830114976,-0.7519071313324821,2.3782877611419244,2.4044688402653542,0.8713307348260839,0.5581043259384137
1.1513930573220963,0.34386537891129304,-0.7519071313324821,2.1184403072768565,-0.6542207209531965,0.7379213054662805,0.5581043259384137
-0.11035531952190754,1.427420427218831,-0.7519071313324821,0.8191968015876794,1.5305584109713573,-0.19594470005234324,0.1501055651555881
0.31022831392501166,0.8363148417325917,-0.7519071313324821,0.5593493477226117,-0.6542207209531965,0.7379213054662805,-1.0738907171928882
1.1513930573220963,-0.9517500580765804,-0.7519071313324821,-0.7398941579665655,-0.6542207209531965,-0.7295824174915568,0.5581043259384137
0.7308094238751771,-0.9517500580765804,0.6885934625768386,-0.7398941579665655,-0.39933094374817096,-0.6495367598756748,0.5581043259384137
0.9411025023470135,0.005621122520463759,-0.7519071313324821,-0.22019613205451086,1.1300138368611043,3.005881604582938,0.5581043259384137
-0.9515200629189922,0.9783254915066955,0.9327984716653259,-0.22019613205451086,-0.6542207209531965,0.6045118761064772,0.5581043259384137
-1.3721036963659112,-0.9517500580765804,1.5964838557687837,-0.7398941579665655,-0.6542207209531965,-0.8629918468513602,0.5581043259384137
1.1513930573220963,-0.020252798733524813,-0.1061340266621321,-0.22019613205451086,-0.6542207209531965,-0.7829461892354782,0.5581043259384137
1.1513930573220963,-0.20170654518582984,0.30169983691871477,0.29949877567562466,-0.6542207209531965,0.07087415866726357,0.5581043259384137
-1.1618131413908286,1.427420427218831,1.4632677639875173,-0.4800467041014978,-0.6542207209531965,-0.9430375044672422,0.5581043259384137
-1.1618131413908286,1.427420427218831,1.5955889402433665,-0.4800467041014978,-0.39933094374817096,-0.5961729881317535,0.5581043259384137
1.1513930573220963,0.1074687034034787,0.12782190420434683,1.079044255452747,-0.39933094374817096,0.07087415866726357,0.5581043259384137
1.1513930573220963,1.427420427218831,-0.7519071313324821,2.3782877611419244,2.149579063060329,-0.7295824174915568,0.5581043259384137
-1.3721036963659112,-0.9517500580765804,1.5964838557687837,-0.7398941579665655,-0.34835176483134134,-0.06253527069253983,0.1501055651555881
1.1513930573220963,0.5977780913376426,-0.7519071313324821,2.1184403072768565,-0.6542207209531965,1.8051967403447078,0.5581043259384137
-0.11035531952190754,-0.9517500580765804,-0.7519071313324821,-0.7398941579665655,1.6397964499607167,-1.1831744773148885,-1.481889477975714
-0.5309389529688268,1.1985891121114494,-0.7519071313324821,-0.22019613205451086,-0.6542207209531965,1.271559022905494,0.5581043259384137
1.1513930573220963,0.7129813299157027,-0.7519071313324821,1.079044255452747,-0.6542207209531965,0.8713307348260839,0.5581043259384137
0.7308094238751771,1.375804985801528,-0.7519071313324821,1.338894827499734,-0.6542207209531965,1.6717873109849044,0.5581043259384137
-0.5309389529688268,0.9016807231326368,-0.7519071313324821,-0.22019613205451086,-0.6542207209531965,-0.7829461892354782,0.5581043259384137
1.1513930573220963,0.7459997517297482,-0.7519071313324821,0.5593493477226117,-0.6542207209531965,-0.8629918468513602,0.5581043259384137
-1.3721036963659112,-0.9517500580765804,1.5964838557687837,-0.7398941579665655,-0.39933094374817096,-0.46276355877195,0.5581043259384137
-0.7412295079439094,1.427420427218831,-0.7519071313324821,0.039651321810556917,-0.6542207209531965,-0.8363099609793996,0.5581043259384137
-0.6511053448826959,-0.9517500580765804,1.5746627271507478,-0.7398941579665655,-0.6542207209531965,1.1381495935456907,0.5581043259384137
1.1513930573220963,-0.8603631936868634,-0.7519071313324821,-0.4800467041014978,2.4044688402653542,0.6045118761064772,0.5581043259384137
-0.5309389529688268,1.427420427218831,-0.7519071313324821,0.29949877567562466,2.4044688402653542,0.33769301738687035,-0.25789319562723756
1.1513930573220963,-0.696441382571643,-0.5133910216218225,-0.4800467041014978,-0.6542207209531965,0.07087415866726357,0.5581043259384137
1.1513930573220963,1.2952716733839538,-0.7519071313324821,1.5987422813648018,0.3653414465564667,-0.5961729881317535,0.5581043259384137
0.09993523545317518,-0.9517500580765804,1.0539125558626814,-0.7398941579665655,-0.6542207209531965,-0.19594470005234324,0.5581043259384137
-0.9515200629189922,-0.9517500580765804,-0.7519071313324821,-0.7398941579665655,-0.6542207209531965,-0.9430375044672422,-2.705890248315047
1.1513930573220963,1.2062280247684793,0.1001247739052411,1.079044255452747,-0.39933094374817096,1.271559022905494,0.5581043259384137
-1.1426951299848882,1.427420427218831,1.5964796378145798,-0.4564233578823318,-0.2718845258008776,-0.46276355877195,-0.25789319562723756
1.1513930573220963,-0.9517500580765804,-0.7519071313324821,-0.7398941579665655,1.6397964499607167,-0.5961729881317535,0.5581043259384137
1.1513930573220963,1.2108135899229533,-0.7519071313324821,2.3782877611419244,-0.6542207209531965,1.4049684522652977,0.5581043259384137
-1.1618131413908286,1.427420427218831,-0.7519071313324821,-0.4800467041014978,-0.6542207209531965,-0.06253527069253983,0.5581043259384137
0.5205188689000944,0.29205220635399654,-0.7519071313324821,1.079044255452747,-0.6542207209531965,0.4711024467466738,0.5581043259384137
1.1513930573220963,0.326053147600633,-0.7519071313324821,0.8191968015876794,-0.6542207209531965,0.33769301738687035,0.5581043259384137
-1.3721036963659112,-0.9517500580765804,1.5964838557687837,-0.7398941579665655,-0.6542207209531965,0.7379213054662805,0.5581043259384137
1.1513930573220963,0.8836100305798797,-0.7519071313324821,-0.4800467041014978,-0.39933094374817096,-0.5961729881317535,0.5581043259384137
1.1513930573220963,0.8601313186710854,1.0837038237036742,1.527875360889223,-0.6542207209531965,1.4316503381372583,0.5581043259384137
-0.3206458744969902,-0.9517500580765804,1.0804993503153382,-0.7398941579665655,-0.6542207209531965,-0.06253527069253983,-1.8898927267493963
-1.3721036963659112,-0.9517500580765804,1.5964838557687837,-0.7398941579665655,-0.6542207209531965,0.4711024467466738,0.5581043259384137
-1.3721036963659112,-0.9517500580765804,1.5964838557687837,-0.7398941579665655,0.875124059656079,-0.8629918468513602,-1.3653184034663355
0.5205188689000944,0.9887323943558597,0.8543340896111427,1.5987422813648018,-0.314366665116642,0.33769301738687035,0.5581043259384137
1.1513930573220963,-0.5450737073209712,-0.7519071313324821,1.079044255452747,1.6397964499607167,1.9386061697045112,0.5581043259384137
1.1513930573220963,0.058687830818177515,0.2619857432520654,0.039651321810556917,-0.6542207209531965,0.33769301738687035,0.5581043259384137
-1.3721036963659112,-0.9517500580765804,1.5964838557687837,-0.7398941579665655,0.21968970834080065,1.271559022905494,0.10930524027822004
-1.1197540209971106,1.427420427218831,-0.7519071313324821,-0.4280759660557166,-0.6542207209531965,-0.9430375044672422,0.5581043259384137
-0.3206458744969902,-0.9517500580765804,-0.7519071313324821,-0.7398941579665655,1.0936031963243587,-0.7295824174915568,-1.0738907171928882
-1.3721036963659112,-0.9517500580765804,1.5964838557687837,-0.7398941579665655,-0.6542207209531965,0.33769301738687035,0.5581043259384137
-1.3721036963659112,-0.9517500580765804,1.5964838557687837,-0.7398941579665655,0.11045166935144125,1.8051967403447078,0.5581043259384137
-0.11035531952190754,-0.5445948237560513,-0.7519071313324821,-0.22019613205451086,0.5692551035342239,2.2054250284241177,-1.481889477975714
-0.11035531952190754,1.11961276027455,-0.7519071313324821,0.5593493477226117,-0.6542207209531965,0.33769301738687035,0.5581043259384137
-1.1618131413908286,1.427420427218831,-0.7519071313324821,-0.4800467041014978,-0.6542207209531965,-0.46276355877195,0.5581043259384137
-1.3721036963659112,-0.9517500580765804,1.5964838557687837,-0.7398941579665655,-0.6542207209531965,1.0047401641858873,0.5581043259384137
1.1513930573220963,-0.20940732763075898,-0.7519071313324821,2.3782877611419244,2.149579063060329,3.672928751381955,0.5581043259384137
-1.3721036963659112,-0.9517500580765804,1.5964838557687837,-0.7398941579665655,-0.6542207209531965,-0.7829461892354782,0.5581043259384137
1.1513930573220963,0.7583266806345685,-0.7519071313324821,2.3782877611419244,1.5702816123029024,-0.46276355877195,0.5581043259384137
1.1513930573220963,-0.20594562277494294,-0.7519071313324821,-0.22019613205451086,0.875124059656079,-0.32935412941214665,0.5581043259384137
0.7308094238751771,0.8822323688468945,-0.7519071313324821,0.8191968015876794,-0.6542207209531965,-0.9430375044672422,0.5581043259384137
1.1513930573220963,-0.6020746384761274,-0.7519071313324821,2.1184403072768565,-0.6542207209531965,0.7379213054662805,0.5581043259384137
1.1513930573220963,0.7502440163333549,-0.7519071313324821,2.3782877611419244,1.2922192029820856,0.33769301738687035,0.5581043259384137
-1.3721036963659112,-0.9517500580765804,1.5964838557687837,-0.7398941579665655,-0.6542207209531965,-0.06253527069253983,0.5581043259384137
-1.3721036963659112,-0.9517500580765804,1.5964838557687837,-0.7398941579665655,-0.6542207209531965,0.4711024467466738,0.5581043259384137
-1.3721036963659112,-0.9517500580765804,1.5964838557687837,-0.7398941579665655,-0.6542207209531965,-0.8629918468513602,0.1501055651555881
0.7308094238751771,-0.9517500580765804,-0.7519071313324821,-0.7398941579665655,-0.6542207209531965,-0.46276355877195,0.5581043259384137
-0.9515200629189922,1.427420427218831,0.8093006982351119,-0.22019613205451086,-0.6542207209531965,-0.9430375044672422,0.5581043259384137
1.1513930573220963,0.4346153272752625,-0.7519071313324821,0.8191968015876794,-0.6542207209531965,-0.5694911022597927,0.5581043259384137
1.1513930573220963,-0.700396135794098,-0.7519071313324821,0.29949877567562466,1.894686227165742,1.4049684522652977,0.5581043259384137
0.09993523545317518,0.012374526016952797,-0.7519071313324821,-0.22019613205451086,1.2574602548083977,-0.46276355877195,-0.25789319562723756
-0.9515200629189922,1.3825723045165355,-0.7519071313324821,-0.4800467041014978,-0.6542207209531965,-0.9163556185952816,0.5581043259384137
-0.11035531952190754,-0.9517500580765804,-0.7519071313324821,-0.7398941579665655,0.875124059656079,1.271559022905494,0.1501055651555881
1.1513930573220963,-0.4544631880857293,-0.7519071313324821,2.3782877611419244,1.6397964499607167,0.7379213054662805,0.5581043259384137
-1.3721036963659112,-0.9517500580765804,1.5964838557687837,-0.7398941579665655,-0.6542207209531965,0.7379213054662805,0.5581043259384137
1.1513930573220963,-0.06421533041680443,-0.7519071313324821,2.1184403072768565,1.894686227165742,0.6045118761064772,0.5581043259384137
-0.5309389529688268,-0.9517500580765804,-0.7519071313324821,-0.7398941579665655,-0.6542207209531965,-0.889673732723321,0.5581043259384137
1.1513930573220963,-0.8600527878634169,-0.7519071313324821,-0.22019613205451086,1.6397964499607167,-0.19594470005234324,0.5581043259384137
-0.7412295079439094,1.427420427218831,-0.7519071313324821,0.039651321810556917,-0.6542207209531965,1.0047401641858873,-0.6658919564100632
1.1513930573220963,1.1282969195286288,-0.7519071313324821,2.3782877611419244,-0.6542207209531965,0.6045118761064772,0.5581043259384137
1.1513930573220963,-0.02942019626539593,-0.7519071313324821,0.29949877567562466,-0.6542207209531965,1.8051967403447078,0.5581043259384137
-0.45446943084181896,1.427420427218831,-0.5930830411201506,0.3939890423703693,1.5305584109713573,0.07087415866726357,-0.25789319562723756
1.1513930573220963,1.427420427218831,-0.7519071313324821,2.3782877611419244,-0.6542207209531965,2.2054250284241177,0.5581043259384137
0.09993523545317518,-0.9517500580765804,-0.7519071313324821,-0.7398941579665655,-0.6542207209531965,-0.6762186457476355,-0.6658919564100632
-0.11035531952190754,-0.9517500580765804,1.147690052363446,-0.7398941579665655,-0.6542207209531965,1.0047401641858873,0.5581043259384137
0.7308094238751771,1.427420427218831,-0.7519071313324821,1.8585897352298697,0.17996650700925526,-0.06253527069253983,0.5581043259384137
-1.3721036963659112,-0.9517500580765804,1.5964838557687837,-0.7398941579665655,-0.314366665116642,-0.46276355877195,-0.25789319562723756
-1.3721036963659112,-0.9517500580765804,1.5964838557687837,-0.7398941579665655,-0.6542207209531965,0.4711024467466738,0.5581043259384137
0.9411025023470135,1.427420427218831,-0.7519071313324821,2.1184403072768565,-0.04248280870948625,0.7379213054662805,0.5581043259384137
-0.11035531952190754,-0.9517500580765804,-0.7519071313324821,-0.7398941579665655,0.7051955023930212,-0.9964012762111636,-0.25789319562723756
0.9411025023470135,1.427420427218831,-0.7519071313324821,2.1184403072768565,1.8483440216237197,2.2054250284241177,0.5581043259384137
1.1513930573220963,0.9589876723879903,-0.7519071313324821,1.5987422813648018,-0.6542207209531965,-0.06253527069253983,0.5581043259384137
1.1513930573220963,0.8146252054801745,-0.7519071313324821,1.338894827499734,-0.39933094374817096,-0.7829461892354782,0.5581043259384137
0.09993523545317518,-0.21640113629078778,1.5751603573509168,0.039651321810556917,-0.6542207209531965,3.9664294959735225,0.5581043259384137
-0.9515200629189922,1.427420427218831,-0.7519071313324821,-0.22019613205451086,-0.6542207209531965,-0.40939978702802865,-2.705890248315047
0.7308094238751771,0.2387141116279234,-0.7519071313324821,0.29949877567562466,-0.6542207209531965,0.33769301738687035,0.5581043259384137
1.1513930573220963,-0.9517500580765804,-0.7519071313324821,-0.7398941579665655,1.894686227165742,2.4722438871437245,0.5581043259384137
-1.1618131413908286,1.427420427218831,1.3651839472737124,-0.4800467041014978,-0.6542207209531965,-0.32935412941214665,-0.25789319562723756
1.1513930573220963,-0.2762859709821257,-0.7519071313324821,0.8191968015876794,-0.6542207209531965,1.8051967403447078,0.5581043259384137
1.1513930573220963,-0.9517500580765804,-0.7519071313324821,-0.7398941579665655,-0.6542207209531965,1.8051967403447078,0.5581043259384137
-1.3721036963659112,-0.9517500580765804,1.5964838557687837,-0.7398941579665655,-0.6542207209531965,0.07087415866726357,0.5581043259384137
1.1513930573220963,-0.9517500580765804,-0.7519071313324821,-0.7398941579665655,-0.6542207209531965,-0.5961729881317535,-1.0738907171928882
-1.3721036963659112,-0.9517500580765804,1.5964838557687837,-0.7398941579665655,-0.3761583116323792,-0.8363099609793996,0.1501055651555881
0.7308094238751771,-0.9517500580765804,-0.7519071313324821,-0.7398941579665655,-0.6542207209531965,1.271559022905494,0.5581043259384137
1.1513930573220963,-0.5423581181699274,-0.7519071313324821,-0.4800467041014978,-0.39933094374817096,1.9386061697045112,0.5581043259384137
0.9411025023470135,-0.9517500580765804,-0.7519071313324821,-0.7398941579665655,-0.6542207209531965,-0.19594470005234324,0.1501055651555881
1.1513930573220963,-0.4197876432305993,-0.7519071313324821,2.3782877611419244,2.4044688402653542,1.0047401641858873,0.5581043259384137
-1.3721036963659112,-0.9517500580765804,1.5964838557687837,-0.7398941579665655,-0.6542207209531965,-0.7029005316195962,0.5581043259384137
1.1513930573220963,1.0438742655397621,-0.7519071313324821,2.3782877611419244,-0.6542207209531965,0.33769301738687035,0.5581043259384137
1.1513930573220963,-0.9517500580765804,0.14800374901263996,-0.7398941579665655,-0.6542207209531965,-0.5961729881317535,0.5581043259384137
-1.3721036963659112,-0.9517500580765804,1.5964838557687837,-0.7398941579665655,-0.6542207209531965,-0.46276355877195,0.5581043259384137
0.9411025023470135,-0.2646100436161196,-0.7519071313324821,0.29949877567562466,-0.6542207209531965,1.538377881625101,0.5581043259384137
-0.9515200629189922,1.427420427218831,-0.7519071313324821,-0.22019613205451086,-0.6542207209531965,-0.06253527069253983,-1.481889477975714
1.1513930573220963,1.2061627240534347,-0.7519071313324821,2.1184403072768565,2.149579063060329,1.4049684522652977,0.5581043259384137
-1.3721036963659112,-0.9517500580765804,1.5964838557687837,-0.7398941579665655,-0.6542207209531965,0.33769301738687035,0.5581043259384137
-1.3721036963659112,-0.9517500580765804,1.5964838557687837,-0.7398941579665655,-0.6542207209531965,-0.32935412941214665,0.5581043259384137
-1.3721036963659112,-0.9517500580765804,1.5964838557687837,-0.7398941579665655,-0.6542207209531965,-0.46276355877195,0.5581043259384137
-1.1618131413908286,1.427420427218831,1.475921990045766,-0.4800467041014978,-0.6542207209531965,-0.46276355877195,0.5581043259384137
-0.3206458744969902,-0.9517500580765804,-0.7519071313324821,-0.7398941579665655,-0.6542207209531965,-0.19594470005234324,-0.25789319562723756
-1.1618131413908286,1.427420427218831,1.546549868495241,-0.4800467041014978,0.11045166935144125,1.4049684522652977,0.5581043259384137
-1.3721036963659112,-0.9517500580765804,1.5964838557687837,-0.7398941579665655,-0.6542207209531965,-0.19594470005234324,0.5581043259384137
-0.3206458744969902,-0.668727937506091,-0.7519071313324821,-0.4800467041014978,-0.04248280870948625,0.33769301738687035,-0.6658919564100632
-0.5309389529688268,-0.9517500580765804,1.3373603123169684,-0.7398941579665655,-0.6542207209531965,-0.7295824174915568,0.5581043259384137
0.5205188689000944,0.6944025223201362,-0.7519071313324821,1.079044255452747,-0.6542207209531965,1.538377881625101,0.5581043259384137
1.1513930573220963,0.6727953286270908,-0.4380590720760907,1.811346160973457,-0.6542207209531965,1.5250369386891207,0.5581043259384137
1.1513930573220963,0.40948463703971466,-0.7519071313324821,2.3782877611419244,-0.6542207209531965,1.0047401641858873,0.5581043259384137
0.5205188689000944,-0.9517500580765804,-0.7519071313324821,-0.7398941579665655,-0.2718845258008776,-0.19594470005234324,-0.25789319562723756
0.9411025023470135,1.427420427218831,0.31868073941237457,2.1184403072768565,1.3849066727556911,0.7379213054662805,0.5581043259384137
1.1513930573220963,-0.9517500580765804,-0.7519071313324821,-0.7398941579665655,1.894686227165742,-0.46276355877195,0.5581043259384137
-1.3721036963659112,-0.9517500580765804,1.5964838557687837,-0.7398941579665655,-0.6542207209531965,-0.8629918468513602,0.5581043259384137
-1.1618131413908286,-0.9517500580765804,-0.7519071313324821,-0.7398941579665655,-0.6542207209531965,1.8051967403447078,0.5581043259384137
-1.3721036963659112,-0.9517500580765804,1.5964838557687837,-0.7398941579665655,-0.6542207209531965,0.4711024467466738,0.5581043259384137
-0.11035531952190754,1.427420427218831,-0.7519071313324821,0.8191968015876794,2.4044688402653542,1.271559022905494,-1.6858911023625551
1.1513930573220963,-0.3049112497746729,-0.7519071313324821,0.3939890423703693,2.4044688402653542,0.07087415866726357,0.1501055651555881
1.1513930573220963,0.3234342764257358,-0.7519071313324821,2.3782877611419244,-0.6542207209531965,1.271559022905494,0.5581043259384137
-0.7412295079439094,1.427420427218831,-0.7519071313324821,0.039651321810556917,-0.6542207209531965,-0.6762186457476355,0.1501055651555881
1.1513930573220963,-0.5252639418820088,-0.7519071313324821,2.3782877611419244,-0.6542207209531965,1.0047401641858873,0.5581043259384137
1.1513930573220963,-0.9517500580765804,-0.7519071313324821,-0.7398941579665655,0.5692551035342239,-0.4894454446439107,0.5581043259384137
-1.3721036963659112,-0.9517500580765804,1.5964838557687837,-0.7398941579665655,-0.6542207209531965,-0.7829461892354782,0.5581043259384137
1.1513930573220963,0.9277915071733221,-0.7519071313324821,2.1184403072768565,0.11045166935144125,-0.5961729881317535,0.5581043259384137
0.31022831392501166,-0.04567162405109558,1.0934563792513852,-0.22019613205451086,0.11045166935144125,-0.7295824174915568,0.5581043259384137
-0.8674043456283098,1.427420427218831,-0.7519071313324821,-0.11625777414486754,-0.6542207209531965,0.33769301738687035,-1.6858911023625551
0.9411025023470135,-0.5775432309967582,-0.7519071313324821,0.29949877567562466,1.180993015777934,1.4049684522652977,0.5581043259384137
-0.3206458744969902,-0.9517500580765804,-0.7519071313324821,-0.7398941579665655,-0.6542207209531965,1.9386061697045112,-3.5218877698806983
0.31022831392501166,-0.9517500580765804,-0.7519071313324821,-0.7398941579665655,0.21968970834080065,-0.46276355877195,-0.25789319562723756
-1.3721036963659112,-0.9517500580765804,1.5964838557687837,-0.7398941579665655,-0.6542207209531965,-0.7295824174915568,0.5581043259384137
0.09993523545317518,1.3152469239355502,0.638410744392891,0.8191968015876794,-0.6542207209531965,0.8713307348260839,0.5581043259384137
0.09993523545317518,0.41839004485122006,-0.7519071313324821,0.5593493477226117,0.7051955023930212,1.538377881625101,-0.25789319562723756
0.9219844909410732,0.006808247081822245,0.8176579571491391,-0.17295255779809812,-0.09809590231156196,0.7379213054662805,0.5581043259384137
-1.3721036963659112,-0.9517500580765804,1.5964838557687837,-0.7398941579665655,-0.1444381078535842,1.9386061697045112,0.5581043259384137
1.1513930573220963,0.929134008699486,-0.7519071313324821,2.3782877611419244,0.875124059656079,0.20428358802706698,0.5581043259384137
-1.1618131413908286,1.427420427218831,-0.7519071313324821,-0.4800467041014978,-0.6542207209531965,-0.19594470005234324,-1.481889477975714
1.1513930573220963,-0.9517500580765804,-0.7519071313324821,-0.7398941579665655,2.4044688402653542,0.7379213054662805,0.5581043259384137
-1.3721036963659112,-0.9517500580765804,1.5964838557687837,-0.7398941579665655,-0.09809590231156196,-0.7829461892354782,0.5581043259384137
-0.7412295079439094,1.427420427218831,0.15296020192436116,0.039651321810556917,-0.6542207209531965,-0.7829461892354782,0.5581043259384137
-1.3721036963659112,-0.9517500580765804,1.5964838557687837,-0.7398941579665655,-0.39933094374817096,-0.7295824174915568,0.5581043259384137
1.1513930573220963,0.8925625914668974,-0.7519071313324821,2.3782877611419244,2.4044688402653542,2.739062745863331,-0.6658919564100632
-0.5309389529688268,-0.010951750148015287,-0.7519071313324821,0.29949877567562466,-0.39933094374817096,1.4049684522652977,0.5581043259384137
0.09993523545317518,0.7198175642837105,0.8250843027676978,0.29949877567562466,-0.6542207209531965,0.33769301738687035,0.5581043259384137
0.69257592456005,1.427420427218831,-0.7519071313324821,1.811346160973457,-0.3761583116323792,-0.19594470005234324,0.5581043259384137
1.1513930573220963,1.3550910935708043,-0.7519071313324821,2.1184403072768565,-0.314366665116642,2.2054250284241177,0.5581043259384137
-0.3206458744969902,0.9259745496837136,1.2019368097510477,-0.4800467041014978,-0.6542207209531965,0.7379213054662805,0.5581043259384137
1.1513930573220963,0.6687409869976234,-0.7519071313324821,1.8585897352298697,2.149579063060329,1.1381495935456907,0.5581043259384137
1.1513930573220963,0.26907117853313495,-0.7519071313324821,2.3782877611419244,1.894686227165742,1.538377881625101,0.5581043259384137
0.5205188689000944,-0.9517500580765804,-0.7519071313324821,-0.7398941579665655,-0.314366665116642,0.33769301738687035,0.5581043259384137
1.1513930573220963,0.7653294830308992,-0.7519071313324821,2.3782877611419244,0.875124059656079,-0.32935412941214665,0.5581043259384137
0.14199435584689316,-0.016842614276186874,1.4517010911787853,-0.4280759660557166,-0.6542207209531965,-0.32935412941214665,-1.6858911023625551
0.5205188689000944,-0.24700915987350655,1.4766835660673474,0.29949877567562466,-0.39933094374817096,1.4049684522652977,0.5581043259384137
-1.0566666021549103,1.427420427218831,-0.7519071313324821,-0.35012141807800434,-0.6542207209531965,-0.8629918468513602,0.5581043259384137
-0.3206458744969902,1.427420427218831,-0.7519071313324821,0.5593493477226117,0.875124059656079,-0.32935412941214665,-0.6658919564100632
0.9411025023470135,0.8619359667504758,-0.7519071313324821,2.1184403072768565,-0.39933094374817096,0.6045118761064772,0.5581043259384137
0.5205188689000944,-0.9517500580765804,-0.7519071313324821,-0.7398941579665655,-0.6542207209531965,-0.06253527069253983,-1.0738907171928882
-0.3206458744969902,1.427420427218831,-0.7519071313324821,0.5593493477226117,-0.6542207209531965,0.33769301738687035,-2.297891487532222
1.1513930573220963,1.0260427753193453,0.699948066125632,2.3782877611419244,-0.39933094374817096,1.8051967403447078,0.5581043259384137
0.31022831392501166,1.2837326710584358,-0.3838595867169253,0.8191968015876794,-0.6542207209531965,0.20428358802706698,0.5581043259384137
-0.7412295079439094,1.427420427218831,1.3282483601054447,0.039651321810556917,-0.39933094374817096,-0.46276355877195,0.5581043259384137
1.1513930573220963,1.427420427218831,-0.7519071313324821,2.3782877611419244,0.11045166935144125,0.33769301738687035,0.1501055651555881
-1.1618131413908286,1.427420427218831,1.5164189541361772,-0.4800467041014978,-0.1444381078535842,0.33769301738687035,-1.0738907171928882
-0.9515200629189922,1.427420427218831,-0.7519071313324821,-0.22019613205451086,-0.6542207209531965,-0.7829461892354782,0.5581043259384137
-0.9515200629189922,1.427420427218831,-0.7519071313324821,-0.22019613205451086,-0.6542207209531965,1.1381495935456907,0.5581043259384137
1.1513930573220963,0.7585409033850528,-0.7519071313324821,0.8191968015876794,-0.39933094374817096,-0.46276355877195,0.5581043259384137
-0.9515200629189922,1.427420427218831,-0.7519071313324821,-0.22019613205451086,-0.6542207209531965,-0.46276355877195,-2.705890248315047
0.7308094238751771,-0.9517500580765804,-0.7519071313324821,-0.7398941579665655,-0.6542207209531965,1.1381495935456907,0.5581043259384137
1.1513930573220963,0.6491479497395366,-0.7519071313324821,2.1184403072768565,-0.1444381078535842,0.20428358802706698,0.5581043259384137
-1.1618131413908286,1.427420427218831,-0.7519071313324821,-0.4800467041014978,-0.6542207209531965,-0.7295824174915568,-0.6658919564100632
-1.1618131413908286,1.427420427218831,-0.7519071313324821,-0.4800467041014978,-0.6542207209531965,-0.19594470005234324,-2.297891487532222
0.9411025023470135,1.427420427218831,1.4212693819200835,2.1184403072768565,-0.39933094374817096,-0.7829461892354782,0.5581043259384137
-1.3721036963659112,-0.9517500580765804,1.5964838557687837,-0.7398941579665655,-0.6542207209531965,-0.9430375044672422,0.5581043259384137
1.1513930573220963,-0.6318972265454235,-0.7519071313324821,0.039651321810556917,-0.6542207209531965,0.6045118761064772,0.5581043259384137
-1.3721036963659112,-0.9517500580765804,1.5964838557687837,-0.7398941579665655,-0.6542207209531965,-0.8629918468513602,-0.6658919564100632
-1.3721036963659112,-0.9517500580765804,1.5964838557687837,-0.7398941579665655,-0.6542207209531965,0.33769301738687035,-1.481889477975714
0.09993523545317518,-0.9517500580765804,-0.7519071313324821,-0.7398941579665655,2.4044688402653542,-0.7295824174915568,-1.0738907171928882
1.1513930573220963,-0.5722230061414356,-0.7519071313324821,0.039651321810556917,-0.6542207209531965,2.2054250284241177,0.5581043259384137
1.1513930573220963,0.7286696163291623,-0.7519071313324821,2.3782877611419244,-0.1444381078535842,1.271559022905494,0.5581043259384137
0.9411025023470135,-0.6075015216002215,0.7351482220481103,-0.4800467041014978,-0.6542207209531965,-0.8096280751074388,0.1501055651555881
1.1513930573220963,0.028352685103419994,-0.7519071313324821,-0.22019613205451086,-0.6542207209531965,0.33769301738687035,0.5581043259384137
-0.9515200629189922,1.427420427218831,-0.2698114116929586,-0.22019613205451086,-0.6542207209531965,1.0047401641858873,0.1501055651555881
0.4303947058388808,0.3202348568639784,-0.09995273211288329,0.1510140708695976,-0.04248280870948625,-0.9964012762111636,-0.08303658386316934
1.1513930573220963,-0.2949923466827165,-0.7519071313324821,-0.4800467041014978,2.149579063060329,-0.19594470005234324,0.5581043259384137
0.5205188689000944,-0.5893098645122699,0.20790446415575442,-0.4800467041014978,-0.6542207209531965,-0.32935412941214665,0.5581043259384137
-0.5309389529688268,-0.9517500580765804,-0.7519071313324821,-0.7398941579665655,0.45802891633007253,0.33769301738687035,-2.705890248315047
-1.3721036963659112,-0.9517500580765804,1.5964838557687837,-0.7398941579665655,2.4044688402653542,0.33769301738687035,-3.1138890090978726
-0.7412295079439094,1.427420427218831,1.5480725090401415,0.039651321810556917,-0.314366665116642,-0.8629918468513602,0.5581043259384137
1.1513930573220963,-0.9517500580765804,-0.7519071313324821,-0.7398941579665655,1.5702816123029024,0.07087415866726357,0.1501055651555881
-0.5309389529688268,1.427420427218831,-0.7519071313324821,0.29949877567562466,-0.314366665116642,2.872472175223135,-2.297891487532222
1.1513930573220963,-0.15872124394512038,-0.7519071313324821,0.29949877567562466,-0.6542207209531965,-0.5961729881317535,0.5581043259384137
-1.1618131413908286,1.427420427218831,-0.7519071313324821,-0.4800467041014978,-0.6542207209531965,-0.14258092830842187,0.5581043259384137
-1.3721036963659112,-0.9517500580765804,1.5964838557687837,-0.7398941579665655,-0.6542207209531965,3.5395193220221515,0.5581043259384137
0.31022831392501166,-0.7881532250797848,0.6272738544983104,-0.4800467041014978,-0.6542207209531965,0.7379213054662805,0.5581043259384137
0.9411025023470135,1.123560070472843,-0.6134934149777942,1.338894827499734,2.0646147844288,1.271559022905494,0.5581043259384137
1.1513930573220963,-0.019584192122095095,-0.7519071313324821,1.338894827499734,-0.6542207209531965,0.07087415866726357,0.5581043259384137
0.7908938815804886,-0.9517500580765804,-0.7519071313324821,-0.7398941579665655,-0.6542207209531965,-0.19594470005234324,-1.3653184034663355
1.1513930573220963,-0.9517500580765804,-0.7519071313324821,-0.7398941579665655,1.0141567936612683,1.538377881625101,0.5581043259384137
1.1513930573220963,0.3391307605163549,-0.5957538126326357,0.29949877567562466,-0.6542207209531965,-0.32935412941214665,-1.8898927267493963
0.5205188689000944,0.1584505933081805,1.1626899426253279,0.29949877567562466,-0.6542207209531965,3.4061098926623483,0.5581043259384137
-0.9515200629189922,1.427420427218831,-0.7519071313324821,-0.22019613205451086,-0.39933094374817096,1.4049684522652977,0.5581043259384137
1.1513930573220963,0.6710978846156663,0.12465945984945792,2.3782877611419244,-0.6542207209531965,1.0047401641858873,0.5581043259384137
0.09993523545317518,0.1687624930625487,-0.7519071313324821,-0.22019613205451086,-0.6542207209531965,1.0047401641858873,0.5581043259384137
-0.3206458744969902,-0.9517500580765804,1.4646701185261781,-0.7398941579665655,-0.39933094374817096,0.8713307348260839,0.5581043259384137
1.1513930573220963,-0.6031744504622206,-0.7519071313324821,0.039651321810556917,-0.6542207209531965,0.4711024467466738,0.5581043259384137
0.9411025023470135,-0.9517500580765804,-0.7519071313324821,-0.7398941579665655,-0.6542207209531965,-0.6762186457476355,0.1501055651555881
-1.3721036963659112,-0.9517500580765804,1.5964838557687837,-0.7398941579665655,-0.6542207209531965,0.07087415866726357,0.5581043259384137
-0.9515200629189922,1.427420427218831,0.8994009834239423,-0.22019613205451086,-0.6542207209531965,2.4722438871437245,0.5581043259384137
-0.11035531952190754,1.349632897660857,-0.7519071313324821,0.8191968015876794,-0.6542207209531965,-0.9430375044672422,0.5581043259384137
0.5205188689000944,0.920088105090965,0.7211622386775267,1.5987422813648018,-0.6542207209531965,-0.5961729881317535,0.5581043259384137
-1.3721036963659112,-0.9517500580765804,1.5964838557687837,-0.7398941579665655,-0.6542207209531965,1.271559022905494,0.5581043259384137
-1.3721036963659112,-0.9517500580765804,1.5964838557687837,-0.7398941579665655,-0.39933094374817096,-0.9430375044672422,0.5581043259384137
0.09993523545317518,0.7582761886670172,-0.7519071313324821,0.8191968015876794,-0.6542207209531965,1.0047401641858873,0.5581043259384137
1.1513930573220963,-0.7837550685844628,-0.272191345117702,-0.4800467041014978,-0.1444381078535842,-0.19594470005234324,0.5581043259384137
-0.7412295079439094,1.427420427218831,-0.7519071313324821,0.039651321810556917,-0.6542207209531965,-0.14258092830842187,0.5581043259384137
1.1513930573220963,-0.9517500580765804,-0.7519071313324821,-0.7398941579665655,1.6397964499607167,0.4711024467466738,0.5581043259384137
-0.5309389529688268,1.427420427218831,0.9518248419774306,0.29949877567562466,-0.6542207209531965,-0.9430375044672422,0.5581043259384137
1.1513930573220963,-0.7335773977957377,-0.7519071313324821,0.29949877567562466,-0.6542207209531965,-0.19594470005234324,0.5581043259384137
1.1513930573220963,1.427420427218831,-0.614607757623503,2.3782877611419244,-0.6542207209531965,-0.5961729881317535,0.5581043259384137
0.9411025023470135,-0.9517500580765804,0.9657816702101297,-0.7398941579665655,-0.6542207209531965,3.1392910339427416,0.5581043259384137
1.1513930573220963,0.48226072821358057,-0.7519071313324821,2.3782877611419244,2.149579063060329,0.7379213054662805,0.5581043259384137
1.1513930573220963,0.6507359099761761,-0.7519071313324821,2.3782877611419244,2.4044688402653542,1.9386061697045112,0.5581043259384137
-1.3721036963659112,-0.9517500580765804,1.5964838557687837,-0.7398941579665655,-0.6542207209531965,-0.6228548740037141,0.5581043259384137
-1.3721036963659112,-0.9517500580765804,1.5964838557687837,-0.7398941579665655,1.6397964499607167,3.2727004633025447,-1.481889477975714
-0.11035531952190754,-0.1151582319309928,-0.7519071313324821,-0.4800467041014978,-0.09809590231156196,-0.7829461892354782,0.1501055651555881
0.7308094238751771,-0.9517500580765804,-0.7519071313324821,-0.7398941579665655,2.4044688402653542,2.3388344577839213,0.5581043259384137
-0.11035531952190754,0.8146270932703253,-0.7519071313324821,0.039651321810556917,-0.39933094374817096,1.0047401641858873,0.5581043259384137
-1.3721036963659112,-0.9517500580765804,1.5964838557687837,-0.7398941579665655,-0.39933094374817096,-0.19594470005234324,0.5581043259384137
1.1513930573220963,-0.9517500580765804,-0.7519071313324821,-0.7398941579665655,1.5702816123029024,-0.9964012762111636,0.5581043259384137
0.5205188689000944,0.39627888496606267,-0.7519071313324821,0.039651321810556917,-0.04248280870948625,0.4711024467466738,0.5581043259384137
-1.3721036963659112,-0.9517500580765804,1.5964838557687837,-0.7398941579665655,-0.6542207209531965,0.6045118761064772,0.5581043259384137
1.1513930573220963,-0.9517500580765804,-0.7519071313324821,-0.7398941579665655,0.45802891633007253,0.7379213054662805,0.5581043259384137
1.1513930573220963,-0.9517500580765804,-0.7519071313324821,-0.7398941579665655,-0.3761583116323792,-0.19594470005234324,-3.1138890090978726
0.31022831392501166,-0.9517500580765804,-0.7519071313324821,-0.7398941579665655,-0.1444381078535842,0.07087415866726357,0.5581043259384137
1.1513930573220963,0.9877382546251777,0.043877531709846894,2.3782877611419244,-0.6542207209531965,1.271559022905494,0.5581043259384137
-0.11035531952190754,0.5666438558756463,0.14221051873069884,0.29949877567562466,-0.6542207209531965,-0.32935412941214665,0.5581043259384137
1.1513930573220963,-0.30041422937912776,-0.7519071313324821,1.079044255452747,0.875124059656079,0.7379213054662805,0.5581043259384137
-0.5309389529688268,-0.9517500580765804,0.007618176118541714,-0.7398941579665655,-0.09809590231156196,-0.46276355877195,0.1501055651555881
-0.9515200629189922,1.427420427218831,1.5606332942514827,-0.22019613205451086,-0.6542207209531965,2.605653316503528,0.5581043259384137
-1.3721036963659112,-0.9517500580765804,1.5964838557687837,-0.7398941579665655,-0.6542207209531965,0.6045118761064772,0.5581043259384137
1.1513930573220963,1.2015053305676808,0.2823809527605425,1.5987422813648018,-0.04248280870948625,0.20428358802706698,0.5581043259384137
-1.1618131413908286,1.427420427218831,1.2381392861232952,-0.4800467041014978,-0.3761583116323792,-0.6495367598756748,0.5581043259384137
1.1513930573220963,-0.12907094838511268,-0.7519071313324821,0.5593493477226117,0.11045166935144125,1.0047401641858873,0.5581043259384137
-1.3721036963659112,-0.9517500580765804,1.5964838557687837,-0.7398941579665655,-0.6542207209531965,-0.19594470005234324,0.5581043259384137
0.9411025023470135,0.5622778477228241,-0.7519071313324821,0.039651321810556917,2.4044688402653542,1.271559022905494,0.5581043259384137
1.1513930573220963,-0.430061320839171,-0.7519071313324821,0.039651321810556917,-0.6542207209531965,1.538377881625101,0.5581043259384137
-0.9515200629189922,1.427420427218831,-0.32096377272282717,-0.22019613205451086,0.3653414465564667,-0.46276355877195,-1.481889477975714
1.1513930573220963,-0.8802105461292316,-0.7519071313324821,-0.4800467041014978,-0.314366665116642,-0.8629918468513602,-0.6658919564100632
1.1513930573220963,0.15808579784047608,-0.7519071313324821,2.3782877611419244,0.3653414465564667,1.0047401641858873,0.5581043259384137
-1.0566666021549103,1.427420427218831,-0.7519071313324821,-0.35012141807800434,-0.6542207209531965,-0.7295824174915568,0.5581043259384137
0.09993523545317518,0.11754004767416618,-0.7519071313324821,-0.4800467041014978,-0.6542207209531965,-0.46276355877195,0.5581043259384137
1.1513930573220963,-0.9517500580765804,-0.7519071313324821,-0.7398941579665655,0.26338614741236877,1.0047401641858873,-0.25789319562723756
-1.3721036963659112,-0.9517500580765804,1.5964838557687837,-0.7398941579665655,-0.6542207209531965,1.1381495935456907,0.5581043259384137
1.1513930573220963,-0.9517500580765804,-0.7519071313324821,-0.7398941579665655,2.0646147844288,1.8051967403447078,0.5581043259384137
0.9411025023470135,1.3245603357568285,0.34931743538422094,1.8585897352298697,-0.6542207209531965,0.7379213054662805,0.5581043259384137
1.1513930573220963,-0.9517500580765804,-0.7519071313324821,-0.7398941579665655,0.11045166935144125,-0.7295824174915568,0.5581043259384137
0.9411025023470135,-0.8233609239461492,-0.7519071313324821,-0.22019613205451086,-0.39933094374817096,0.7379213054662805,0.5581043259384137
-0.11035531952190754,-0.9517500580765804,-0.7519071313324821,-0.7398941579665655,-0.6542207209531965,-0.19594470005234324,0.5581043259384137
1.1513930573220963,1.2392885208727276,-0.6167475187961043,0.8191968015876794,-0.1444381078535842,-0.5961729881317535,0.5581043259384137
1.1513930573220963,0.45832594123595644,-0.7519071313324821,2.3782877611419244,2.149579063060329,0.6045118761064772,0.5581043259384137
-1.3721036963659112,-0.9517500580765804,1.5964838557687837,-0.7398941579665655,-0.6542207209531965,-0.5294682734518518,0.5581043259384137
-0.5309389529688268,1.427420427218831,-0.06275681995337065,0.29949877567562466,-0.6542207209531965,0.6045118761064772,0.5581043259384137
-1.1426951299848882,-0.9517500580765804,-0.7519071313324821,-0.7398941579665655,-0.6542207209531965,0.07087415866726357,-3.1138890090978726
-1.3721036963659112,-0.9517500580765804,1.5964838557687837,-0.7398941579665655,-0.314366665116642,0.33769301738687035,-0.6658919564100632
1.1513930573220963,1.1087431611446346,-0.7519071313324821,2.3782877611419244,2.4044688402653542,-0.19594470005234324,0.5581043259384137
1.1513930573220963,-0.3128137861052819,-0.7519071313324821,-0.4800467041014978,-0.6542207209531965,-0.46276355877195,0.5581043259384137
0.14199435584689316,-0.9517500580765804,-0.7519071313324821,-0.7398941579665655,1.894686227165742,-0.9964012762111636,-0.33949384538197364
1.1513930573220963,-0.9517500580765804,-0.7519071313324821,-0.7398941579665655,-0.6542207209531965,-0.7295824174915568,0.5581043259384137
-0.5309389529688268,0.6389559100429797,0.8576651833821949,-0.4800467041014978,-0.6542207209531965,0.8713307348260839,0.5581043259384137
1.1513930573220963,-0.9517500580765804,-0.7519071313324821,-0.7398941579665655,2.4044688402653542,-0.7829461892354782,-2.006463801258775
1.1513930573220963,0.7985704648828553,-0.7519071313324821,2.1184403072768565,2.4044688402653542,0.33769301738687035,0.5581043259384137
1.1513930573220963,-0.8118541954197314,-0.7519071313324821,-0.22019613205451086,1.894686227165742,-0.32935412941214665,0.5581043259384137
1.1513930573220963,0.009934947513861581,-0.7519071313324821,2.3782877611419244,2.4044688402653542,1.4049684522652977,0.5581043259384137
1.1513930573220963,0.4767814204637143,1.0597819351959823,0.5593493477226117,-0.6542207209531965,0.6045118761064772,0.5581043259384137
-1.3721036963659112,-0.9517500580765804,1.5964838557687837,-0.7398941579665655,-0.09809590231156196,1.0047401641858873,0.1501055651555881
-1.3721036963659112,-0.9517500580765804,1.5964838557687837,-0.7398941579665655,-0.6542207209531965,1.1381495935456907,0.5581043259384137
-1.3721036963659112,-0.9517500580765804,1.5964838557687837,-0.7398941579665655,-0.39933094374817096,-0.4894454446439107,0.5581043259384137
-1.3721036963659112,-0.9517500580765804,1.5964838557687837,-0.7398941579665655,-0.39933094374817096,-0.9430375044672422,0.5581043259384137
0.09993523545317518,-0.9517500580765804,-0.7519071313324821,-0.7398941579665655,1.7927309280216444,-0.19594470005234324,-1.0738907171928882
0.5205188689000944,1.346495867832887,-0.7519071313324821,1.338894827499734,-0.39933094374817096,0.07087415866726357,0.5581043259384137
-1.3721036963659112,-0.9517500580765804,1.5964838557687837,-0.7398941579665655,-0.6542207209531965,2.739062745863331,0.5581043259384137
-1.0566666021549103,1.427420427218831,1.126947350605402,-0.35012141807800434,0.11045166935144125,-0.5961729881317535,-0.00289453113682849
-0.7412295079439094,1.427420427218831,-0.7519071313324821,0.039651321810556917,-0.6542207209531965,-0.7295824174915568,-0.6658919564100632
1.1513930573220963,0.8055715070110934,-0.4913278142523711,2.3782877611419244,0.3653414465564667,-0.06253527069253983,0.5581043259384137
-0.36270499489070823,-0.9517500580765804,-0.7519071313324821,-0.7398941579665655,-0.6542207209531965,-0.8629918468513602,-2.5834892736829427
-0.3206458744969902,-0.663635337853422,-0.7519071313324821,-0.4800467041014978,0.6202342824510535,3.5395193220221515,-0.6658919564100632
-0.3206458744969902,-0.3598611055477487,0.45596438540398604,-0.4800467041014978,-0.39933094374817096,0.20428358802706698,0.5581043259384137
-1.1618131413908286,1.427420427218831,-0.7519071313324821,-0.4800467041014978,-0.6542207209531965,1.0047401641858873,0.5581043259384137
-1.1618131413908286,1.427420427218831,1.583482968578013,-0.4800467041014978,-0.2172655063061979,2.0720155990643145,-0.6658919564100632
1.1513930573220963,-0.9517500580765804,-0.7519071313324821,-0.7398941579665655,2.126406430944537,-0.7829461892354782,0.5581043259384137
-1.3721036963659112,-0.9517500580765804,1.5964838557687837,-0.7398941579665655,-0.6542207209531965,0.6045118761064772,0.5581043259384137
-0.5309389529688268,-0.9517500580765804,1.0560764652933452,-0.7398941579665655,-0.6542207209531965,-0.46276355877195,0.5581043259384137
0.7308094238751771,0.35407665296532304,-0.7519071313324821,0.8191968015876794,2.4044688402653542,3.672928751381955,0.1501055651555881
0.7308094238751771,-0.9517500580765804,1.2320195617642227,-0.7398941579665655,-0.6542207209531965,0.33769301738687035,0.5581043259384137
-0.3206458744969902,0.3021201453871705,-0.7519071313324821,-0.4800467041014978,-0.6542207209531965,1.271559022905494,0.5581043259384137
1.1513930573220963,0.5113680883839208,0.26642807407647195,1.079044255452747,-0.6542207209531965,0.7379213054662805,0.1501055651555881
-0.8113272007678548,1.427420427218831,0.917611543426341,-0.046965535538438706,-0.6542207209531965,1.1381495935456907,0.059439173870516004
1.1513930573220963,1.427420427218831,-0.7519071313324821,2.3782877611419244,-0.6542207209531965,-0.19594470005234324,-1.481889477975714
1.1513930573220963,-0.9517500580765804,-0.7519071313324821,-0.7398941579665655,0.875124059656079,-0.8629918468513602,-1.6858911023625551
1.1513930573220963,0.4774174503341321,-0.5438591069319044,-0.4800467041014978,-0.3761583116323792,3.005881604582938,0.1501055651555881
-0.5309389529688268,0.7878584688060859,-0.7519071313324821,-0.22019613205451086,-0.6542207209531965,-0.32935412941214665,0.5581043259384137
0.004350225416980902,1.17917534099403,-0.6281702845995425,0.6774598424546029,-0.6542207209531965,0.4711024467466738,0.5581043259384137
-0.5309389529688268,1.3124353263247255,0.21661638734113603,0.039651321810556917,-0.04248280870948625,-0.5961729881317535,-1.481889477975714
1.1513930573220963,-0.9517500580765804,-0.7519071313324821,-0.7398941579665655,0.7360913256508896,0.6045118761064772,0.5581043259384137
0.09993523545317518,-0.9517500580765804,-0.7519071313324821,-0.7398941579665655,-0.6542207209531965,2.872472175223135,0.5581043259384137
-1.3721036963659112,-0.9517500580765804,1.5964838557687837,-0.7398941579665655,-0.6542207209531965,0.6045118761064772,0.5581043259384137
-1.3721036963659112,-0.9517500580765804,1.5964838557687837,-0.7398941579665655,-0.6542207209531965,0.7379213054662805,0.5581043259384137
0.5205188689000944,0.874463152921937,-0.7519071313324821,1.079044255452747,-0.6542207209531965,-0.46276355877195,0.5581043259384137
-1.3721036963659112,-0.9517500580765804,1.5964838557687837,-0.7398941579665655,-0.6542207209531965,0.20428358802706698,0.5581043259384137
0.31022831392501166,0.8599260330176136,0.6429674294112344,0.5593493477226117,-0.6542207209531965,-0.06253527069253983,0.5581043259384137
-1.3721036963659112,-0.9517500580765804,1.5964838557687837,-0.7398941579665655,-0.6542207209531965,-0.7295824174915568,-3.5218877698806983
-0.5309389529688268,1.427420427218831,-0.7519071313324821,0.29949877567562466,-0.6542207209531965,-0.9430375044672422,0.5581043259384137
1.1513930573220963,0.46467708076434044,-0.7519071313324821,2.3782877611419244,2.4044688402653542,3.5395193220221515,0.5581043259384137
1.1513930573220963,0.49201960871989003,-0.11834012139019798,1.338894827499734,-0.6542207209531965,3.2727004633025447,0.5581043259384137
0.31022831392501166,1.427420427218831,-0.7519071313324821,1.338894827499734,1.180993015777934,1.0047401641858873,0.1501055651555881
1.1513930573220963,-0.9517500580765804,-0.7519071313324821,-0.7398941579665655,1.0141567936612683,-0.9964012762111636,0.1501055651555881
1.1513930573220963,0.8793095226663259,-0.7519071313324821,2.3782877611419244,2.4044688402653542,-0.8629918468513602,0.5581043259384137
-1.3721036963659112,-0.9517500580765804,1.5964838557687837,-0.7398941579665655,-0.6542207209531965,-0.9430375044672422,0.5581043259384137
1.1513930573220963,0.43207531454738407,-0.7519071313324821,2.3782877611419244,-0.6542207209531965,0.8713307348260839,0.5581043259384137
1.1513930573220963,-0.9517500580765804,-0.7519071313324821,-0.7398941579665655,0.6202342824510535,-0.8629918468513602,0.5581043259384137
-0.3206458744969902,-0.9517500580765804,1.4281221652218195,-0.7398941579665655,-0.1444381078535842,-0.9430375044672422,0.5581043259384137
-0.3206458744969902,-0.9517500580765804,0.43416514102934256,-0.7398941579665655,-0.6542207209531965,-0.06253527069253983,0.5581043259384137
-1.1618131413908286,1.427420427218831,1.5499709663190635,-0.4800467041014978,-0.39933094374817096,-0.8629918468513602,0.5581043259384137
-1.3721036963659112,-0.9517500580765804,1.5964838557687837,-0.7398941579665655,0.11045166935144125,-0.46276355877195,-1.0738907171928882
1.1513930573220963,-0.918977309091851,0.21456267524401637,-0.4800467041014978,-0.39933094374817096,0.7379213054662805,0.5581043259384137
-1.3721036963659112,-0.9517500580765804,1.5964838557687837,-0.7398941579665655,-0.6542207209531965,-0.9430375044672422,-0.6658919564100632
0.09993523545317518,0.43055199000021177,-0.7519071313324821,0.5593493477226117,0.11045166935144125,-0.8363099609793996,0.5581043259384137
-1.3721036963659112,-0.9517500580765804,1.5964838557687837,-0.7398941579665655,-0.3761583116323792,-0.5961729881317535,0.5581043259384137
-0.5309389529688268,-0.9517500580765804,-0.7519071313324821,-0.7398941579665655,2.4044688402653542,-0.32935412941214665,-1.8898927267493963
0.7308094238751771,0.7845314846749292,-0.7519071313324821,0.29949877567562466,-0.6542207209531965,1.4049684522652977,0.5581043259384137
1.1513930573220963,0.050882907901088986,-0.7519071313324821,0.29949877567562466,2.4044688402653542,0.7379213054662805,0.5581043259384137
0.7308094238751771,1.1804904339344084,-0.7519071313324821,1.338894827499734,-0.6542207209531965,-0.9430375044672422,0.5581043259384137
-0.5309389529688268,1.1939336407907455,-0.7519071313324821,-0.22019613205451086,-0.3761583116323792,0.4711024467466738,0.1501055651555881
1.1513930573220963,0.5628860724125593,-0.7519071313324821,1.079044255452747,0.5692551035342239,0.6045118761064772,0.5581043259384137
1.1513930573220963,1.427420427218831,-0.7519071313324821,2.3782877611419244,0.7360913256508896,1.1381495935456907,0.5581043259384137
1.1513930573220963,-0.9517500580765804,-0.7519071313324821,-0.7398941579665655,1.3849066727556911,0.07087415866726357,0.5581043259384137
-1.3721036963659112,-0.9517500580765804,1.5964838557687837,-0.7398941579665655,-0.6542207209531965,-0.46276355877195,0.5581043259384137
1.1513930573220963,0.2052520229929744,-0.7519071313324821,2.1184403072768565,2.4044688402653542,0.6045118761064772,0.5581043259384137
-0.11035531952190754,-0.9517500580765804,-0.7519071313324821,-0.7398941579665655,0.875124059656079,-0.8363099609793996,-1.481889477975714
0.5205188689000944,-0.9517500580765804,-0.7519071313324821,-0.7398941579665655,0.025487390719912358,-0.7429233604275371,-1.481889477975714
0.31022831392501166,1.3868414841407704,0.5282967206557533,1.338894827499734,-0.1444381078535842,-0.9430375044672422,0.5581043259384137
-1.3721036963659112,-0.9517500580765804,1.5964838557687837,-0.7398941579665655,-0.314366665116642,-0.7829461892354782,0.1501055651555881
1.1513930573220963,1.427420427218831,-0.7519071313324821,2.3782877611419244,2.4044688402653542,1.4049684522652977,0.5581043259384137
-1.3721036963659112,-0.9517500580765804,1.5964838557687837,-0.7398941579665655,-0.6542207209531965,-0.32935412941214665,-1.8898927267493963
-1.3721036963659112,-0.9517500580765804,1.5964838557687837,-0.7398941579665655,-0.6542207209531965,-0.7429233604275371,0.5581043259384137
1.1513930573220963,1.427420427218831,-0.7519071313324821,2.3782877611419244,0.3653414465564667,-0.7295824174915568,0.5581043259384137
-1.3721036963659112,-0.9517500580765804,1.5964838557687837,-0.7398941579665655,-0.6542207209531965,0.6045118761064772,0.5581043259384137
-1.3721036963659112,-0.9517500580765804,1.5964838557687837,-0.7398941579665655,-0.6542207209531965,-0.5961729881317535,0.5581043259384137
0.9411025023470135,-0.5168498089431783,-0.7519071313324821,0.039651321810556917,0.26338614741236877,-0.5961729881317535,0.5581043259384137
1.1513930573220963,1.1844583261878368,-0.545818312480705,2.3782877611419244,2.149579063060329,3.1392910339427416,0.5581043259384137
1.1513930573220963,1.2411141486840593,-0.7519071313324821,2.3782877611419244,-0.6542207209531965,-0.35603601528410733,0.5581043259384137
-1.3721036963659112,-0.9517500580765804,1.5964838557687837,-0.7398941579665655,-0.6542207209531965,-0.5961729881317535,0.5581043259384137
1.1513930573220963,-0.5352564821959421,-0.7519071313324821,-0.4800467041014978,-0.6542207209531965,-0.46276355877195,0.5581043259384137
-1.3721036963659112,-0.9517500580765804,1.5964838557687837,-0.7398941579665655,-0.6542207209531965,1.8051967403447078,-2.297891487532222
-1.0566666021549103,1.427420427218831,1.4107695779899976,-0.35012141807800434,-0.6542207209531965,1.4049684522652977,0.5581043259384137
1.1513930573220963,-0.9517500580765804,-0.7519071313324821,-0.7398941579665655,0.17996650700925526,0.07087415866726357,0.5581043259384137
1.1513930573220963,1.2445226029975713,-0.7519071313324821,2.3782877611419244,2.4044688402653542,2.605653316503528,0.5581043259384137
1.1513930573220963,0.8810725852835968,1.4017664103103833,2.3782877611419244,-0.6542207209531965,0.7379213054662805,0.5581043259384137
-1.3721036963659112,-0.9517500580765804,1.5964838557687837,-0.7398941579665655,-0.6542207209531965,-0.7829461892354782,0.5581043259384137
-1.3721036963659112,-0.9517500580765804,1.5964838557687837,-0.7398941579665655,-0.6542207209531965,-0.9430375044672422,0.5581043259384137
-1.3721036963659112,-0.9517500580765804,1.5964838557687837,-0.7398941579665655,-0.6542207209531965,-0.7295824174915568,0.5581043259384137
-1.3721036963659112,-0.9517500580765804,1.5964838557687837,-0.7398941579665655,-0.6542207209531965,-0.889673732723321,-1.0738907171928882
-0.11035531952190754,0.08053949433736653,0.9285748096319819,-0.4800467041014978,-0.39933094374817096,-0.40939978702802865,0.5581043259384137
1.1513930573220963,0.2766307458007498,-0.7519071313324821,-0.4800467041014978,0.11045166935144125,3.1392910339427416,0.5581043259384137
-1.1618131413908286,-0.9517500580765804,-0.7519071313324821,-0.7398941579665655,1.6397964499607167,0.8713307348260839,-2.705890248315047
-1.3721036963659112,-0.9517500580765804,1.5964838557687837,-0.7398941579665655,-0.34835176483134134,0.7379213054662805,0.1501055651555881
-0.11035531952190754,0.5700412542912714,1.228151628011081,0.29949877567562466,-0.6542207209531965,0.6045118761064772,0.5581043259384137
-1.3721036963659112,-0.9517500580765804,1.5964838557687837,-0.7398941579665655,-0.6542207209531965,-0.9430375044672422,0.5581043259384137
1.1513930573220963,-0.9517500580765804,1.2267713697608165,-0.7398941579665655,-0.6542207209531965,0.09755604453922424,-0.6658919564100632
-1.3721036963659112,-0.9517500580765804,1.5964838557687837,-0.7398941579665655,-0.6542207209531965,-0.9430375044672422,0.5581043259384137
-0.11035531952190754,1.427420427218831,1.5029049315861156,0.8191968015876794,-0.6542207209531965,0.33769301738687035,0.5581043259384137
-0.5309389529688268,-0.9517500580765804,-0.7519071313324821,-0.7398941579665655,-0.6542207209531965,-0.9964012762111636,0.5581043259384137
-0.11035531952190754,1.427420427218831,-0.7519071313324821,0.8191968015876794,1.3849066727556911,-0.9964012762111636,-0.25789319562723756
0.09993523545317518,0.7980653195456251,1.330949847301663,-0.4800467041014978,-0.6542207209531965,0.33769301738687035,0.5581043259384137
1.1513930573220963,-0.9517500580765804,-0.7519071313324821,-0.7398941579665655,1.3849066727556911,0.7379213054662805,0.5581043259384137
0.9411025023470135,-0.29731437299127195,-0.014308776848044782,-0.22019613205451086,0.11045166935144125,-0.5961729881317535,0.5581043259384137
-0.11035531952190754,-0.9517500580765804,-0.7519071313324821,-0.7398941579665655,-0.6542207209531965,-0.46276355877195,0.5581043259384137
-1.3721036963659112,-0.9517500580765804,1.5964838557687837,-0.7398941579665655,-0.09809590231156196,-0.889673732723321,-0.25789319562723756
1.1513930573220963,-0.9517500580765804,-0.7519071313324821,-0.7398941579665655,1.3849066727556911,-0.5961729881317535,0.5581043259384137
-0.7412295079439094,-0.9517500580765804,-0.03746160690940533,-0.7398941579665655,-0.6542207209531965,-0.06253527069253983,0.5581043259384137
0.09993523545317518,-0.9517500580765804,-0.7519071313324821,-0.7398941579665655,1.9675136256183559,-0.5961729881317535,-1.0738907171928882
1.1513930573220963,-0.05355090911337083,0.3369484537075419,0.039651321810556917,-0.6542207209531965,-0.5961729881317535,0.5581043259384137
1.1513930573220963,0.9664161991906507,0.01877908251236067,2.3782877611419244,-0.6542207209531965,0.33769301738687035,0.5581043259384137
-0.11035531952190754,1.427420427218831,0.8830547966949005,0.8191968015876794,-0.6542207209531965,1.9386061697045112,0.5581043259384137
0.9411025023470135,-0.29085503097703513,1.2792903295075657,0.039651321810556917,-0.3761583116323792,0.07087415866726357,0.1501055651555881
-1.3721036963659112,-0.9517500580765804,1.5964838557687837,-0.7398941579665655,-0.3761583116323792,-0.46276355877195,0.1501055651555881
-1.1618131413908286,1.427420427218831,1.3940313959547448,-0.4800467041014978,-0.6542207209531965,2.605653316503528,-1.481889477975714
-1.3721036963659112,-0.9517500580765804,1.5964838557687837,-0.7398941579665655,-0.09809590231156196,-0.8629918468513602,0.5581043259384137
1.1513930573220963,0.5995538184774013,-0.7519071313324821,1.079044255452747,-0.6542207209531965,-0.5961729881317535,0.5581043259384137
0.9411025023470135,-0.9517500580765804,-0.7519071313324821,-0.7398941579665655,0.7051955023930212,0.33769301738687035,-0.6658919564100632
-1.1618131413908286,1.427420427218831,0.969027382886462,-0.4800467041014978,-0.6542207209531965,-0.40939978702802865,0.5581043259384137
-1.3721036963659112,-0.9517500580765804,1.5964838557687837,-0.7398941579665655,-0.6542207209531965,-0.9964012762111636,0.5581043259384137
0.31022831392501166,-0.9517500580765804,-0.7519071313324821,-0.7398941579665655,-0.6542207209531965,-1.129810705570967,0.5581043259384137
-1.1618131413908286,1.427420427218831,1.5539646047730709,-0.4800467041014978,-0.39933094374817096,-0.8629918468513602,0.5581043259384137
-1.1197540209971106,1.427420427218831,1.4712973671889686,-0.4280759660557166,-0.6542207209531965,2.3388344577839213,0.5581043259384137
1.1513930573220963,-0.9517500580765804,-0.7519071313324821,-0.7398941579665655,-0.6542207209531965,-0.7829461892354782,0.5581043259384137
-0.8674043456283098,1.427420427218831,-0.7519071313324821,-0.11625777414486754,-0.6542207209531965,0.7379213054662805,0.5581043259384137
-0.3206458744969902,1.427420427218831,1.0988900898880507,0.5593493477226117,-0.6542207209531965,0.8713307348260839,0.5581043259384137
0.9411025023470135,0.20649383623812853,0.4795714372429307,0.5593493477226117,-0.6542207209531965,0.6578756478503985,0.5581043259384137
-0.7412295079439094,0.795600807716304,0.3093677065870654,0.039651321810556917,-0.39933094374817096,-0.9430375044672422,0.5581043259384137
-1.1618131413908286,1.427420427218831,-0.4848530136540112,-0.4800467041014978,-0.6542207209531965,1.6717873109849044,0.5581043259384137
0.09993523545317518,-0.9517500580765804,-0.7519071313324821,-0.7398941579665655,1.3849066727556911,0.6045118761064772,-0.6658919564100632
-0.3206458744969902,1.427420427218831,-0.7519071313324821,0.5593493477226117,-0.314366665116642,-0.5961729881317535,-0.25789319562723756
0.31022831392501166,-0.9517500580765804,-0.7519071313324821,-0.7398941579665655,-0.2172655063061979,-0.46276355877195,-0.6658919564100632
-1.3721036963659112,-0.9517500580765804,1.5964838557687837,-0.7398941579665655,-0.6542207209531965,-0.9430375044672422,0.5581043259384137
1.1513930573220963,-0.9517500580765804,-0.7519071313324821,-0.7398941579665655,0.26338614741236877,-0.19594470005234324,0.5581043259384137
1.1513930573220963,-0.9517500580765804,-0.7519071313324821,-0.7398941579665655,2.4044688402653542,-0.9964012762111636,0.5581043259384137
0.09993523545317518,0.6740164402086173,-0.7519071313324821,-0.4800467041014978,-0.6542207209531965,0.7379213054662805,0.5581043259384137
1.1513930573220963,-0.9517500580765804,-0.7519071313324821,-0.7398941579665655,-0.6542207209531965,-0.46276355877195,0.5581043259384137
1.1513930573220963,-0.9517500580765804,-0.7519071313324821,-0.7398941579665655,2.149579063060329,-0.5961729881317535,0.5581043259384137
-1.3721036963659112,-0.9517500580765804,1.5964838557687837,-0.7398941579665655,-0.6542207209531965,-0.8629918468513602,-2.705890248315047
1.1513930573220963,0.44320381876815235,-0.7519071313324821,2.3782877611419244,-0.6542207209531965,1.6717873109849044,0.5581043259384137
-0.9515200629189922,1.427420427218831,-0.7519071313324821,-0.22019613205451086,-0.6542207209531965,-0.7295824174915568,0.5581043259384137
1.1513930573220963,0.307767222348274,-0.7519071313324821,1.5987422813648018,-0.6542207209531965,-0.46276355877195,0.5581043259384137
-1.3721036963659112,-0.9517500580765804,1.5964838557687837,-0.7398941579665655,-0.6542207209531965,-0.8629918468513602,0.5581043259384137
-1.1426951299848882,1.427420427218831,0.6788310732024146,-0.4564233578823318,-0.6542207209531965,1.1381495935456907,0.1501055651555881
0.7308094238751771,-0.052417599033182244,-0.19690850640081517,0.8191968015876794,-0.34835176483134134,-0.32935412941214665,0.5581043259384137
1.1513930573220963,-0.27189918894510123,-0.7519071313324821,-0.22019613205451086,-0.6542207209531965,1.1381495935456907,0.5581043259384137
-1.1618131413908286,1.427420427218831,1.1306659273890123,-0.4800467041014978,-0.6542207209531965,1.1381495935456907,0.5581043259384137
-0.5309389529688268,0.8346522610805444,0.5066153155518727,0.29949877567562466,-0.6542207209531965,0.7379213054662805,0.5581043259384137
1.1513930573220963,-0.9517500580765804,-0.7519071313324821,-0.7398941579665655,-0.6542207209531965,0.7379213054662805,0.5581043259384137
-1.3721036963659112,-0.9517500580765804,1.5964838557687837,-0.7398941579665655,-0.6542207209531965,-0.6495367598756748,0.5581043259384137
1.1513930573220963,-0.9517500580765804,1.2465434175785473,-0.7398941579665655,-0.6542207209531965,0.4711024467466738,0.5581043259384137
-1.3721036963659112,-0.9517500580765804,1.5964838557687837,-0.7398941579665655,0.3653414465564667,1.538377881625101,-0.25789319562723756
-1.3721036963659112,-0.9517500580765804,1.5964838557687837,-0.7398941579665655,-0.6542207209531965,-0.7429233604275371,0.5581043259384137
-1.3721036963659112,-0.9517500580765804,1.5964838557687837,-0.7398941579665655,2.4044688402653542,0.4711024467466738,-1.8898927267493963
0.5205188689000944,-0.9517500580765804,-0.7519071313324821,-0.7398941579665655,1.045052616919137,-0.9430375044672422,0.1501055651555881
0.69257592456005,-0.9517500580765804,-0.7519071313324821,-0.7398941579665655,1.5305584109713573,1.0047401641858873,-0.6658919564100632
1.1513930573220963,1.427420427218831,-0.7519071313324821,2.3782877611419244,-0.6542207209531965,0.6045118761064772,0.5581043259384137
-1.3721036963659112,-0.9517500580765804,1.5964838557687837,-0.7398941579665655,-0.6542207209531965,1.0047401641858873,0.5581043259384137
-0.5309389529688268,-0.1060528960927202,-0.7519071313324821,-0.4800467041014978,-0.3761583116323792,0.33769301738687035,-0.6658919564100632
-1.3721036963659112,-0.9517500580765804,1.5964838557687837,-0.7398941579665655,-0.6542207209531965,2.4722438871437245,0.5581043259384137
-1.3721036963659112,-0.9517500580765804,1.5964838557687837,-0.7398941579665655,0.11045166935144125,-0.9430375044672422,-0.25789319562723756
1.1513930573220963,0.24208250165077252,-0.5290328260513432,1.8585897352298697,-0.6542207209531965,-0.46276355877195,0.5581043259384137
1.1513930573220963,-0.9517500580765804,-0.7519071313324821,-0.7398941579665655,-0.39933094374817096,-0.32935412941214665,0.5581043259384137
0.5205188689000944,1.427420427218831,-0.7519071313324821,1.5987422813648018,2.0985998841434994,0.6651525257427098,-0.25789319562723756
-0.9515200629189922,1.427420427218831,1.4966528776155716,-0.22019613205451086,-0.6542207209531965,2.3521754007199016,0.5581043259384137
-0.3206458744969902,-0.9517500580765804,0.6314220514899749,-0.7398941579665655,-0.2172655063061979,0.8713307348260839,-0.6658919564100632
-0.5309389529688268,1.3144809440988428,-0.7519071313324821,-0.22019613205451086,-0.6542207209531965,2.605653316503528,0.5581043259384137
-0.9515200629189922,0.8487032821469741,1.125595502771025,-0.22019613205451086,-0.6542207209531965,0.36437490325883104,0.5581043259384137
-0.7412295079439094,1.427420427218831,-0.7519071313324821,0.039651321810556917,1.3849066727556911,2.3388344577839213,-2.297891487532222
-1.3721036963659112,-0.9517500580765804,1.5964838557687837,-0.7398941579665655,-0.3761583116323792,-0.46276355877195,0.5581043259384137
0.5205188689000944,-0.9517500580765804,1.458976771230502,-0.7398941579665655,-0.6542207209531965,0.6045118761064772,0.5581043259384137
1.1513930573220963,1.427420427218831,1.4700386836925938,2.3782877611419244,-0.09809590231156196,1.1381495935456907,0.1501055651555881
0.31022831392501166,-0.9517500580765804,-0.7519071313324821,-0.7398941579665655,1.6397964499607167,-0.7295824174915568,0.5581043259384137
-0.5309389529688268,-0.9517500580765804,1.4162860335501148,-0.7398941579665655,0.11045166935144125,0.6045118761064772,-0.6658919564100632
-0.11035531952190754,-0.9517500580765804,1.538035401318667,-0.7398941579665655,-0.39933094374817096,0.6045118761064772,0.5581043259384137
0.7308094238751771,-0.47874761886980505,-0.7519071313324821,-0.4800467041014978,-0.6542207209531965,-0.5961729881317535,0.1501055651555881
0.7308094238751771,1.427420427218831,1.3597903241873006,1.8585897352298697,-0.34835176483134134,0.07087415866726357,0.5581043259384137
0.31022831392501166,0.4370868034449852,-0.7519071313324821,-0.22019613205451086,-0.6542207209531965,0.4711024467466738,0.5581043259384137
1.1513930573220963,0.9276136029421705,-0.7519071313324821,2.3782877611419244,0.45802891633007253,0.4711024467466738,0.5581043259384137
1.1513930573220963,1.1287389249941324,-0.7519071313324821,1.8585897352298697,1.2922192029820856,0.33769301738687035,0.5581043259384137
0.31022831392501166,-0.9517500580765804,-0.7519071313324821,-0.7398941579665655,-0.6542207209531965,-0.7562643033635175,-0.25789319562723756
-1.3721036963659112,-0.9517500580765804,1.5964838557687837,-0.7398941579665655,-0.04248280870948625,-0.19594470005234324,0.5581043259384137
-0.5309389529688268,-0.9517500580765804,0.9006842190396573,-0.7398941579665655,-0.314366665116642,0.33769301738687035,0.1501055651555881
-1.3721036963659112,-0.9517500580765804,1.5964838557687837,-0.7398941579665655,-0.1444381078535842,0.33769301738687035,-1.0738907171928882
-1.3721036963659112,-0.9517500580765804,1.5964838557687837,-0.7398941579665655,-0.6542207209531965,-0.46276355877195,0.5581043259384137
0.7308094238751771,-0.13373408887994687,1.2605107951694299,0.29949877567562466,-0.6542207209531965,2.3388344577839213,0.5581043259384137
0.9411025023470135,0.4043711338940016,-0.7519071313324821,1.5987422813648018,-0.6542207209531965,-0.19594470005234324,0.5581043259384137
0.09993523545317518,0.7844723035729277,-0.7519071313324821,0.5593493477226117,-0.1444381078535842,0.6045118761064772,-0.25789319562723756
0.31022831392501166,0.8763803852289729,-0.7519071313324821,0.039651321810556917,-0.6542207209531965,-0.8629918468513602,0.5581043259384137
-0.7412295079439094,1.427420427218831,-0.7519071313324821,0.039651321810556917,-0.09809590231156196,0.20428358802706698,-1.481889477975714
-1.3721036963659112,-0.9517500580765804,1.5964838557687837,-0.7398941579665655,-0.6542207209531965,0.4711024467466738,0.5581043259384137
1.1513930573220963,-0.7853034979848342,-0.7519071313324821,-0.4800467041014978,-0.34835176483134134,-0.5161273305158713,0.5581043259384137
1.1513930573220963,1.255649660184322,-0.7138895262314062,1.079044255452747,1.7927309280216444,0.8713307348260839,0.5581043259384137
-1.3721036963659112,-0.9517500580765804,1.5964838557687837,-0.7398941579665655,-0.6542207209531965,-0.46276355877195,0.5581043259384137
-0.3206458744969902,-0.9517500580765804,-0.7519071313324821,-0.7398941579665655,-0.6542207209531965,-0.5961729881317535,-1.481889477975714
1.1513930573220963,1.427420427218831,-0.7519071313324821,2.3782877611419244,0.7051955023930212,0.07087415866726357,0.5581043259384137
-1.3721036963659112,-0.9517500580765804,1.5964838557687837,-0.7398941579665655,-0.6542207209531965,0.33769301738687035,0.5581043259384137
-0.5309389529688268,0.48870808431149826,-0.7519071313324821,-0.4800467041014978,-0.6542207209531965,0.4711024467466738,-0.25789319562723756
0.9411025023470135,0.330567773522956,0.4627393372690851,0.039651321810556917,-0.39933094374817096,0.33769301738687035,0.5581043259384137
-0.2505507051697985,1.427420427218831,1.4112408337115585,0.6459630868896882,-0.6542207209531965,-0.5961729881317535,-0.4392259781973822
0.31022831392501166,0.41288516796844565,-0.7519071313324821,0.8191968015876794,-0.1444381078535842,0.7379213054662805,-0.6658919564100632
0.09993523545317518,0.641224555541987,-0.7519071313324821,0.039651321810556917,-0.6542207209531965,0.8713307348260839,0.5581043259384137
0.7308094238751771,-0.9517500580765804,-0.7519071313324821,-0.7398941579665655,-0.6542207209531965,-0.5428092163878321,0.5581043259384137
-1.3721036963659112,-0.9517500580765804,1.5964838557687837,-0.7398941579665655,-0.6542207209531965,-0.9430375044672422,-1.8898927267493963
1.1513930573220963,0.1206253662118319,-0.7519071313324821,2.3782877611419244,-0.6542207209531965,0.6045118761064772,0.5581043259384137
-1.3721036963659112,-0.9517500580765804,1.5964838557687837,-0.7398941579665655,-0.34835176483134134,-0.8629918468513602,0.5581043259384137
1.1513930573220963,0.7846522502138811,-0.4675271060388495,1.8585897352298697,-0.09809590231156196,0.4711024467466738,0.1501055651555881
0.09993523545317518,1.1020860247444138,-0.7519071313324821,0.29949877567562466,-0.39933094374817096,-0.32935412941214665,0.5581043259384137
-0.9515200629189922,1.427420427218831,-0.7519071313324821,-0.22019613205451086,-0.6542207209531965,-0.06253527069253983,-1.481889477975714
-0.11035531952190754,1.427420427218831,1.4409045318855624,0.8191968015876794,-0.6542207209531965,1.4049684522652977,-0.00289453113682849
0.9411025023470135,0.7201491045016942,-0.7519071313324821,0.039651321810556917,-0.39933094374817096,0.33769301738687035,0.5581043259384137
1.1513930573220963,-0.9517500580765804,-0.7519071313324821,-0.7398941579665655,1.0141567936612683,-0.7295824174915568,-1.481889477975714
0.7308094238751771,0.9557609484868048,-0.7290335197973822,0.8191968015876794,-0.1444381078535842,-0.7829461892354782,0.5581043259384137
-1.1426951299848882,1.427420427218831,-0.7519071313324821,-0.4564233578823318,-0.34835176483134134,-0.7295824174915568,0.1501055651555881
1.1513930573220963,-0.9517500580765804,-0.7519071313324821,-0.7398941579665655,-0.6542207209531965,-0.8629918468513602,-1.481889477975714
-0.5309389529688268,0.3167884955938415,-0.7519071313324821,-0.4800467041014978,2.4044688402653542,-0.8629918468513602,-2.297891487532222
0.9411025023470135,0.2727365953412063,0.9980333521796863,0.5593493477226117,-0.6542207209531965,2.739062745863331,0.5581043259384137
-1.3721036963659112,-0.9517500580765804,1.5964838557687837,-0.7398941579665655,-0.34835176483134134,1.4049684522652977,-1.481889477975714
-1.3721036963659112,-0.9517500580765804,1.5964838557687837,-0.7398941579665655,0.11045166935144125,-0.7429233604275371,-1.481889477975714
-0.3206458744969902,1.1153584850070044,-0.7519071313324821,-0.22019613205451086,-0.3761583116323792,0.20428358802706698,-0.6658919564100632
-1.3721036963659112,-0.9517500580765804,1.5964838557687837,-0.7398941579665655,-0.6542207209531965,0.7379213054662805,0.5581043259384137
-1.1618131413908286,-0.9517500580765804,1.589929438473124,-0.7398941579665655,-0.39933094374817096,1.4049684522652977,0.5581043259384137
1.1513930573220963,1.427420427218831,-0.7519071313324821,2.3782877611419244,-0.6542207209531965,-0.46276355877195,0.5581043259384137
0.9411025023470135,0.9885777880129174,-0.33765259973545564,1.079044255452747,-0.6542207209531965,0.7379213054662805,0.5581043259384137
-0.9515200629189922,1.427420427218831,-0.7519071313324821,-0.22019613205451086,-0.6542207209531965,0.8713307348260839,0.5581043259384137
1.1513930573220963,-0.8013179489277199,-0.5074358927415046,-0.22019613205451086,2.149579063060329,-0.19594470005234324,0.5581043259384137
0.7908938815804886,-0.9517500580765804,-0.7519071313324821,-0.7398941579665655,2.4044688402653542,-0.9964012762111636,-2.006463801258775
1.1513930573220963,0.4250427011793169,-0.7519071313324821,2.1184403072768565,-0.39933094374817096,-0.5961729881317535,0.5581043259384137
0.31022831392501166,0.8378042294792708,-0.7519071313324821,0.8191968015876794,-0.6542207209531965,0.33769301738687035,0.5581043259384137
0.9411025023470135,-0.5738470255098692,-0.7519071313324821,0.039651321810556917,-0.39933094374817096,1.4049684522652977,0.5581043259384137
-1.3721036963659112,-0.9517500580765804,1.5964838557687837,-0.7398941579665655,-0.6542207209531965,0.07087415866726357,0.5581043259384137
-0.7412295079439094,1.427420427218831,0.4074714711592732,0.039651321810556917,0.11045166935144125,-0.8629918468513602,-1.8898927267493963
-1.3721036963659112,-0.9517500580765804,1.5964838557687837,-0.7398941579665655,-0.6542207209531965,2.0720155990643145,0.5581043259384137
1.1513930573220963,0.9836773023768407,-0.7519071313324821,2.3782877611419244,0.6202342824510535,1.538377881625101,0.5581043259384137
1.1513930573220963,-0.7488527913546887,-0.7519071313324821,0.039651321810556917,-0.6542207209531965,1.4049684522652977,0.5581043259384137
1.1513930573220963,0.6008617576744357,-0.7519071313324821,2.3782877611419244,-0.6542207209531965,1.0047401641858873,0.5581043259384137
1.1513930573220963,3.363310626625562e-05,-0.12345101791622692,1.5987422813648018,-0.6542207209531965,1.271559022905494,0.5581043259384137
1.1513930573220963,1.2504024471035649,0.6948843937821616,2.3782877611419244,-0.6542207209531965,-0.8629918468513602,0.5581043259384137
-0.11035531952190754,-0.9517500580765804,-0.7519071313324821,-0.7398941579665655,1.045052616919137,-0.5961729881317535,-1.0738907171928882
1.1513930573220963,-0.39374551973966077,-0.7519071313324821,-0.22019613205451086,1.3849066727556911,-0.19594470005234324,0.5581043259384137
-1.1618131413908286,1.427420427218831,1.4811118383800004,-0.4800467041014978,-0.3761583116323792,1.9386061697045112,-1.8898927267493963
1.1513930573220963,-0.9517500580765804,-0.7519071313324821,-0.7398941579665655,0.26338614741236877,-0.9964012762111636,0.5581043259384137
0.5205188689000944,0.6671932326257333,-0.7519071313324821,0.29949877567562466,-0.09809590231156196,-0.19594470005234324,-0.6658919564100632
-1.3721036963659112,-0.9517500580765804,1.5964838557687837,-0.7398941579665655,0.11045166935144125,-0.8629918468513602,-1.481889477975714
0.23375879179800402,-0.17466010358157993,1.1743484355551106,-0.4564233578823318,-0.314366665116642,-0.8096280751074388,0.5581043259384137
-1.3721036963659112,-0.9517500580765804,1.5964838557687837,-0.7398941579665655,-0.6542207209531965,-0.46276355877195,0.5581043259384137
-0.11035531952190754,-0.9517500580765804,-0.7519071313324821,-0.7398941579665655,-0.6542207209531965,-0.5961729881317535,0.5581043259384137
-0.7412295079439094,1.427420427218831,-0.7519071313324821,0.039651321810556917,-0.6542207209531965,-0.8363099609793996,0.5581043259384137
1.1513930573220963,1.2712643975429896,-0.7519071313324821,2.3782877611419244,1.6397964499607167,0.07087415866726357,0.5581043259384137
-0.11035531952190754,1.0036496028659585,-0.7519071313324821,-0.22019613205451086,-0.6542207209531965,0.07087415866726357,0.5581043259384137
1.1513930573220963,1.193986477039692,0.5853364712071187,2.3782877611419244,-0.6542207209531965,0.6045118761064772,0.5581043259384137
-1.3721036963659112,-0.9517500580765804,1.5964838557687837,-0.7398941579665655,-0.6542207209531965,0.4711024467466738,0.5581043259384137
-0.7412295079439094,-0.9517500580765804,1.5797886644416903,-0.7398941579665655,-0.6542207209531965,2.4722438871437245,0.5581043259384137
0.5205188689000944,-0.55489746604155,-0.7519071313324821,0.039651321810556917,1.5702816123029024,0.8713307348260839,-0.25789319562723756
1.1513930573220963,-0.41082766538289317,-0.7519071313324821,-0.22019613205451086,-0.6542207209531965,-0.9430375044672422,0.5581043259384137
0.7308094238751771,1.3421298140122615,-0.7519071313324821,1.8585897352298697,0.17996650700925526,-0.19594470005234324,0.5581043259384137
-0.7412295079439094,1.221778827729189,-0.7519071313324821,0.039651321810556917,2.4044688402653542,-0.7295824174915568,-2.705890248315047
-1.1618131413908286,1.427420427218831,-0.7519071313324821,-0.4800467041014978,-0.6542207209531965,-0.8629918468513602,-3.1138890090978726
-1.1618131413908286,1.427420427218831,-0.7519071313324821,-0.4800467041014978,-0.6542207209531965,-0.8629918468513602,-1.481889477975714
-0.7412295079439094,0.6706341574058752,-0.7519071313324821,-0.22019613205451086,-0.6542207209531965,0.07087415866726357,0.5581043259384137
1.1513930573220963,0.754475009403014,-0.7519071313324821,2.3782877611419244,-0.6542207209531965,0.20428358802706698,0.5581043259384137
1.1513930573220963,1.427420427218831,0.9320576510060489,2.3782877611419244,-0.6542207209531965,0.4711024467466738,0.5581043259384137
-1.3721036963659112,-0.9517500580765804,1.5964838557687837,-0.7398941579665655,-0.6542207209531965,0.6045118761064772,0.5581043259384137
1.1513930573220963,1.427420427218831,-0.7519071313324821,2.3782877611419244,-0.6542207209531965,1.1381495935456907,0.5581043259384137
0.9411025023470135,1.2421027257104684,-0.1575148731570269,1.338894827499734,-0.6542207209531965,-0.30267224354018596,0.5581043259384137
1.1513930573220963,0.987723652037718,-0.7519071313324821,2.3782877611419244,2.149579063060329,0.6045118761064772,0.5581043259384137
-1.1618131413908286,1.427420427218831,-0.7519071313324821,-0.4800467041014978,-0.6542207209531965,-0.7829461892354782,-3.5218877698806983
1.1513930573220963,-0.37099559903194873,-0.7519071313324821,1.079044255452747,2.4044688402653542,-0.06253527069253983,0.5581043259384137
-0.9515200629189922,1.427420427218831,-0.05991059765537796,-0.22019613205451086,2.4044688402653542,0.4711024467466738,-1.8898927267493963
0.7308094238751771,0.5086954483998003,-0.7519071313324821,0.8191968015876794,-0.6542207209531965,0.20428358802706698,0.5581043259384137
-0.3206458744969902,0.42017817775357463,0.24161724646495916,-0.4800467041014978,0.11045166935144125,-0.19594470005234324,0.5581043259384137
0.7308094238751771,-0.9517500580765804,-0.7519071313324821,-0.7398941579665655,-0.6542207209531965,-0.46276355877195,0.5581043259384137
1.1513930573220963,1.427420427218831,0.7194671302636371,2.3782877611419244,-0.6542207209531965,1.0047401641858873,0.5581043259384137
0.7308094238751771,1.0168735415830543,-0.3352011279013433,1.8585897352298697,-0.39933094374817096,1.271559022905494,0.5581043259384137
-0.9515200629189922,1.427420427218831,-0.7519071313324821,-0.22019613205451086,-0.6542207209531965,0.33769301738687035,0.5581043259384137
-1.3721036963659112,-0.9517500580765804,1.5964838557687837,-0.7398941579665655,0.875124059656079,1.4049684522652977,-0.9378911302652799
1.1513930573220963,1.2481448490754745,-0.7519071313324821,2.3782877611419244,2.4044688402653542,1.538377881625101,0.5581043259384137
-0.3206458744969902,-0.9517500580765804,-0.7519071313324821,-0.7398941579665655,-0.6542207209531965,-0.46276355877195,-0.25789319562723756
-0.9515200629189922,1.427420427218831,-0.7519071313324821,-0.22019613205451086,-0.6542207209531965,-0.9964012762111636,0.5581043259384137
-1.3721036963659112,-0.9517500580765804,1.5964838557687837,-0.7398941579665655,-0.6542207209531965,0.33769301738687035,0.1501055651555881
-0.11035531952190754,-0.9517500580765804,-0.7519071313324821,-0.7398941579665655,0.875124059656079,-0.7295824174915568,-2.705890248315047
1.1513930573220963,-0.8860558149939602,-0.7519071313324821,-0.4800467041014978,2.149579063060329,0.4711024467466738,0.5581043259384137
1.1513930573220963,-0.5785399282520433,-0.7519071313324821,0.8191968015876794,-0.6542207209531965,1.9386061697045112,0.5581043259384137
-0.11035531952190754,1.427420427218831,-0.30652408763153294,0.8191968015876794,-0.6542207209531965,0.6045118761064772,0.5581043259384137
0.5205188689000944,0.7401522942106059,-0.42688738562535966,1.079044255452747,-0.6542207209531965,1.1381495935456907,0.5581043259384137
-1.3721036963659112,-0.9517500580765804,1.5964838557687837,-0.7398941579665655,-0.6542207209531965,1.9386061697045112,0.5581043259384137
-1.3721036963659112,-0.9517500580765804,1.5964838557687837,-0.7398941579665655,-0.3761583116323792,-0.9430375044672422,0.5581043259384137
0.5205188689000944,-0.9517500580765804,0.9001005861598655,-0.7398941579665655,-0.6542207209531965,0.4711024467466738,0.5581043259384137
0.5205188689000944,1.427420427218831,-0.7519071313324821,1.5987422813648018,1.0936031963243587,-0.7295824174915568,0.5581043259384137
1.1513930573220963,0.14195252527270205,-0.7519071313324821,1.8585897352298697,-0.6542207209531965,2.739062745863331,0.5581043259384137
-1.3721036963659112,-0.9517500580765804,1.5964838557687837,-0.7398941579665655,-0.34835176483134134,-0.7295824174915568,-0.25789319562723756
1.1513930573220963,1.2683877050460306,-0.7519071313324821,2.3782877611419244,0.11045166935144125,0.7379213054662805,0.5581043259384137
-1.3721036963659112,-0.9517500580765804,1.5964838557687837,-0.7398941579665655,-0.6542207209531965,-0.9030146756593013,-0.25789319562723756
1.1513930573220963,-0.9517500580765804,-0.7519071313324821,-0.7398941579665655,-0.6542207209531965,1.0047401641858873,-1.8898927267493963
1.1513930573220963,0.47419364241677453,-0.7519071313324821,1.338894827499734,2.149579063060329,0.7379213054662805,0.5581043259384137
1.1513930573220963,-0.03160820686254432,-0.7519071313324821,2.3782877611419244,1.6397964499607167,-0.32935412941214665,0.5581043259384137
1.1513930573220963,-0.9517500580765804,-0.7519071313324821,-0.7398941579665655,0.875124059656079,-0.7295824174915568,0.5581043259384137
1.1513930573220963,-0.9517500580765804,-0.7519071313324821,-0.7398941579665655,-0.6542207209531965,1.4049684522652977,0.5581043259384137
0.31022831392501166,0.5692322911347332,-0.7519071313324821,-0.4800467041014978,-0.6542207209531965,-0.46276355877195,-2.297891487532222
-1.3721036963659112,-0.9517500580765804,1.5964838557687837,-0.7398941579665655,-0.314366665116642,-0.7295824174915568,0.1501055651555881
0.9411025023470135,-0.9517500580765804,-0.7519071313324821,-0.7398941579665655,0.7360913256508896,-0.46276355877195,0.1501055651555881
0.09993523545317518,-0.9517500580765804,-0.7519071313324821,-0.7398941579665655,-0.2172655063061979,-0.9964012762111636,-1.0738907171928882
-0.11035531952190754,-0.9517500580765804,-0.7519071313324821,-0.7398941579665655,2.4044688402653542,0.7379213054662805,-1.481889477975714
-1.3721036963659112,-0.9517500580765804,1.5964838557687837,-0.7398941579665655,-0.6542207209531965,-0.8629918468513602,0.5581043259384137
-0.5309389529688268,1.427420427218831,-0.4848841315451086,0.29949877567562466,-0.6542207209531965,-0.5961729881317535,0.5581043259384137
-0.7412295079439094,1.427420427218831,0.6354466637104409,0.039651321810556917,-0.6542207209531965,0.33769301738687035,-1.481889477975714
-0.5309389529688268,1.427420427218831,0.6959313311390273,0.29949877567562466,-0.6542207209531965,-0.1158990424364612,0.5581043259384137
-1.3721036963659112,-0.9517500580765804,1.5964838557687837,-0.7398941579665655,-0.39933094374817096,0.7379213054662805,0.5581043259384137
-0.5309389529688268,-0.9517500580765804,-0.7519071313324821,-0.7398941579665655,1.3849066727556911,1.4049684522652977,-1.0738907171928882
-0.5309389529688268,0.649613238649057,-0.7519071313324821,-0.4800467041014978,-0.6542207209531965,-0.7295824174915568,0.5581043259384137
-1.3721036963659112,-0.9517500580765804,1.5964838557687837,-0.7398941579665655,-0.6542207209531965,0.07087415866726357,0.5581043259384137
-0.5309389529688268,0.9594229360732547,-0.2274565125752239,0.29949877567562466,-0.6542207209531965,-0.7162414745555765,0.5581043259384137
1.1513930573220963,-0.5551634606300092,-0.7519071313324821,0.29949877567562466,1.6397964499607167,0.4711024467466738,0.5581043259384137
-1.3721036963659112,-0.9517500580765804,1.5964838557687837,-0.7398941579665655,-0.6542207209531965,-0.035853384820579155,0.5581043259384137
0.9411025023470135,0.4401634843622572,-0.7519071313324821,-0.4800467041014978,-0.6542207209531965,0.7379213054662805,0.5581043259384137
-0.9515200629189922,-0.9517500580765804,1.4323568215689155,-0.7398941579665655,-0.6542207209531965,-0.9430375044672422,0.5581043259384137
0.9411025023470135,-0.6292020117122908,0.5372917716356469,-0.4800467041014978,-0.39933094374817096,-0.9430375044672422,0.5581043259384137
-0.3206458744969902,0.7650389092382467,-0.7519071313324821,-0.22019613205451086,-0.6542207209531965,0.20428358802706698,-0.25789319562723756
0.31022831392501166,1.427420427218831,-0.7519071313324821,1.338894827499734,0.6202342824510535,0.7379213054662805,0.5581043259384137
-1.1426951299848882,1.427420427218831,-0.7519071313324821,-0.4564233578823318,-0.6542207209531965,3.5395193220221515,0.5581043259384137
-1.1618131413908286,1.427420427218831,-0.6223061319608336,-0.4800467041014978,0.11045166935144125,-0.5961729881317535,-0.25789319562723756
-0.5309389529688268,1.427420427218831,-0.7519071313324821,0.29949877567562466,-0.6542207209531965,0.6045118761064772,0.5581043259384137
-1.3721036963659112,-0.9517500580765804,1.5964838557687837,-0.7398941579665655,-0.39933094374817096,-0.5961729881317535,0.5581043259384137
1.1513930573220963,-0.10841143672716017,-0.7519071313324821,-0.22019613205451086,-0.6542207209531965,-0.06253527069253983,0.5581043259384137
-0.11035531952190754,0.2818938972617809,1.5257226665456858,-0.11625777414486754,-0.6542207209531965,0.6045118761064772,0.10930524027822004
-1.3721036963659112,-0.9517500580765804,1.5964838557687837,-0.7398941579665655,-0.3761583116323792,0.8713307348260839,0.5581043259384137
1.1513930573220963,-0.9517500580765804,-0.7519071313324821,-0.7398941579665655,-0.6542207209531965,0.33769301738687035,0.5581043259384137
-0.11035531952190754,0.0599582713238482,-0.7519071313324821,-0.22019613205451086,-0.6542207209531965,-0.12923998537244152,0.5581043259384137
-1.1618131413908286,1.427420427218831,1.5750316617536715,-0.4800467041014978,-0.6542207209531965,1.4049684522652977,0.5581043259384137
-0.9515200629189922,-0.9517500580765804,-0.7519071313324821,-0.7398941579665655,1.3849066727556911,0.33769301738687035,-3.1138890090978726
1.1513930573220963,-0.8079660400698963,-0.7519071313324821,-0.4800467041014978,0.5692551035342239,0.6045118761064772,0.5581043259384137
0.7308094238751771,-0.5106881383143393,-0.7519071313324821,-0.4800467041014978,-0.6542207209531965,-0.7829461892354782,0.5581043259384137
0.31022831392501166,-0.9517500580765804,-0.7519071313324821,-0.7398941579665655,-0.09809590231156196,-0.9430375044672422,-0.6658919564100632
-0.11035531952190754,-0.9517500580765804,-0.7519071313324821,-0.7398941579665655,-0.6542207209531965,-0.8629918468513602,-0.6658919564100632
1.1513930573220963,-0.2849623502223409,-0.7519071313324821,0.8191968015876794,0.11045166935144125,0.33769301738687035,0.5581043259384137
1.1513930573220963,-0.9517500580765804,-0.7519071313324821,-0.7398941579665655,1.0936031963243587,-0.9964012762111636,0.5581043259384137
0.09993523545317518,1.1458829794534404,-0.7519071313324821,0.5593493477226117,-0.6542207209531965,1.0047401641858873,0.5581043259384137
-0.3206458744969902,1.427420427218831,-0.7519071313324821,0.5593493477226117,-0.2718845258008776,-0.46276355877195,-1.481889477975714
-0.7412295079439094,1.427420427218831,1.2195200690715333,0.039651321810556917,-0.6542207209531965,0.33769301738687035,0.5581043259384137
0.9411025023470135,1.1549437973039136,-0.7519071313324821,2.1184403072768565,-0.6542207209531965,0.7379213054662805,0.5581043259384137
0.9411025023470135,-0.6318139399217564,-0.7519071313324821,-0.4800467041014978,0.11045166935144125,-0.9964012762111636,0.5581043259384137
-1.3721036963659112,-0.9517500580765804,1.5964838557687837,-0.7398941579665655,2.4044688402653542,1.1381495935456907,-3.1138890090978726
1.1513930573220963,-0.9517500580765804,-0.7519071313324821,-0.7398941579665655,-0.6542207209531965,0.07087415866726357,0.5581043259384137
1.1513930573220963,-0.7594543408866276,-0.7519071313324821,-0.4800467041014978,-0.1444381078535842,-0.8629918468513602,0.5581043259384137
0.9411025023470135,1.0702912115156389,0.6701664009200867,1.338894827499734,-0.6542207209531965,0.07087415866726357,0.5581043259384137
0.09993523545317518,-0.9517500580765804,-0.7519071313324821,-0.7398941579665655,0.7360913256508896,0.07087415866726357,-1.0738907171928882
-1.3721036963659112,-0.9517500580765804,1.5964838557687837,-0.7398941579665655,-0.39933094374817096,-0.46276355877195,0.5581043259384137
-1.3721036963659112,-0.9517500580765804,1.5964838557687837,-0.7398941579665655,-0.6542207209531965,1.0047401641858873,0.5581043259384137
-1.1618131413908286,1.427420427218831,-0.7519071313324821,-0.4800467041014978,-0.6542207209531965,-0.9430375044672422,-1.8898927267493963
-1.3721036963659112,-0.9517500580765804,1.5964838557687837,-0.7398941579665655,-0.6542207209531965,0.33769301738687035,0.5581043259384137
0.5205188689000944,1.0000376173028858,-0.6634371895088313,1.338894827499734,-0.6542207209531965,-0.46276355877195,0.5581043259384137
-1.3721036963659112,-0.9517500580765804,1.5964838557687837,-0.7398941579665655,-0.6542207209531965,-0.9430375044672422,0.5581043259384137
1.1513930573220963,-0.9517500580765804,-0.7519071313324821,-0.7398941579665655,0.7360913256508896,1.0047401641858873,0.5581043259384137
1.1513930573220963,0.27019972856257907,-0.7519071313324821,0.039651321810556917,-0.6542207209531965,0.33769301738687035,0.5581043259384137
1.1513930573220963,-0.9517500580765804,-0.7519071313324821,-0.7398941579665655,1.1300138368611043,0.33769301738687035,0.5581043259384137
-1.3721036963659112,-0.9517500580765804,1.5964838557687837,-0.7398941579665655,-0.6542207209531965,-0.8629918468513602,0.5581043259384137
1.1513930573220963,-0.9517500580765804,0.8897854717699543,-0.7398941579665655,-0.2172655063061979,-0.8629918468513602,0.5581043259384137
-1.3721036963659112,-0.9517500580765804,1.5964838557687837,-0.7398941579665655,-0.6542207209531965,-0.46276355877195,0.5581043259384137
-1.3721036963659112,-0.9517500580765804,1.5964838557687837,-0.7398941579665655,-0.6542207209531965,-0.7829461892354782,-0.25789319562723756
-1.3721036963659112,-0.9517500580765804,1.5964838557687837,-0.7398941579665655,0.11045166935144125,2.6323352023754887,-0.7241774936647524
0.31022831392501166,-0.9517500580765804,-0.7519071313324821,-0.7398941579665655,1.0141567936612683,-0.8629918468513602,0.5581043259384137
-1.3721036963659112,-0.9517500580765804,1.5964838557687837,-0.7398941579665655,-0.2718845258008776,0.20428358802706698,-0.6658919564100632
-1.3721036963659112,-0.9517500580765804,1.5964838557687837,-0.7398941579665655,-0.6542207209531965,-0.9430375044672422,0.5581043259384137
-0.7412295079439094,-0.9517500580765804,-0.7519071313324821,-0.7398941579665655,1.3849066727556911,1.4049684522652977,-3.1138890090978726
-1.3721036963659112,-0.9517500580765804,1.5964838557687837,-0.7398941579665655,-0.39933094374817096,0.7379213054662805,0.5581043259384137
1.1513930573220963,-0.9517500580765804,-0.7519071313324821,-0.7398941579665655,-0.6542207209531965,-0.06253527069253983,0.5581043259384137
0.5205188689000944,0.4825909223202093,-0.7519071313324821,1.338894827499734,1.045052616919137,1.8051967403447078,-0.25789319562723756
-0.9515200629189922,1.427420427218831,-0.7519071313324821,-0.22019613205451086,0.3653414465564667,1.4049684522652977,-3.1138890090978726
-1.3721036963659112,-0.9517500580765804,1.5964838557687837,-0.7398941579665655,-0.6542207209531965,0.4711024467466738,0.5581043259384137
-0.11035531952190754,-0.9517500580765804,-0.7519071313324821,-0.7398941579665655,-0.6542207209531965,1.031422050057848,0.5581043259384137
1.1513930573220963,-0.9517500580765804,-0.7519071313324821,-0.7398941579665655,2.149579063060329,-0.9964012762111636,0.5581043259384137
0.9411025023470135,-0.9517500580765804,-0.7519071313324821,-0.7398941579665655,2.4044688402653542,-0.19594470005234324,0.5581043259384137
-1.3721036963659112,-0.9517500580765804,1.5964838557687837,-0.7398941579665655,-0.6542207209531965,-0.06253527069253983,0.5581043259384137
-1.3721036963659112,-0.9517500580765804,1.5964838557687837,-0.7398941579665655,-0.6542207209531965,-0.9430375044672422,0.1501055651555881
-1.3721036963659112,-0.9517500580765804,1.5964838557687837,-0.7398941579665655,-0.6542207209531965,1.9386061697045112,0.5581043259384137
-0.11035531952190754,-0.9517500580765804,1.32228049297342,-0.7398941579665655,-0.39933094374817096,-0.19594470005234324,0.5581043259384137
0.09993523545317518,-0.6075889395594697,-0.7519071313324821,-0.22019613205451086,-0.6542207209531965,0.33769301738687035,-1.481889477975714
-1.1618131413908286,1.427420427218831,1.0250073441087009,-0.4800467041014978,-0.6542207209531965,-0.9430375044672422,0.5581043259384137
-1.1618131413908286,1.427420427218831,-0.7519071313324821,-0.4800467041014978,-0.6542207209531965,-0.24930847179626459,-2.705890248315047
1.1513930573220963,1.0838688966810586,-0.7519071313324821,2.3782877611419244,-0.6542207209531965,2.605653316503528,0.5581043259384137
-0.11035531952190754,1.427420427218831,-0.7519071313324821,0.8191968015876794,-0.6542207209531965,-0.5961729881317535,0.5581043259384137
1.1513930573220963,-0.5399469616308106,-0.7519071313324821,-0.22019613205451086,1.3849066727556911,0.6045118761064772,0.5581043259384137
0.9411025023470135,1.2239090934166281,-0.7519071313324821,2.1184403072768565,-0.6542207209531965,0.07087415866726357,0.5581043259384137
1.1513930573220963,1.2963209359078007,0.5757266780311842,2.1184403072768565,-0.6542207209531965,2.2054250284241177,0.5581043259384137
0.31022831392501166,-0.7171968988988824,0.08461701503975284,-0.4800467041014978,-0.6542207209531965,-0.8629918468513602,0.5581043259384137
1.1513930573220963,-0.9517500580765804,-0.7519071313324821,-0.7398941579665655,2.4044688402653542,0.33769301738687035,0.5581043259384137
-0.5309389529688268,0.2795750176464834,1.456832260126847,-0.22019613205451086,-0.6542207209531965,0.33769301738687035,0.5581043259384137
-1.3721036963659112,-0.9517500580765804,1.5964838557687837,-0.7398941579665655,-0.6542207209531965,-0.46276355877195,0.5581043259384137
-0.11035531952190754,-0.9517500580765804,-0.7519071313324821,-0.7398941579665655,0.26338614741236877,0.7379213054662805,-1.481889477975714
0.004350225416980902,-0.9517500580765804,0.7361511643299758,-0.7398941579665655,-0.2718845258008776,-0.8629918468513602,0.1501055651555881
-1.1618131413908286,1.427420427218831,-0.7519071313324821,-0.4800467041014978,-0.6542207209531965,0.07087415866726357,-0.25789319562723756
1.1513930573220963,0.1901948034664965,-0.7519071313324821,2.3782877611419244,-0.1444381078535842,-0.06253527069253983,0.5581043259384137
-0.11035531952190754,0.3302301548738596,-0.7519071313324821,-0.4800467041014978,-0.6542207209531965,0.33769301738687035,0.5581043259384137
1.1513930573220963,0.9476828202475576,-0.7519071313324821,2.3782877611419244,2.149579063060329,0.33769301738687035,0.5581043259384137
-1.3721036963659112,-0.9517500580765804,1.5964838557687837,-0.7398941579665655,-0.6542207209531965,-0.46276355877195,0.5581043259384137
0.31022831392501166,-0.9517500580765804,-0.7519071313324821,-0.7398941579665655,-0.09809590231156196,-0.19594470005234324,-0.6658919564100632
-1.3721036963659112,-0.9517500580765804,1.5964838557687837,-0.7398941579665655,-0.39933094374817096,-0.46276355877195,0.5581043259384137
1.1513930573220963,-0.8969443848596138,-0.7519071313324821,-0.4800467041014978,0.7360913256508896,-0.19594470005234324,0.5581043259384137
-1.3721036963659112,-0.9517500580765804,1.5964838557687837,-0.7398941579665655,-0.6542207209531965,-0.19594470005234324,0.5581043259384137
-0.9515200629189922,1.427420427218831,1.5214570660688325,-0.22019613205451086,-0.6542207209531965,0.33769301738687035,0.5581043259384137
1.1513930573220963,0.868796399409765,-0.7519071313324821,0.039651321810556917,-0.6542207209531965,0.33769301738687035,0.5581043259384137
0.7308094238751771,-0.2237805171933791,-0.7519071313324821,0.039651321810556917,-0.6542207209531965,-0.30267224354018596,0.5581043259384137
-0.9515200629189922,1.427420427218831,-0.7519071313324821,-0.22019613205451086,-0.6542207209531965,-0.7029005316195962,-1.481889477975714
0.31022831392501166,-0.1420817546311549,-0.3978352805082436,0.5593493477226117,-0.6542207209531965,0.6045118761064772,0.5581043259384137
-1.3721036963659112,-0.9517500580765804,1.5964838557687837,-0.7398941579665655,0.875124059656079,1.1381495935456907,-1.0738907171928882
-1.3721036963659112,-0.9517500580765804,1.5964838557687837,-0.7398941579665655,-0.6542207209531965,1.6717873109849044,-3.5218877698806983
-0.9515200629189922,1.427420427218831,-0.2670810662591677,-0.22019613205451086,-0.6542207209531965,-0.7829461892354782,0.5581043259384137
1.1513930573220963,-0.9517500580765804,-0.7519071313324821,-0.7398941579665655,-0.6542207209531965,-0.9964012762111636,0.5581043259384137
-0.9515200629189922,1.427420427218831,-0.7519071313324821,-0.22019613205451086,-0.6542207209531965,1.538377881625101,0.5581043259384137
0.9411025023470135,1.2325174510973649,-0.7519071313324821,2.1184403072768565,0.3653414465564667,-0.19594470005234324,0.5581043259384137
-0.9515200629189922,1.427420427218831,-0.0006802095740828555,-0.22019613205451086,-0.6542207209531965,-0.32935412941214665,-1.481889477975714
1.1513930573220963,0.9221620349907332,-0.7519071313324821,2.3782877611419244,0.11045166935144125,-0.7295824174915568,0.5581043259384137
1.1513930573220963,1.427420427218831,-0.7519071313324821,2.3782877611419244,-0.6542207209531965,0.7379213054662805,0.5581043259384137
-1.3721036963659112,-0.9517500580765804,1.5964838557687837,-0.7398941579665655,-0.6542207209531965,-0.8629918468513602,0.5581043259384137
1.1513930573220963,-0.8419696137329725,-0.7519071313324821,-0.22019613205451086,0.3653414465564667,0.7379213054662805,0.5581043259384137
0.31022831392501166,0.6023973761271144,1.0900219128243689,0.29949877567562466,-0.6542207209531965,-0.8629918468513602,0.5581043259384137
0.09993523545317518,-0.9517500580765804,-0.7519071313324821,-0.7398941579665655,1.6397964499607167,-0.5161273305158713,0.5581043259384137
0.09993523545317518,0.5499012684047161,-0.7519071313324821,0.039651321810556917,-0.6542207209531965,-0.32935412941214665,0.5581043259384137
0.31022831392501166,-0.1622119471401024,-0.5251998095788459,0.039651321810556917,-0.2718845258008776,-0.3263894754560197,-1.0738907171928882
0.31022831392501166,1.3666184723543366,-0.5217619635954752,1.338894827499734,-0.6542207209531965,-0.8629918468513602,0.5581043259384137
1.1513930573220963,0.6943154995840766,-0.7519071313324821,-0.22019613205451086,-0.6542207209531965,0.6045118761064772,0.5581043259384137
-0.11035531952190754,0.47028466105115274,-0.7519071313324821,-0.11625777414486754,-0.6542207209531965,-0.9430375044672422,-1.2370920167023614
0.9411025023470135,1.427420427218831,-0.7519071313324821,2.1184403072768565,-0.39933094374817096,0.07087415866726357,0.5581043259384137
0.5205188689000944,0.744879909740614,-0.035980333438666044,0.5593493477226117,-0.6542207209531965,-0.46276355877195,0.5581043259384137
0.5205188689000944,-0.9517500580765804,1.2837241201929597,-0.7398941579665655,-0.6542207209531965,0.8713307348260839,0.5581043259384137
1.1513930573220963,-0.9517500580765804,-0.7519071313324821,-0.7398941579665655,0.5692551035342239,-0.9964012762111636,0.5581043259384137
0.9411025023470135,1.427420427218831,0.3233995933490107,2.1184403072768565,0.6202342824510535,0.6045118761064772,0.5581043259384137
-1.3721036963659112,-0.9517500580765804,1.5964838557687837,-0.7398941579665655,-0.6542207209531965,0.20428358802706698,0.5581043259384137
0.9411025023470135,-0.9517500580765804,-0.7519071313324821,-0.7398941579665655,0.45802891633007253,-0.8629918468513602,0.5581043259384137
-0.5309389529688268,-0.9517500580765804,-0.7519071313324821,-0.7398941579665655,-0.6542207209531965,-0.9430375044672422,-1.8898927267493963
1.1513930573220963,1.3221516286131045,-0.7519071313324821,2.3782877611419244,-0.3761583116323792,-0.6495367598756748,0.5581043259384137
-0.3206458744969902,0.0948569949165538,1.4264925532181552,-0.22019613205451086,-0.39933094374817096,2.605653316503528,0.5581043259384137
-1.3721036963659112,-0.9517500580765804,1.5964838557687837,-0.7398941579665655,-0.39933094374817096,-0.8629918468513602,0.5581043259384137
-0.7412295079439094,1.427420427218831,0.3984946724683407,0.039651321810556917,-0.6542207209531965,1.0047401641858873,0.5581043259384137
-1.3721036963659112,-0.9517500580765804,1.5964838557687837,-0.7398941579665655,-0.39933094374817096,1.1381495935456907,0.5581043259384137
1.1513930573220963,-0.9517500580765804,-0.7519071313324821,-0.7398941579665655,-0.6542207209531965,-0.7295824174915568,0.5581043259384137
0.004350225416980902,0.42381284273371056,-0.7519071313324821,0.3939890423703693,-0.6542207209531965,0.7379213054662805,0.5581043259384137
-1.1618131413908286,1.427420427218831,1.0488892804779328,-0.4800467041014978,-0.6542207209531965,-0.8629918468513602,0.5581043259384137
-0.3206458744969902,1.427420427218831,0.7769871462996071,0.5593493477226117,-0.1444381078535842,-0.32935412941214665,0.5581043259384137
0.31022831392501166,0.04784840956907277,-0.7519071313324821,0.039651321810556917,-0.3761583116323792,-0.5961729881317535,-0.25789319562723756
0.31022831392501166,-0.9517500580765804,-0.7519071313324821,-0.7398941579665655,-0.6542207209531965,-0.8629918468513602,0.5581043259384137
0.31022831392501166,0.7097980093404057,-0.7519071313324821,-0.4800467041014978,-0.39933094374817096,-0.9964012762111636,0.5581043259384137
1.1513930573220963,-0.9517500580765804,-0.7519071313324821,-0.7398941579665655,1.2922192029820856,1.4049684522652977,0.5581043259384137
1.1513930573220963,1.427420427218831,-0.7519071313324821,2.3782877611419244,-0.39933094374817096,0.8713307348260839,0.5581043259384137
1.1513930573220963,1.427420427218831,0.3351653202225803,2.3782877611419244,-0.6542207209531965,0.33769301738687035,0.5581043259384137
0.7308094238751771,0.7913884145727021,-0.7519071313324821,0.8191968015876794,-0.6542207209531965,0.6045118761064772,0.5581043259384137
-1.3721036963659112,-0.9517500580765804,1.5964838557687837,-0.7398941579665655,-0.6542207209531965,-0.7429233604275371,0.5581043259384137
0.09993523545317518,1.427420427218831,-0.7519071313324821,1.079044255452747,-0.6542207209531965,-0.19594470005234324,0.5581043259384137
0.7308094238751771,-0.3744802369954732,1.3763406315008595,0.039651321810556917,-0.1444381078535842,0.8713307348260839,0.5581043259384137
-0.7412295079439094,-0.25979878385581257,1.4501029944036454,-0.4800467041014978,-0.6542207209531965,0.8713307348260839,0.5581043259384137
-0.9515200629189922,-0.9517500580765804,1.3728119558113638,-0.7398941579665655,-0.6542207209531965,-0.46276355877195,0.5581043259384137
-1.3721036963659112,-0.9517500580765804,1.5964838557687837,-0.7398941579665655,-0.6542207209531965,0.33769301738687035,0.5581043259384137
1.1513930573220963,-0.03661816467665805,-0.7519071313324821,1.338894827499734,-0.6542207209531965,0.33769301738687035,0.5581043259384137
0.09993523545317518,-0.9517500580765804,-0.7519071313324821,-0.7398941579665655,2.4044688402653542,-0.19594470005234324,0.1501055651555881
1.1513930573220963,1.2768323920464542,-0.7519071313324821,2.3782877611419244,-0.6542207209531965,0.8713307348260839,0.5581043259384137
-1.1618131413908286,1.427420427218831,-0.7519071313324821,-0.4800467041014978,-0.6542207209531965,-0.7829461892354782,0.5581043259384137
-1.3721036963659112,-0.9517500580765804,1.5964838557687837,-0.7398941579665655,-0.6542207209531965,-0.8629918468513602,0.5581043259384137
-0.7412295079439094,0.24858984773921103,-0.7519071313324821,-0.22019613205451086,-0.6542207209531965,0.7379213054662805,-2.297891487532222
0.5205188689000944,0.39275499266814695,0.9881974872856516,0.039651321810556917,-0.39933094374817096,-0.46276355877195,0.5581043259384137
0.7308094238751771,1.016611955673613,-0.7519071313324821,0.5593493477226117,-0.6542207209531965,1.8051967403447078,0.5581043259384137
0.09993523545317518,-0.0019877415167299643,1.3732437159115347,-0.22019613205451086,-0.6542207209531965,0.07087415866726357,0.5581043259384137
-1.3721036963659112,-0.9517500580765804,1.5964838557687837,-0.7398941579665655,-0.09809590231156196,-0.8629918468513602,0.1501055651555881
0.09993523545317518,-0.4771223725259212,-0.7519071313324821,-0.4800467041014978,1.6397964499607167,-0.19594470005234324,-1.0738907171928882
-1.3721036963659112,-0.9517500580765804,1.5964838557687837,-0.7398941579665655,-0.6542207209531965,2.4722438871437245,0.5581043259384137
-0.9515200629189922,-0.9517500580765804,-0.7519071313324821,-0.7398941579665655,2.4044688402653542,-0.7295824174915568,-2.705890248315047
-1.1618131413908286,1.427420427218831,1.464614713570033,-0.4800467041014978,-0.39933094374817096,-0.8096280751074388,0.5581043259384137
-0.9515200629189922,1.427420427218831,-0.7519071313324821,-0.22019613205451086,-0.2718845258008776,1.1381495935456907,-0.6658919564100632
-0.9515200629189922,1.427420427218831,-0.5016600756865681,-0.22019613205451086,-0.314366665116642,-0.46276355877195,0.1501055651555881
-1.3721036963659112,-0.9517500580765804,1.5964838557687837,-0.7398941579665655,-0.6542207209531965,2.605653316503528,0.5581043259384137
1.1513930573220963,-0.9517500580765804,-0.7519071313324821,-0.7398941579665655,-0.04248280870948625,-0.5428092163878321,0.5581043259384137
0.31022831392501166,-0.9517500580765804,1.328644430553061,-0.7398941579665655,-0.6542207209531965,1.1381495935456907,0.5581043259384137
1.1513930573220963,1.395390482538735,-0.7519071313324821,2.3782877611419244,2.149579063060329,-0.19594470005234324,0.5581043259384137
-0.11035531952190754,1.176127833834764,1.0935265345118161,0.5593493477226117,-0.6542207209531965,-0.7429233604275371,0.5581043259384137
0.31022831392501166,0.2531470802789727,-0.7519071313324821,0.29949877567562466,-0.6542207209531965,-0.8096280751074388,0.5581043259384137
0.7308094238751771,-0.4313094714669967,1.2688774035525958,0.039651321810556917,-0.39933094374817096,0.33769301738687035,0.5581043259384137
-1.1618131413908286,1.427420427218831,-0.7519071313324821,-0.4800467041014978,-0.6542207209531965,1.538377881625101,-2.705890248315047
1.1513930573220963,-0.9517500580765804,-0.7519071313324821,-0.7398941579665655,2.4044688402653542,-0.5961729881317535,0.5581043259384137
1.1513930573220963,-0.7311291031115746,0.7809788561498413,-0.22019613205451086,-0.34835176483134134,-0.8629918468513602,0.5581043259384137
0.7308094238751771,0.6383767592291979,-0.597729668111573,0.5593493477226117,-0.6542207209531965,-0.5961729881317535,0.5581043259384137
-0.5309389529688268,-0.9517500580765804,-0.7519071313324821,-0.7398941579665655,-0.6542207209531965,-0.4894454446439107,0.5581043259384137
1.1513930573220963,-0.8801269654517434,1.1460587887480997,-0.4800467041014978,-0.6542207209531965,2.739062745863331,0.5581043259384137
1.1513930573220963,-0.011703003394495067,-0.49507750209381735,0.29949877567562466,-0.6542207209531965,-0.06253527069253983,0.5581043259384137
1.1513930573220963,0.11785183043241362,-0.7261476648063676,2.1184403072768565,-0.6542207209531965,2.739062745863331,0.5581043259384137
1.1513930573220963,-0.9517500580765804,-0.7519071313324821,-0.7398941579665655,-0.3761583116323792,-0.8629918468513602,0.1501055651555881
-0.9515200629189922,1.427420427218831,1.5841735182416963,-0.22019613205451086,-0.6542207209531965,1.4049684522652977,0.1501055651555881
0.9411025023470135,-0.9517500580765804,-0.7519071313324821,-0.7398941579665655,2.4044688402653542,1.0047401641858873,0.5581043259384137
0.31022831392501166,1.427420427218831,-0.7519071313324821,1.338894827499734,1.894686227165742,-0.5961729881317535,-0.25789319562723756
-0.7412295079439094,-0.9517500580765804,1.4609436862584537,-0.7398941579665655,-0.6542207209531965,1.0047401641858873,0.5581043259384137
1.1513930573220963,-0.9517500580765804,-0.7519071313324821,-0.7398941579665655,-0.6542207209531965,0.07087415866726357,0.5581043259384137
0.9411025023470135,-0.21223489561360762,-0.7519071313324821,0.039651321810556917,-0.6542207209531965,0.09755604453922424,0.5581043259384137
-1.1618131413908286,1.427420427218831,1.0550548093823067,-0.4800467041014978,-0.6542207209531965,0.07087415866726357,-3.1138890090978726
1.1513930573220963,-0.9517500580765804,-0.7519071313324821,-0.7398941579665655,-0.6542207209531965,-0.9430375044672422,0.5581043259384137
-1.1618131413908286,1.427420427218831,1.1474375857417962,-0.4800467041014978,-0.6542207209531965,-0.8629918468513602,0.5581043259384137
-0.3206458744969902,-0.9517500580765804,-0.7519071313324821,-0.7398941579665655,0.3653414465564667,-0.9964012762111636,-1.8898927267493963
0.5205188689000944,-0.9517500580765804,-0.7519071313324821,-0.7398941579665655,1.180993015777934,0.5317430963829064,-0.25789319562723756
1.1513930573220963,0.20626587667763552,-0.7519071313324821,2.3782877611419244,0.7360913256508896,0.7379213054662805,0.5581043259384137
-1.3721036963659112,-0.9517500580765804,1.5964838557687837,-0.7398941579665655,-0.6542207209531965,1.9386061697045112,0.5581043259384137
0.31022831392501166,-0.6702413927159447,0.9368576287604105,-0.4800467041014978,-0.6542207209531965,0.07087415866726357,0.5581043259384137
-0.3206458744969902,-0.9517500580765804,-0.7519071313324821,-0.7398941579665655,-0.6542207209531965,-0.2759903576682253,0.5581043259384137
-0.3206458744969902,-0.1704698154489046,-0.7519071313324821,0.039651321810556917,-0.6542207209531965,0.4711024467466738,0.5581043259384137
1.1513930573220963,1.33758124105446,-0.7519071313324821,2.1184403072768565,-0.6542207209531965,0.8713307348260839,0.5581043259384137
-0.11035531952190754,-0.9517500580765804,-0.7519071313324821,-0.7398941579665655,-0.6542207209531965,-0.7829461892354782,0.5581043259384137
1.1513930573220963,-0.9517500580765804,0.37081440675322563,-0.7398941579665655,-0.6542207209531965,-0.8629918468513602,0.5581043259384137
0.09993523545317518,0.8021845571013723,-0.7519071313324821,0.8191968015876794,-0.6542207209531965,-0.46276355877195,-1.0738907171928882
1.1513930573220963,0.7783706329530838,-0.7519071313324821,2.3782877611419244,0.875124059656079,0.6045118761064772,0.5581043259384137
-1.1618131413908286,1.427420427218831,1.5247058803577667,-0.4800467041014978,-0.6542207209531965,1.0047401641858873,0.5581043259384137
0.9411025023470135,1.427420427218831,-0.7519071313324821,2.1184403072768565,-0.6542207209531965,0.33769301738687035,0.5581043259384137
1.1513930573220963,1.1083570437459012,-0.7519071313324821,-0.4800467041014978,-0.39933094374817096,-0.422740729964009,0.5581043259384137
0.09993523545317518,0.5061191568794651,0.6934215540519754,0.8191968015876794,-0.6542207209531965,0.4711024467466738,0.5581043259384137
0.5205188689000944,1.2094367728600943,-0.7519071313324821,1.338894827499734,1.5702816123029024,0.33769301738687035,0.1501055651555881
-0.3206458744969902,0.5787695200620553,-0.7519071313324821,-0.22019613205451086,-0.39933094374817096,-0.46276355877195,0.5581043259384137
-1.1618131413908286,1.427420427218831,-0.7519071313324821,-0.4800467041014978,-0.39933094374817096,-0.5961729881317535,0.5581043259384137
-1.3721036963659112,-0.9517500580765804,1.5964838557687837,-0.7398941579665655,-0.6542207209531965,1.0047401641858873,0.5581043259384137
-0.7412295079439094,1.427420427218831,-0.39817601159019156,0.039651321810556917,-0.6542207209531965,-0.9430375044672422,0.5581043259384137
-1.3721036963659112,-0.9517500580765804,1.5964838557687837,-0.7398941579665655,-0.6542207209531965,-0.46276355877195,0.5581043259384137
-1.1618131413908286,1.427420427218831,-0.7519071313324821,-0.4800467041014978,-0.6542207209531965,-0.8629918468513602,-3.1138890090978726
0.7308094238751771,-0.9517500580765804,-0.7519071313324821,-0.7398941579665655,1.8483440216237197,-0.19594470005234324,0.1501055651555881
0.9411025023470135,-0.9517500580765804,-0.7519071313324821,-0.7398941579665655,-0.6542207209531965,-0.8629918468513602,0.5581043259384137
-1.3721036963659112,-0.9517500580765804,1.5964838557687837,-0.7398941579665655,-0.6542207209531965,-0.32935412941214665,0.5581043259384137
0.09993523545317518,1.427420427218831,-0.7519071313324821,1.079044255452747,-0.6542207209531965,-0.19594470005234324,-2.705890248315047
0.31022831392501166,-0.9517500580765804,-0.7519071313324821,-0.7398941579665655,-0.6542207209531965,-0.5961729881317535,0.5581043259384137
0.69257592456005,1.427420427218831,-0.7519071313324821,1.811346160973457,-0.6542207209531965,1.0047401641858873,0.1501055651555881
-1.3721036963659112,-0.9517500580765804,1.5964838557687837,-0.7398941579665655,-0.6542207209531965,0.7379213054662805,0.5581043259384137
-0.5309389529688268,1.427420427218831,0.09391695052474862,0.29949877567562466,-0.6542207209531965,-0.8363099609793996,0.5581043259384137
1.1513930573220963,0.8438844290042566,0.08590592766450374,1.5987422813648018,-0.39933094374817096,1.0047401641858873,0.5581043259384137
1.1513930573220963,-0.9517500580765804,-0.3080408961856778,-0.7398941579665655,-0.6542207209531965,2.365516343655882,0.5581043259384137
-1.3721036963659112,-0.9517500580765804,1.5964838557687837,-0.7398941579665655,-0.6542207209531965,-0.8629918468513602,0.5581043259384137
1.1513930573220963,-0.004318858218111737,-0.7519071313324821,-0.22019613205451086,-0.6542207209531965,-0.9964012762111636,0.5581043259384137
-1.3721036963659112,-0.9517500580765804,1.5964838557687837,-0.7398941579665655,-0.6542207209531965,-0.7829461892354782,0.5581043259384137
0.7308094238751771,1.427420427218831,-0.7519071313324821,1.8585897352298697,1.0141567936612683,-0.19594470005234324,0.5581043259384137
-0.3206458744969902,1.3846057784341812,-0.7519071313324821,0.29949877567562466,-0.6542207209531965,0.6045118761064772,-1.8898927267493963
0.9411025023470135,-0.5341429968480514,-0.7519071313324821,0.039651321810556917,-0.04248280870948625,-0.43608167289998934,0.5581043259384137
-1.3721036963659112,-0.9517500580765804,1.5964838557687837,-0.7398941579665655,-0.6542207209531965,-0.46276355877195,0.1501055651555881
-0.9515200629189922,1.427420427218831,0.44180774274556195,-0.22019613205451086,-0.6542207209531965,1.271559022905494,0.5581043259384137
-1.1618131413908286,1.427420427218831,-0.7519071313324821,-0.4800467041014978,-0.6542207209531965,2.2054250284241177,0.5581043259384137
1.1513930573220963,1.2767647492567697,-0.7519071313324821,2.3782877611419244,2.4044688402653542,0.6045118761064772,0.5581043259384137
0.7308094238751771,-0.9517500580765804,-0.7519071313324821,-0.7398941579665655,0.45802891633007253,0.7379213054662805,0.5581043259384137
-1.3721036963659112,-0.9517500580765804,1.5964838557687837,-0.7398941579665655,-0.6542207209531965,-0.46276355877195,0.5581043259384137
-0.11035531952190754,-0.9517500580765804,-0.7519071313324821,-0.7398941579665655,-0.6542207209531965,0.4711024467466738,0.5581043259384137
1.1513930573220963,1.0726105616862214,0.5466713147925724,2.3782877611419244,-0.6542207209531965,0.07087415866726357,0.5581043259384137
-1.3721036963659112,-0.9517500580765804,1.5964838557687837,-0.7398941579665655,-0.6542207209531965,-0.8629918468513602,0.5581043259384137
-1.3721036963659112,-0.9517500580765804,1.5964838557687837,-0.7398941579665655,-0.6542207209531965,-0.32935412941214665,0.5581043259384137
1.1513930573220963,0.7719907739875953,-0.7519071313324821,2.3782877611419244,2.4044688402653542,-0.5961729881317535,0.5581043259384137
-0.11035531952190754,0.3343058394550936,0.9078984994136604,0.5593493477226117,-0.6542207209531965,1.1381495935456907,0.5581043259384137
0.7308094238751771,-0.9517500580765804,-0.7519071313324821,-0.7398941579665655,0.45802891633007253,-0.19594470005234324,0.5581043259384137
-1.3721036963659112,-0.9517500580765804,1.5964838557687837,-0.7398941579665655,-0.39933094374817096,-0.5961729881317535,-0.6658919564100632
-0.3206458744969902,1.12797839816886,1.0306665534547064,0.039651321810556917,-0.39933094374817096,-0.5961729881317535,0.5581043259384137
-1.1618131413908286,1.427420427218831,-0.7519071313324821,-0.4800467041014978,0.875124059656079,-0.5961729881317535,-1.8898927267493963
-1.1618131413908286,1.427420427218831,-0.7519071313324821,-0.4800467041014978,-0.6542207209531965,0.8713307348260839,-1.8898927267493963
-1.3721036963659112,-0.9517500580765804,1.5964838557687837,-0.7398941579665655,-0.6542207209531965,3.5395193220221515,0.5581043259384137
-0.9515200629189922,1.427420427218831,-0.7519071313324821,-0.22019613205451086,-0.6542207209531965,-0.9430375044672422,0.5581043259384137
-0.9515200629189922,1.427420427218831,-0.7519071313324821,-0.22019613205451086,-0.6542207209531965,-0.9430375044672422,0.5581043259384137
-1.3721036963659112,-0.9517500580765804,1.5964838557687837,-0.7398941579665655,-0.6542207209531965,-0.32935412941214665,0.5581043259384137
-1.1618131413908286,-0.9517500580765804,-0.7519071313324821,-0.7398941579665655,-0.6542207209531965,-0.46276355877195,0.5581043259384137
-1.3721036963659112,-0.9517500580765804,1.5964838557687837,-0.7398941579665655,-0.1444381078535842,0.12423793041118493,-1.481889477975714
-1.3721036963659112,-0.9517500580765804,1.5964838557687837,-0.7398941579665655,-0.6542207209531965,-0.8363099609793996,0.5581043259384137
-1.1618131413908286,-0.9517500580765804,-0.7519071313324821,-0.7398941579665655,0.3653414465564667,1.8051967403447078,-2.297891487532222
0.09993523545317518,1.427420427218831,-0.7519071313324821,1.079044255452747,2.4044688402653542,-0.7829461892354782,-1.0738907171928882
-0.8113272007678548,-0.9517500580765804,1.2548756973518234,-0.7398941579665655,2.4044688402653542,-0.8629918468513602,-2.4338910744598303
-0.9515200629189922,1.427420427218831,-0.7519071313324821,-0.22019613205451086,-0.1444381078535842,1.9386061697045112,0.5581043259384137
-0.22506086446079598,1.427420427218831,0.027602546503448108,0.6774598424546029,-0.3761583116323792,-0.19594470005234324,0.5581043259384137
0.9411025023470135,1.427420427218831,-0.2836694144941556,2.1184403072768565,0.7051955023930212,0.7379213054662805,0.5581043259384137
0.09993523545317518,0.3616536375617206,-0.7519071313324821,-0.22019613205451086,-0.34835176483134134,0.7379213054662805,0.1501055651555881
1.1513930573220963,0.7511389320388289,-0.6644483162108922,0.039651321810556917,-0.6542207209531965,-0.8096280751074388,-0.25789319562723756
0.09993523545317518,1.427420427218831,1.1302976131065,1.079044255452747,0.11045166935144125,0.4711024467466738,0.5581043259384137
1.1513930573220963,0.7875745296810478,-0.7519071313324821,2.3782877611419244,-0.6542207209531965,0.4711024467466738,0.5581043259384137
-0.11035531952190754,1.427420427218831,-0.7519071313324821,0.8191968015876794,-0.34835176483134134,1.271559022905494,-0.6658919564100632
0.09993523545317518,-0.9517500580765804,-0.7519071313324821,-0.7398941579665655,-0.6542207209531965,-0.19594470005234324,-0.25789319562723756
0.9411025023470135,1.1599394978269688,-0.7519071313324821,2.1184403072768565,-0.6542207209531965,0.33769301738687035,0.5581043259384137
0.09993523545317518,0.7504768548784526,-0.7519071313324821,-0.4800467041014978,-0.6542207209531965,0.7379213054662805,0.5581043259384137
0.7308094238751771,1.427420427218831,-0.7519071313324821,1.8585897352298697,0.6202342824510535,2.3388344577839213,0.5581043259384137
1.1513930573220963,-0.4626085846907738,-0.7519071313324821,0.5593493477226117,-0.1444381078535842,0.25764735977098835,0.5581043259384137
-0.9515200629189922,-0.9517500580765804,1.471949887095614,-0.7398941579665655,-0.6542207209531965,-0.5961729881317535,0.5581043259384137
0.31022831392501166,0.5437277012305815,-0.7519071313324821,0.5593493477226117,-0.39933094374817096,-0.8629918468513602,0.5581043259384137
-0.7412295079439094,1.427420427218831,-0.7519071313324821,0.039651321810556917,-0.6542207209531965,-1.209856363186849,0.5581043259384137
0.8710048095230681,-0.9517500580765804,-0.7519071313324821,-0.7398941579665655,0.21968970834080065,-0.8629918468513602,0.059439173870516004
-1.1618131413908286,1.427420427218831,1.093911095215772,-0.4800467041014978,-0.6542207209531965,-0.46276355877195,0.5581043259384137
1.1513930573220963,0.055475656824489426,-0.7519071313324821,0.8191968015876794,1.5702816123029024,0.07087415866726357,0.5581043259384137
-1.3721036963659112,-0.9517500580765804,1.5964838557687837,-0.7398941579665655,-0.6542207209531965,-0.5961729881317535,0.5581043259384137
-0.5309389529688268,-0.9517500580765804,-0.7519071313324821,-0.7398941579665655,1.3849066727556911,-0.19594470005234324,-2.297891487532222
1.1513930573220963,-0.896890433497308,-0.7519071313324821,-0.4800467041014978,1.894686227165742,0.7379213054662805,0.5581043259384137
0.5205188689000944,-0.9517500580765804,-0.7519071313324821,-0.7398941579665655,-0.6542207209531965,1.0847858218017694,0.5581043259384137
0.7308094238751771,-0.9517500580765804,-0.7519071313324821,-0.7398941579665655,1.7927309280216444,0.20428358802706698,0.1501055651555881
-0.5309389529688268,1.427420427218831,0.053446016170670234,0.29949877567562466,2.4044688402653542,0.33769301738687035,-1.481889477975714
-1.3721036963659112,-0.9517500580765804,1.5964838557687837,-0.7398941579665655,-0.39933094374817096,0.6045118761064772,0.5581043259384137
-1.3721036963659112,-0.9517500580765804,1.5964838557687837,-0.7398941579665655,-0.6542207209531965,0.4711024467466738,0.5581043259384137
-0.5309389529688268,-0.9517500580765804,-0.7519071313324821,-0.7398941579665655,0.875124059656079,-0.9964012762111636,-1.8898927267493963
-1.3721036963659112,-0.9517500580765804,1.5964838557687837,-0.7398941579665655,-0.6542207209531965,1.4049684522652977,0.5581043259384137
-1.1618131413908286,1.427420427218831,-0.7519071313324821,-0.4800467041014978,-0.6542207209531965,-0.7295824174915568,-1.0738907171928882
1.1513930573220963,0.04444521243075066,-0.7519071313324821,0.8191968015876794,-0.6542207209531965,1.698469196856865,0.5581043259384137
0.9411025023470135,0.43185297007994966,0.620607894311761,0.8191968015876794,-0.6542207209531965,1.538377881625101,0.5581043259384137
1.1513930573220963,0.3203744353734378,0.1519404777334039,-0.22019613205451086,-0.39933094374817096,0.07087415866726357,0.5581043259384137
-1.3721036963659112,-0.9517500580765804,1.5964838557687837,-0.7398941579665655,-0.39933094374817096,0.33769301738687035,0.5581043259384137
-1.1618131413908286,1.427420427218831,-0.7519071313324821,-0.4800467041014978,-0.6542207209531965,-0.8096280751074388,-2.297891487532222
-0.5309389529688268,1.427420427218831,0.580584519969212,0.29949877567562466,-0.6542207209531965,1.9919699414484324,0.5581043259384137
-0.5309389529688268,-0.9517500580765804,1.554579887523065,-0.7398941579665655,-0.6542207209531965,1.1381495935456907,0.5581043259384137
1.1513930573220963,-0.12254001519398748,-0.5315124918557673,0.8191968015876794,-0.6542207209531965,1.8051967403447078,0.5581043259384137
1.1513930573220963,-0.5321136665682886,-0.7519071313324821,-0.4800467041014978,-0.6542207209531965,-0.9964012762111636,-1.481889477975714
1.1513930573220963,-0.08176118907537774,1.089662580315958,-0.4800467041014978,-0.6542207209531965,1.4049684522652977,0.5581043259384137
0.9411025023470135,-0.641251242583202,-0.7519071313324821,-0.22019613205451086,-0.1444381078535842,0.5244662184905952,0.5581043259384137
-1.3721036963659112,-0.9517500580765804,1.5964838557687837,-0.7398941579665655,-0.6542207209531965,-0.9430375044672422,0.5581043259384137
0.5205188689000944,1.427420427218831,-0.7519071313324821,1.5987422813648018,-0.6542207209531965,-0.7295824174915568,0.5581043259384137
0.9411025023470135,0.483567717717767,-0.6329598048775427,1.8585897352298697,-0.6542207209531965,1.4049684522652977,0.5581043259384137
-0.9515200629189922,1.427420427218831,1.3873109185280659,-0.22019613205451086,-0.6542207209531965,-0.5961729881317535,0.5581043259384137
0.9411025023470135,-0.9078133459436447,-0.7519071313324821,-0.4800467041014978,2.0221326451130355,1.9386061697045112,0.5581043259384137
0.7308094238751771,1.427420427218831,-0.7519071313324821,1.8585897352298697,0.5692551035342239,1.538377881625101,0.5581043259384137
0.5205188689000944,1.2970108635358297,-0.7519071313324821,-0.22019613205451086,0.4927878645037601,-0.06253527069253983,0.5581043259384137
-0.9515200629189922,1.427420427218831,1.4542355696031037,-0.22019613205451086,-0.39933094374817096,1.4049684522652977,0.5581043259384137
1.1513930573220963,-0.7957900552029871,-0.7519071313324821,-0.22019613205451086,-0.6542207209531965,0.33769301738687035,0.5581043259384137
-1.3721036963659112,-0.9517500580765804,1.5964838557687837,-0.7398941579665655,-0.6542207209531965,0.33769301738687035,0.5581043259384137
-1.3721036963659112,-0.9517500580765804,1.5964838557687837,-0.7398941579665655,-0.39933094374817096,0.33769301738687035,0.5581043259384137
0.5205188689000944,1.427420427218831,-0.7519071313324821,1.5987422813648018,-0.6542207209531965,0.07087415866726357,0.5581043259384137
1.1513930573220963,-0.9517500580765804,-0.7519071313324821,-0.7398941579665655,-0.6542207209531965,2.2054250284241177,0.5581043259384137
0.7308094238751771,0.027270343801174535,1.2380359271074743,-0.22019613205451086,-0.39933094374817096,0.7379213054662805,0.5581043259384137
0.8710048095230681,-0.9517500580765804,-0.7519071313324821,-0.7398941579665655,-0.04248280870948625,-0.5961729881317535,0.059439173870516004
-0.7412295079439094,-0.9517500580765804,-0.7519071313324821,-0.7398941579665655,2.4044688402653542,-0.8629918468513602,-1.8898927267493963
-0.683877997222842,0.9833980655802544,0.7794421730210117,-0.17295255779809812,0.11045166935144125,-0.9430375044672422,-1.8898927267493963
-0.11035531952190754,0.15398184375038093,1.1753984322869562,-0.22019613205451086,-0.6542207209531965,1.6717873109849044,0.5581043259384137
-0.11035531952190754,-0.34028100811747947,-0.7519071313324821,-0.4800467041014978,0.656644922987799,-0.8096280751074388,0.1501055651555881
0.5205188689000944,-0.9515177172088757,1.2143819616804483,-0.4800467041014978,-0.6542207209531965,-0.8629918468513602,0.5581043259384137
1.1513930573220963,-0.9517500580765804,-0.7519071313324821,-0.7398941579665655,2.4044688402653542,-0.9430375044672422,0.5581043259384137
0.9411025023470135,1.1954136333912346,0.6184686782657107,2.1184403072768565,2.0221326451130355,-0.46276355877195,0.5581043259384137
1.1513930573220963,-0.8228005149867648,-0.7519071313324821,-0.22019613205451086,2.126406430944537,0.8713307348260839,0.1501055651555881
0.09993523545317518,-0.4722016405471795,0.21386309187007363,-0.22019613205451086,-0.6542207209531965,0.6045118761064772,0.5581043259384137
-0.3206458744969902,1.427420427218831,-0.7519071313324821,0.5593493477226117,0.025487390719912358,0.8980126206980447,-0.6658919564100632
1.1513930573220963,0.8309375882535606,-0.7519071313324821,2.3782877611419244,-0.6542207209531965,0.07087415866726357,0.5581043259384137
-1.3721036963659112,-0.9517500580765804,1.5964838557687837,-0.7398941579665655,-0.6542207209531965,1.0047401641858873,0.5581043259384137
-0.3206458744969902,1.427420427218831,-0.7519071313324821,0.5593493477226117,-0.6542207209531965,-0.9430375044672422,-0.25789319562723756
-0.9515200629189922,-0.9517500580765804,-0.7519071313324821,-0.7398941579665655,-0.6542207209531965,0.8846716777620643,0.5581043259384137
0.9411025023470135,0.6458682562055608,-0.7519071313324821,1.8585897352298697,2.0985998841434994,-0.6228548740037141,0.5581043259384137
1.1513930573220963,0.24998766217220025,-0.7519071313324821,0.8191968015876794,-0.6542207209531965,0.7379213054662805,0.5581043259384137
-0.3206458744969902,1.257151180112961,-0.7519071313324821,-0.4800467041014978,-0.39933094374817096,1.1381495935456907,0.5581043259384137
-1.1618131413908286,1.427420427218831,0.7475863626306112,-0.4800467041014978,-0.6542207209531965,-0.7829461892354782,0.5581043259384137
-0.9515200629189922,-0.9517500580765804,1.1341414273321653,-0.7398941579665655,-0.6542207209531965,-0.9430375044672422,0.5581043259384137
1.1513930573220963,-0.536481115008905,-0.7519071313324821,-0.22019613205451086,-0.6542207209531965,-0.30267224354018596,0.5581043259384137
1.1513930573220963,-0.9517500580765804,-0.7519071313324821,-0.7398941579665655,-0.3761583116323792,-0.9964012762111636,0.5581043259384137
-1.3721036963659112,-0.9517500580765804,1.5964838557687837,-0.7398941579665655,-0.6542207209531965,-0.035853384820579155,0.5581043259384137
-0.45446943084181896,1.140404144052028,0.2526477448574151,0.3939890423703693,-0.6542207209531965,-0.889673732723321,0.5581043259384137
1.1513930573220963,1.0597133181692155,-0.04948136785991404,0.8191968015876794,-0.39933094374817096,-0.16926281418038255,0.5581043259384137
0.7308094238751771,0.8301008259949016,-0.7519071313324821,1.079044255452747,1.2922192029820856,1.271559022905494,0.5581043259384137
-1.3721036963659112,-0.9517500580765804,1.5964838557687837,-0.7398941579665655,-0.6542207209531965,-0.46276355877195,0.10930524027822004
-0.5309389529688268,1.427420427218831,-0.7519071313324821,0.29949877567562466,-0.6542207209531965,0.6045118761064772,0.5581043259384137
0.09993523545317518,-0.9517500580765804,1.4515065458999703,-0.7398941579665655,-0.39933094374817096,-0.19594470005234324,0.5581043259384137
-1.3721036963659112,-0.9517500580765804,1.5964838557687837,-0.7398941579665655,-0.6542207209531965,-0.7295824174915568,0.5581043259384137
-0.11035531952190754,0.928562542479945,-0.7519071313324821,0.29949877567562466,-0.3761583116323792,-0.5961729881317535,0.5581043259384137
-0.11035531952190754,-0.1586932296447767,-0.7519071313324821,-0.4800467041014978,-0.6542207209531965,0.4711024467466738,-0.6658919564100632
1.1513930573220963,0.5314020119660604,-0.7519071313324821,2.3782877611419244,-0.6542207209531965,1.0047401641858873,0.5581043259384137
-1.3721036963659112,-0.9517500580765804,1.5964838557687837,-0.7398941579665655,-0.1444381078535842,-0.9430375044672422,-1.481889477975714
1.1513930573220963,0.6089365915074597,-0.5340151391624912,1.5987422813648018,-0.39933094374817096,-0.19594470005234324,0.5581043259384137
1.1513930573220963,1.427420427218831,0.7463656306750704,2.3782877611419244,-0.6542207209531965,-0.6228548740037141,0.5581043259384137
1.1513930573220963,-0.7894841024791531,0.0955942268935853,-0.4800467041014978,-0.39933094374817096,-0.46276355877195,0.5581043259384137
1.1513930573220963,0.808497742298174,-0.7519071313324821,-0.4800467041014978,-0.6542207209531965,0.07087415866726357,0.5581043259384137
-1.3721036963659112,-0.9517500580765804,1.5964838557687837,-0.7398941579665655,-0.6542207209531965,0.4711024467466738,0.5581043259384137
0.8710048095230681,-0.9517500580765804,-0.7519071313324821,-0.7398941579665655,0.3653414465564667,-0.8629918468513602,-1.9352259223919324
-0.7412295079439094,1.427420427218831,-0.7519071313324821,0.039651321810556917,-0.6542207209531965,0.7379213054662805,0.1501055651555881
-0.7412295079439094,1.1289431081912076,-0.25561698648892656,-0.4800467041014978,-0.6542207209531965,-0.8629918468513602,0.5581043259384137
1.1513930573220963,1.427420427218831,-0.7519071313324821,2.3782877611419244,2.4044688402653542,0.7379213054662805,0.5581043259384137
0.5205188689000944,0.5595885020970006,-0.7519071313324821,1.079044255452747,-0.6542207209531965,-0.46276355877195,0.5581043259384137
0.5205188689000944,-0.9517500580765804,-0.7519071313324821,-0.7398941579665655,-0.6542207209531965,-0.9430375044672422,0.5581043259384137
-1.1618131413908286,1.427420427218831,1.5269243643925998,-0.4800467041014978,-0.6542207209531965,1.0047401641858873,0.5581043259384137
0.7908938815804886,-0.47346376823105324,-0.7519071313324821,-0.29444004354848397,2.4044688402653542,-0.8629918468513602,-0.08303658386316934
-1.1618131413908286,1.427420427218831,-0.7519071313324821,-0.4800467041014978,-0.6542207209531965,-0.7295824174915568,-2.705890248315047
0.9411025023470135,-0.013176219710361791,-0.7519071313324821,-0.22019613205451086,-0.6542207209531965,-0.7829461892354782,0.5581043259384137
1.1513930573220963,-0.7390269712641905,-0.7519071313324821,-0.4800467041014978,2.4044688402653542,1.0047401641858873,0.5581043259384137
1.1513930573220963,1.065544394717172,0.7725551395311024,2.3782877611419244,-0.6542207209531965,0.2176245309630473,0.5581043259384137
-1.3721036963659112,-0.9517500580765804,1.5964838557687837,-0.7398941579665655,-0.6542207209531965,0.5244662184905952,0.5581043259384137
1.1513930573220963,1.2519559710136865,-0.7312240494238461,2.3782877611419244,-0.1444381078535842,1.1381495935456907,0.5581043259384137
-0.9515200629189922,-0.9517500580765804,-0.7519071313324821,-0.7398941579665655,-0.6542207209531965,-0.7429233604275371,0.5581043259384137
-1.3721036963659112,-0.9517500580765804,1.5964838557687837,-0.7398941579665655,-0.6542207209531965,-1.0230831620831242,0.5581043259384137
-0.7412295079439094,1.427420427218831,0.6960158471762913,0.039651321810556917,-0.09809590231156196,-0.19594470005234324,0.5581043259384137
1.1513930573220963,-0.607958842634704,-0.7519071313324821,2.3782877611419244,-0.39933094374817096,-0.5961729881317535,0.5581043259384137
0.7308094238751771,0.9894758315856328,-0.7519071313324821,0.039651321810556917,-0.6542207209531965,0.07087415866726357,0.1501055651555881
-0.3206458744969902,0.9789494787368669,-0.7519071313324821,0.29949877567562466,-0.6542207209531965,-0.8096280751074388,-0.25789319562723756
1.1513930573220963,-0.9517500580765804,-0.7519071313324821,-0.7398941579665655,1.5702816123029024,1.4049684522652977,0.5581043259384137
-1.3721036963659112,-0.9517500580765804,1.5964838557687837,-0.7398941579665655,-0.6542207209531965,1.1381495935456907,0.5581043259384137
-1.3721036963659112,-0.9517500580765804,1.5964838557687837,-0.7398941579665655,-0.6542207209531965,-0.46276355877195,0.5581043259384137
0.09993523545317518,-0.407583156247524,-0.7519071313324821,0.039651321810556917,-0.6542207209531965,0.5244662184905952,0.5581043259384137
0.9411025023470135,-0.9517500580765804,-0.7519071313324821,-0.7398941579665655,-0.6542207209531965,-0.9964012762111636,0.1501055651555881
-0.7412295079439094,1.427420427218831,-0.7519071313324821,0.039651321810556917,-0.6542207209531965,3.1392910339427416,-1.481889477975714
1.1513930573220963,-0.9517500580765804,-0.7519071313324821,-0.7398941579665655,-0.6542207209531965,0.20428358802706698,0.5581043259384137
0.5205188689000944,-0.9517500580765804,1.4893310987267434,-0.7398941579665655,-0.6542207209531965,0.6045118761064772,0.5581043259384137
1.1513930573220963,1.427420427218831,-0.7519071313324821,2.3782877611419244,-0.09809590231156196,0.7379213054662805,0.5581043259384137
1.1513930573220963,-0.5934707827389877,-0.7519071313324821,0.039651321810556917,-0.6542207209531965,0.7379213054662805,0.5581043259384137
0.31022831392501166,-0.03900146400943896,1.1211021928946712,-0.4800467041014978,-0.6542207209531965,0.07087415866726357,0.5581043259384137
-1.3721036963659112,-0.9517500580765804,1.5964838557687837,-0.7398941579665655,-0.1444381078535842,-0.46276355877195,0.5581043259384137
-0.7412295079439094,1.427420427218831,-0.7519071313324821,0.039651321810556917,-0.6542207209531965,0.7379213054662805,0.5581043259384137
-1.3721036963659112,-0.9517500580765804,1.5964838557687837,-0.7398941579665655,0.11045166935144125,-0.7429233604275371,-1.481889477975714
0.5205188689000944,1.427420427218831,-0.7519071313324821,1.5987422813648018,-0.3761583116323792,-1.129810705570967,0.1501055651555881
1.1513930573220963,-0.9517500580765804,-0.7519071313324821,-0.7398941579665655,2.4044688402653542,-0.8629918468513602,0.5581043259384137
-1.3721036963659112,-0.9517500580765804,1.5964838557687837,-0.7398941579665655,-0.39933094374817096,0.07087415866726357,0.5581043259384137
1.1513930573220963,-0.9517500580765804,-0.7519071313324821,-0.7398941579665655,1.5305584109713573,-0.7029005316195962,0.5581043259384137
0.31022831392501166,0.10975675899421566,-0.7519071313324821,0.29949877567562466,2.4044688402653542,1.9386061697045112,-1.0738907171928882
-1.3721036963659112,-0.9517500580765804,1.5964838557687837,-0.7398941579665655,-0.6542207209531965,-0.46276355877195,-1.481889477975714
1.1513930573220963,1.427420427218831,-0.7519071313324821,2.3782877611419244,1.8483440216237197,1.1381495935456907,0.5581043259384137
-1.3721036963659112,-0.9517500580765804,1.5964838557687837,-0.7398941579665655,-0.6542207209531965,-0.8629918468513602,0.5581043259384137
0.7308094238751771,0.589452739575976,-0.7519071313324821,-0.4800467041014978,-0.39933094374817096,-0.7829461892354782,0.5581043259384137
0.8710048095230681,-0.9517500580765804,-0.7519071313324821,-0.7398941579665655,0.025487390719912358,-0.5961729881317535,0.059439173870516004
0.09993523545317518,-0.9517500580765804,-0.7519071313324821,-0.7398941579665655,-0.6542207209531965,-0.06253527069253983,-1.0738907171928882
-1.1618131413908286,-0.9517500580765804,1.3405377061970678,-0.7398941579665655,-0.6542207209531965,0.7379213054662805,-0.25789319562723756
-1.3721036963659112,-0.9517500580765804,1.5964838557687837,-0.7398941579665655,-0.39933094374817096,-0.9430375044672422,0.5581043259384137
-1.3721036963659112,-0.9517500580765804,1.5964838557687837,-0.7398941579665655,-0.3761583116323792,-0.8096280751074388,0.1501055651555881
0.09993523545317518,-0.9517500580765804,-0.7519071313324821,-0.7398941579665655,1.3849066727556911,-0.46276355877195,-1.0738907171928882
0.09993523545317518,1.427420427218831,-0.7519071313324821,1.079044255452747,1.7927309280216444,0.07087415866726357,-0.25789319562723756
1.1513930573220963,-0.20450774039539102,-0.7519071313324821,0.5593493477226117,-0.6542207209531965,-0.19594470005234324,0.5581043259384137
0.7308094238751771,-0.9517500580765804,0.5878633353647857,-0.7398941579665655,-0.6542207209531965,-0.7829461892354782,0.5581043259384137
-0.11035531952190754,0.13402998149848092,-0.7519071313324821,-0.4800467041014978,0.45802891633007253,0.4177386750027524,0.5581043259384137
1.1513930573220963,-0.8409495745418121,-0.7519071313324821,-0.4800467041014978,1.1300138368611043,-0.5961729881317535,0.5581043259384137
0.6466937065844949,0.07697400677147805,1.4005876018045245,-0.4280759660557166,-0.2718845258008776,0.33769301738687035,0.10930524027822004
-0.11035531952190754,1.2148287201172745,-0.3070078109954056,-0.22019613205451086,-0.39933094374817096,-0.7829461892354782,0.5581043259384137
0.9411025023470135,1.427420427218831,-0.7519071313324821,2.1184403072768565,-0.39933094374817096,-0.6228548740037141,0.5581043259384137
0.09993523545317518,1.427420427218831,0.22266353057388052,1.079044255452747,0.17996650700925526,-1.1831744773148885,0.5581043259384137
-0.3206458744969902,1.427420427218831,-0.7519071313324821,0.5593493477226117,-0.04248280870948625,-0.19594470005234324,-1.0738907171928882
-1.3721036963659112,-0.9517500580765804,1.5964838557687837,-0.7398941579665655,-0.39933094374817096,-0.46276355877195,0.5581043259384137
1.1513930573220963,0.0864149630371008,-0.7519071313324821,1.8585897352298697,0.7360913256508896,0.6045118761064772,0.5581043259384137
1.1513930573220963,-0.9517500580765804,-0.7519071313324821,-0.7398941579665655,0.7051955023930212,-0.8096280751074388,0.5581043259384137
-1.3721036963659112,-0.9517500580765804,1.5964838557687837,-0.7398941579665655,-0.39933094374817096,-0.7295824174915568,0.5581043259384137
0.5205188689000944,1.2875081278315483,-0.7519071313324821,1.2089695414762407,-0.04248280870948625,1.4049684522652977,-0.5638933882120707
1.1513930573220963,1.1217758195563727,-0.7519071313324821,2.3782877611419244,-0.6542207209531965,-0.8096280751074388,0.5581043259384137
-1.3721036963659112,-0.9517500580765804,1.5964838557687837,-0.7398941579665655,-0.6542207209531965,-0.5961729881317535,0.5581043259384137
1.1513930573220963,-0.36779514994846224,-0.7519071313324821,2.3782877611419244,-0.6542207209531965,0.07087415866726357,0.5581043259384137
-0.7412295079439094,1.427420427218831,-0.7519071313324821,0.039651321810556917,-0.39933094374817096,-1.1031288196990063,0.5581043259384137
1.1513930573220963,-0.9517500580765804,-0.7519071313324821,-0.7398941579665655,1.0141567936612683,-0.7295824174915568,0.5581043259384137
1.1513930573220963,1.0109533699494988,-0.7519071313324821,2.1184403072768565,-0.39933094374817096,-0.19594470005234324,0.5581043259384137
1.1513930573220963,-0.9517500580765804,-0.7519071313324821,-0.7398941579665655,2.4044688402653542,1.4049684522652977,0.5581043259384137
1.1513930573220963,-0.9517500580765804,-0.7519071313324821,-0.7398941579665655,2.4044688402653542,0.25764735977098835,0.5581043259384137
0.09993523545317518,-0.2672073429262004,-0.7519071313324821,-0.4800467041014978,-0.314366665116642,0.33769301738687035,0.1501055651555881
-1.3721036963659112,-0.9517500580765804,1.5964838557687837,-0.7398941579665655,-0.6542207209531965,-0.46276355877195,0.5581043259384137
-0.3206458744969902,-0.9517500580765804,-0.7519071313324821,-0.7398941579665655,2.4044688402653542,0.07087415866726357,-1.8898927267493963
-1.3721036963659112,-0.9517500580765804,1.5964838557687837,-0.7398941579665655,-0.6542207209531965,1.6717873109849044,0.5581043259384137
-1.3721036963659112,-0.9517500580765804,1.5964838557687837,-0.7398941579665655,-0.3761583116323792,-0.06253527069253983,0.1501055651555881
1.1513930573220963,0.502167683989122,-0.5017684920212567,0.29949877567562466,-0.39933094374817096,0.6045118761064772,0.5581043259384137
1.1513930573220963,0.7969489584621338,-0.3422593331491336,2.1184403072768565,1.3849066727556911,-0.46276355877195,0.5581043259384137
-1.1618131413908286,1.427420427218831,0.7400422661549907,-0.4800467041014978,-0.6542207209531965,0.07087415866726357,0.5581043259384137
1.1513930573220963,0.4769343909698596,-0.7519071313324821,0.5593493477226117,-0.39933094374817096,0.6045118761064772,0.5581043259384137
-1.1618131413908286,-0.9517500580765804,-0.7519071313324821,-0.7398941579665655,-0.6542207209531965,-0.46276355877195,-2.297891487532222
-1.3721036963659112,-0.9517500580765804,1.5964838557687837,-0.7398941579665655,-0.39933094374817096,-0.8629918468513602,0.5581043259384137
-1.3721036963659112,-0.9517500580765804,1.5964838557687837,-0.7398941579665655,-0.6542207209531965,-0.5961729881317535,-0.33949384538197364
1.1513930573220963,1.046836165740613,-0.7519071313324821,2.3782877611419244,-0.6542207209531965,-0.035853384820579155,0.5581043259384137
-0.9515200629189922,-0.9517500580765804,-0.7519071313324821,-0.7398941579665655,-0.6542207209531965,0.4977843326186344,0.5581043259384137
-0.9515200629189922,1.427420427218831,-0.7519071313324821,-0.22019613205451086,-0.6542207209531965,1.0047401641858873,0.5581043259384137
1.1513930573220963,-0.9517500580765804,-0.7519071313324821,-0.7398941579665655,1.9675136256183559,-0.8629918468513602,0.5581043259384137
-0.5309389529688268,-0.9517500580765804,1.4463454471717638,-0.7398941579665655,-0.6542207209531965,0.20428358802706698,0.5581043259384137
1.1513930573220963,0.9054855865322332,-0.7519071313324821,1.5987422813648018,-0.6542207209531965,3.5395193220221515,0.5581043259384137
0.9411025023470135,0.8122951370854478,-0.7519071313324821,0.5593493477226117,-0.6542207209531965,0.6045118761064772,0.5581043259384137
1.1513930573220963,0.40414656632219204,-0.7519071313324821,0.5593493477226117,-0.6542207209531965,1.6717873109849044,0.5581043259384137
-1.3721036963659112,-0.9517500580765804,1.5964838557687837,-0.7398941579665655,-0.6542207209531965,1.0047401641858873,0.1501055651555881
1.1513930573220963,0.7727375809577203,-0.7519071313324821,0.039651321810556917,-0.6542207209531965,0.7379213054662805,0.5581043259384137
0.7308094238751771,-0.8185125802499322,0.8791137587442409,-0.22019613205451086,-0.6542207209531965,0.8713307348260839,-0.6658919564100632
-0.9515200629189922,1.427420427218831,1.3358896374058418,-0.22019613205451086,-0.6542207209531965,-0.19594470005234324,0.5581043259384137
1.1513930573220963,-0.2131085131940473,-0.7519071313324821,0.5593493477226117,0.3653414465564667,0.7379213054662805,0.5581043259384137
-1.1618131413908286,1.427420427218831,-0.7519071313324821,-0.4800467041014978,-0.6542207209531965,0.6045118761064772,0.5581043259384137
-0.11035531952190754,1.427420427218831,-0.3005929006146744,0.8191968015876794,-0.6542207209531965,-0.07587621362852018,0.5581043259384137
1.1513930573220963,1.427420427218831,-0.7519071313324821,2.3782877611419244,1.6397964499607167,0.4711024467466738,0.5581043259384137
-1.3721036963659112,-0.9517500580765804,1.5964838557687837,-0.7398941579665655,0.11045166935144125,-0.8629918468513602,-1.4365562823331777
-1.3721036963659112,-0.9517500580765804,1.5964838557687837,-0.7398941579665655,-0.6542207209531965,-0.7429233604275371,0.5581043259384137
1.1513930573220963,-0.1982562429356039,-0.7519071313324821,-0.4800467041014978,-0.6542207209531965,0.7646031913382413,0.5581043259384137
0.09993523545317518,1.427420427218831,-0.7519071313324821,1.079044255452747,-0.6542207209531965,-0.9430375044672422,0.5581043259384137
1.1513930573220963,-0.0063424544334163705,-0.7519071313324821,1.079044255452747,2.4044688402653542,-0.19594470005234324,0.5581043259384137
-1.3721036963659112,-0.9517500580765804,1.5964838557687837,-0.7398941579665655,0.875124059656079,-0.9430375044672422,-2.134690188022749
-1.3721036963659112,-0.9517500580765804,1.5964838557687837,-0.7398941579665655,-0.6542207209531965,-0.8629918468513602,0.5581043259384137
1.1513930573220963,-0.9517500580765804,-0.7519071313324821,-0.7398941579665655,1.180993015777934,0.7379213054662805,0.1501055651555881
-1.3721036963659112,-0.9517500580765804,1.5964838557687837,-0.7398941579665655,-0.2172655063061979,-0.46276355877195,-0.25789319562723756
0.9411025023470135,1.2660242780244686,-0.7519071313324821,1.338894827499734,0.6202342824510535,-0.9964012762111636,0.5581043259384137
1.1513930573220963,1.427420427218831,-0.7519071313324821,2.3782877611419244,2.4044688402653542,-0.9964012762111636,0.5581043259384137
1.1513930573220963,0.4390419697376767,-0.7519071313324821,1.8585897352298697,-0.1444381078535842,1.538377881625101,0.5581043259384137
-0.9515200629189922,-0.9517500580765804,-0.7519071313324821,-0.7398941579665655,2.4044688402653542,-0.06253527069253983,-2.705890248315047
1.1513930573220963,1.427420427218831,-0.7519071313324821,2.3782877611419244,2.4044688402653542,0.33769301738687035,0.5581043259384137
0.5205188689000944,0.014908783929931174,0.2289857507885359,0.039651321810556917,-0.6542207209531965,-0.5961729881317535,0.5581043259384137
1.1513930573220963,0.9499074907301712,-0.7519071313324821,2.3782877611419244,-0.6542207209531965,0.1509198162831456,0.5581043259384137
-0.8674043456283098,1.427420427218831,1.2728093506183833,-0.11625777414486754,-0.6542207209531965,1.1381495935456907,0.5581043259384137
1.1513930573220963,1.1634172200411534,-0.3704820777864096,2.3782877611419244,2.126406430944537,1.1381495935456907,0.5581043259384137
0.9411025023470135,0.9726776603525551,-0.7519071313324821,1.079044255452747,-0.6542207209531965,-0.32935412941214665,0.5581043259384137
0.7308094238751771,0.8103830633646175,0.8446517506013279,1.338894827499734,-0.39933094374817096,-0.30267224354018596,0.5581043259384137
1.1513930573220963,0.18895255231134972,-0.7519071313324821,2.3782877611419244,-0.6542207209531965,-0.16926281418038255,0.5581043259384137
1.1513930573220963,-0.6458274143921866,-0.7519071313324821,-0.4800467041014978,2.149579063060329,0.33769301738687035,0.5581043259384137
-0.9515200629189922,-0.9517500580765804,1.5483763716807175,-0.7398941579665655,-0.6542207209531965,0.20428358802706698,0.5581043259384137
1.1513930573220963,-0.9517500580765804,-0.7519071313324821,-0.7398941579665655,0.11045166935144125,0.7379213054662805,0.5581043259384137
-0.3206458744969902,1.0952720912686962,-0.7519071313324821,0.29949877567562466,-0.6542207209531965,1.538377881625101,0.5581043259384137
-0.5309389529688268,0.5739063517765307,-0.7519071313324821,-0.22019613205451086,-0.6542207209531965,-0.7829461892354782,0.5581043259384137
1.1513930573220963,1.427420427218831,-0.7519071313324821,2.3782877611419244,-0.1444381078535842,-0.32935412941214665,0.5581043259384137
-1.3721036963659112,-0.9517500580765804,1.5964838557687837,-0.7398941579665655,-0.6542207209531965,1.538377881625101,0.5581043259384137
-1.3721036963659112,-0.9517500580765804,1.5964838557687837,-0.7398941579665655,-0.3761583116323792,1.271559022905494,0.5581043259384137
1.1513930573220963,1.427420427218831,-0.7519071313324821,2.3782877611419244,0.26338614741236877,0.6045118761064772,0.1501055651555881
-0.5309389529688268,1.427420427218831,-0.7519071313324821,0.29949877567562466,-0.6542207209531965,-0.6228548740037141,0.5581043259384137
1.1513930573220963,0.3414138563522403,-0.7519071313324821,2.3782877611419244,-0.6542207209531965,1.271559022905494,0.5581043259384137
1.1513930573220963,-0.9517500580765804,0.9761184325044502,-0.7398941579665655,-0.1444381078535842,0.07087415866726357,0.5581043259384137
-0.7412295079439094,-0.9517500580765804,1.5959590312428058,-0.7398941579665655,-0.34835176483134134,3.1392910339427416,0.5581043259384137
-1.3721036963659112,-0.9517500580765804,1.5964838557687837,-0.7398941579665655,-0.6542207209531965,0.7379213054662805,0.5581043259384137
0.5205188689000944,1.427420427218831,-0.7519071313324821,1.5987422813648018,-0.2718845258008776,-0.8096280751074388,-0.25789319562723756
-0.5309389529688268,1.427420427218831,0.6677388501383446,0.29949877567562466,-0.6542207209531965,-0.5428092163878321,0.5581043259384137
-0.9515200629189922,-0.9517500580765804,-0.7519071313324821,-0.7398941579665655,-0.6542207209531965,-0.9430375044672422,0.5581043259384137
-1.3721036963659112,-0.9517500580765804,1.5964838557687837,-0.7398941579665655,-0.2172655063061979,0.6045118761064772,-0.25789319562723756
1.1513930573220963,1.0811921402408768,0.11551678167077997,0.5593493477226117,-0.6542207209531965,-0.9430375044672422,0.5581043259384137
0.7308094238751771,-0.5772818969189732,1.3096952971049516,0.039651321810556917,-0.39933094374817096,-0.19594470005234324,0.5581043259384137
-1.3721036963659112,-0.9517500580765804,1.5964838557687837,-0.7398941579665655,2.4044688402653542,-0.9430375044672422,-2.4338910744598303
-1.3721036963659112,-0.9517500580765804,1.5964838557687837,-0.7398941579665655,-0.3761583116323792,-0.7829461892354782,0.5581043259384137
0.09993523545317518,1.427420427218831,0.6518842157637472,1.079044255452747,-0.6542207209531965,0.9246945065700053,0.5581043259384137
-0.11035531952190754,1.427420427218831,1.0697106535700882,0.8191968015876794,-0.6542207209531965,-0.19594470005234324,-0.33949384538197364
0.09993523545317518,0.5910472244083613,0.9984404974165146,0.8191968015876794,-0.39933094374817096,1.0047401641858873,0.5581043259384137
-1.3721036963659112,-0.9517500580765804,1.5964838557687837,-0.7398941579665655,-0.39933094374817096,1.538377881625101,0.5581043259384137
-1.3721036963659112,-0.9517500580765804,1.5964838557687837,-0.7398941579665655,-0.6542207209531965,0.6045118761064772,0.5581043259384137
-0.7412295079439094,1.427420427218831,-0.7519071313324821,0.039651321810556917,-0.6542207209531965,-0.5961729881317535,0.1501055651555881
-1.3721036963659112,-0.9517500580765804,1.5964838557687837,-0.7398941579665655,-0.6542207209531965,-0.35603601528410733,0.5581043259384137
1.1513930573220963,0.6117036699842915,-0.7519071313324821,2.3782877611419244,-0.6542207209531965,0.07087415866726357,0.5581043259384137
0.09993523545317518,-0.2740693647979404,0.6072042311780634,-0.22019613205451086,-0.6542207209531965,-0.46276355877195,-1.0738907171928882
-0.5309389529688268,1.427420427218831,-0.7519071313324821,0.29949877567562466,-0.2172655063061979,-0.7829461892354782,0.1501055651555881
-0.5309389529688268,-0.9517500580765804,-0.7519071313324821,-0.7398941579665655,-0.6542207209531965,-0.5961729881317535,-2.705890248315047
0.31022831392501166,1.3424835910335273,-0.7519071313324821,0.5593493477226117,-0.6542207209531965,-0.19594470005234324,-0.6658919564100632
0.9411025023470135,1.427420427218831,-0.7519071313324821,2.1184403072768565,0.875124059656079,-1.1831744773148885,0.5581043259384137
0.5205188689000944,-0.513179816179433,-0.22513492004407587,0.5593493477226117,-0.6542207209531965,1.4049684522652977,0.5581043259384137
1.1513930573220963,-0.6841020095046638,-0.7519071313324821,0.039651321810556917,0.26338614741236877,0.6045118761064772,0.1501055651555881
0.5205188689000944,-0.9517500580765804,-0.7519071313324821,-0.7398941579665655,1.2922192029820856,-0.19594470005234324,-0.25789319562723756
0.5205188689000944,0.32471867565961765,-0.7519071313324821,0.29949877567562466,-0.6542207209531965,-0.7829461892354782,0.5581043259384137
-1.1618131413908286,1.427420427218831,-0.7519071313324821,-0.4800467041014978,-0.6542207209531965,-0.46276355877195,-1.8898927267493963
-1.3721036963659112,-0.9517500580765804,1.5964838557687837,-0.7398941579665655,-0.6542207209531965,0.20428358802706698,-1.0738907171928882
-1.3721036963659112,-0.9517500580765804,1.5964838557687837,-0.7398941579665655,-0.39933094374817096,-0.06253527069253983,0.5581043259384137
0.7308094238751771,-0.34674275871905424,1.1303662914050265,-0.22019613205451086,-0.6542207209531965,0.7379213054662805,0.5581043259384137
-1.3721036963659112,-0.9517500580765804,1.5964838557687837,-0.7398941579665655,-0.6542207209531965,-0.8629918468513602,-0.7241774936647524
0.5205188689000944,-0.41132276540747487,-0.7519071313324821,-0.22019613205451086,2.0221326451130355,0.33769301738687035,-0.25789319562723756
0.31022831392501166,0.6130033529582735,-0.5453929670166976,1.079044255452747,-0.6542207209531965,1.0847858218017694,0.5581043259384137
-1.3721036963659112,-0.9517500580765804,1.5964838557687837,-0.7398941579665655,-0.2172655063061979,-0.7829461892354782,0.5581043259384137
-1.0116045206243036,1.427420427218831,1.5245982759197318,-0.29444004354848397,0.11045166935144125,-1.129810705570967,-0.08303658386316934
-0.5309389529688268,-0.9517500580765804,-0.7519071313324821,-0.7398941579665655,0.3653414465564667,-0.6228548740037141,-1.0738907171928882
-0.11035531952190754,1.3958134708614387,-0.6951024151787484,-0.22019613205451086,-0.6542207209531965,0.23096547389902763,0.5581043259384137
-0.3206458744969902,-0.9517500580765804,-0.7519071313324821,-0.7398941579665655,1.6397964499607167,0.07087415866726357,-1.481889477975714
0.5205188689000944,0.676033723769343,1.1978957817225167,-0.22019613205451086,0.26338614741236877,1.4049684522652977,-1.0738907171928882
0.9411025023470135,1.2052094894063488,-0.2739979759002657,0.8191968015876794,-0.39933094374817096,-0.6495367598756748,0.5581043259384137
0.9411025023470135,-0.27881257107462565,-0.7519071313324821,-0.4800467041014978,2.4044688402653542,0.33769301738687035,0.5581043259384137
0.9411025023470135,0.19219288223401404,-0.7519071313324821,2.1184403072768565,-0.6542207209531965,1.9386061697045112,0.5581043259384137
-0.9132865636038651,1.427420427218831,1.351584554097779,-0.17295255779809812,-0.6542207209531965,-0.7295824174915568,-1.0738907171928882
1.1513930573220963,-0.7065293125211435,-0.7519071313324821,-0.22019613205451086,-0.39933094374817096,0.1776017021551063,0.5581043259384137
-0.11035531952190754,0.3707234619970209,-0.7519071313324821,-0.22019613205451086,-0.6542207209531965,1.9386061697045112,0.5581043259384137
0.7308094238751771,0.27935414710442746,-0.7519071313324821,0.039651321810556917,-0.6542207209531965,0.017510386923342204,-2.705890248315047
0.09993523545317518,1.427420427218831,-0.7519071313324821,1.079044255452747,-0.39933094374817096,0.33769301738687035,0.5581043259384137
-0.9515200629189922,1.427420427218831,0.8056734478139745,-0.22019613205451086,-0.6542207209531965,-0.46276355877195,0.5581043259384137
-0.5309389529688268,1.427420427218831,-0.7519071313324821,0.29949877567562466,-0.6542207209531965,0.7379213054662805,0.5581043259384137
1.1513930573220963,-0.9517500580765804,-0.7519071313324821,-0.7398941579665655,-0.6542207209531965,-0.889673732723321,0.5581043259384137
-1.1618131413908286,1.427420427218831,-0.6330793428595626,-0.4800467041014978,-0.3761583116323792,-0.9430375044672422,-1.0738907171928882
-0.22506086446079598,0.570866321209304,0.8912313623918395,-0.17295255779809812,-0.6542207209531965,0.7379213054662805,0.5581043259384137
0.5205188689000944,-0.23014682951960483,1.2972694542395606,-0.4800467041014978,-0.6542207209531965,1.271559022905494,0.5581043259384137
-0.3206458744969902,1.427420427218831,0.9558667256082146,0.5593493477226117,-0.6542207209531965,1.4049684522652977,0.1501055651555881
1.1513930573220963,-0.9517500580765804,-0.7519071313324821,-0.7398941579665655,-0.6542207209531965,-0.9964012762111636,0.5581043259384137
-1.3721036963659112,-0.9517500580765804,1.5964838557687837,-0.7398941579665655,-0.6542207209531965,-0.7829461892354782,0.5581043259384137
0.09993523545317518,-0.38447049553594825,-0.7519071313324821,-0.4800467041014978,1.7927309280216444,-0.9430375044672422,-1.0738907171928882
0.5906165617240398,0.928097276257105,-0.7519071313324821,1.6853591387137974,-0.6542207209531965,-0.19594470005234324,-0.4392259781973822
0.31022831392501166,-0.08238203665316586,-0.7519071313324821,-0.22019613205451086,1.2574602548083977,-0.46276355877195,-0.6658919564100632
1.1513930573220963,1.427420427218831,-0.7519071313324821,2.3782877611419244,2.149579063060329,1.271559022905494,0.5581043259384137
-0.5309389529688268,-0.9517500580765804,1.478679136212638,-0.7398941579665655,-0.2172655063061979,-0.06253527069253983,-0.6658919564100632
-1.1618131413908286,1.427420427218831,-0.7519071313324821,-0.4800467041014978,-0.6542207209531965,-0.9964012762111636,0.5581043259384137
0.9411025023470135,-0.9517500580765804,-0.7519071313324821,-0.7398941579665655,2.126406430944537,0.6045118761064772,0.5581043259384137
1.1513930573220963,1.427420427218831,-0.13906168584495124,2.3782877611419244,-0.6542207209531965,0.33769301738687035,0.5581043259384137
0.31022831392501166,1.317626386290114,0.527038852910766,1.079044255452747,-0.6542207209531965,2.2054250284241177,0.5581043259384137
-1.3721036963659112,-0.9517500580765804,1.5964838557687837,-0.7398941579665655,-0.6542207209531965,0.6045118761064772,0.5581043259384137
-1.3721036963659112,-0.9517500580765804,1.5964838557687837,-0.7398941579665655,-0.6542207209531965,-0.5961729881317535,-1.481889477975714
-1.3721036963659112,-0.9517500580765804,1.5964838557687837,-0.7398941579665655,-0.6542207209531965,1.8051967403447078,0.5581043259384137
-0.3206458744969902,1.0662963357007773,0.9408781058101412,0.039651321810556917,-0.6542207209531965,-0.06253527069253983,-0.6658919564100632
1.1513930573220963,-0.2869560390392029,0.3404906269300219,1.338894827499734,-0.3761583116323792,2.872472175223135,0.5581043259384137
-1.3721036963659112,-0.9517500580765804,1.5964838557687837,-0.7398941579665655,-0.314366665116642,0.33769301738687035,0.5581043259384137
-0.9515200629189922,1.427420427218831,1.1466344922207001,-0.22019613205451086,-0.6542207209531965,0.33769301738687035,0.5581043259384137
0.7308094238751771,1.280763258551933,-0.7519071313324821,1.8585897352298697,-0.6542207209531965,0.7379213054662805,0.5581043259384137
1.1513930573220963,1.013016808729265,-0.7519071313324821,2.3782877611419244,-0.39933094374817096,3.2727004633025447,0.5581043259384137
-0.7412295079439094,1.427420427218831,-0.7519071313324821,0.039651321810556917,-0.6542207209531965,1.271559022905494,0.5581043259384137
-1.3721036963659112,-0.9517500580765804,1.5964838557687837,-0.7398941579665655,-0.6542207209531965,-0.06253527069253983,0.5581043259384137
-0.11035531952190754,1.427420427218831,-0.7519071313324821,0.8191968015876794,-0.6542207209531965,0.6045118761064772,0.5581043259384137
1.1513930573220963,1.427420427218831,-0.7519071313324821,2.3782877611419244,-0.6542207209531965,0.8713307348260839,0.5581043259384137
1.1513930573220963,1.427420427218831,-0.7519071313324821,2.3782877611419244,2.149579063060329,5.407251333059399,0.5581043259384137
0.09993523545317518,-0.9517500580765804,-0.7519071313324821,-0.7398941579665655,1.9675136256183559,0.1509198162831456,-1.0738907171928882
1.1513930573220963,-0.9039617603006352,0.30413731079104567,-0.4800467041014978,-0.6542207209531965,-0.7829461892354782,0.5581043259384137
-1.1618131413908286,1.427420427218831,-0.7519071313324821,-0.4800467041014978,-0.6542207209531965,0.07087415866726357,0.5581043259384137
1.1513930573220963,0.2650487454872194,-0.7519071313324821,0.039651321810556917,-0.6542207209531965,0.8713307348260839,0.5581043259384137
1.1513930573220963,-0.9517500580765804,1.2052579558321035,-0.7398941579665655,-0.39933094374817096,0.4711024467466738,0.5581043259384137
-0.5309389529688268,0.07644725230819789,-0.7519071313324821,-0.4800467041014978,1.0936031963243587,-0.9430375044672422,-1.0738907171928882
1.1513930573220963,-0.14267328668506166,-0.7519071313324821,1.338894827499734,-0.6542207209531965,1.0047401641858873,0.5581043259384137
1.1513930573220963,-0.9517500580765804,-0.7519071313324821,-0.7398941579665655,2.4044688402653542,-0.9964012762111636,0.5581043259384137
0.9411025023470135,-0.699633115530439,0.721720469660461,0.29949877567562466,-0.6542207209531965,0.7379213054662805,0.5581043259384137
-1.3721036963659112,-0.9517500580765804,1.5964838557687837,-0.7398941579665655,-0.6542207209531965,-0.8363099609793996,0.5581043259384137
0.7308094238751771,-0.9517500580765804,-0.7519071313324821,-0.7398941579665655,-0.6542207209531965,-0.43608167289998934,0.5581043259384137
1.1513930573220963,0.6835692001127728,-0.7519071313324821,2.3782877611419244,-0.6542207209531965,0.7379213054662805,0.5581043259384137
1.1513930573220963,0.6804342874461792,-0.7519071313324821,2.1184403072768565,-0.6542207209531965,1.0047401641858873,0.5581043259384137
-1.1618131413908286,1.427420427218831,-0.7519071313324821,-0.4800467041014978,-0.6542207209531965,-0.7295824174915568,0.1501055651555881
-1.3721036963659112,-0.9517500580765804,1.5964838557687837,-0.7398941579665655,0.11045166935144125,-0.8096280751074388,0.5581043259384137
0.5205188689000944,0.8981810355089461,-0.7519071313324821,0.29949877567562466,-0.6542207209531965,-0.19594470005234324,0.5581043259384137
1.1513930573220963,0.35850442303395563,-0.5727183361346395,0.8191968015876794,-0.6542207209531965,-0.19594470005234324,0.5581043259384137
-0.8674043456283098,1.427420427218831,-0.7519071313324821,-0.11625777414486754,-0.6542207209531965,-0.46276355877195,-0.7882929310421678
-1.1618131413908286,1.427420427218831,-0.7519071313324821,-0.4800467041014978,-0.3761583116323792,0.4711024467466738,-0.25789319562723756
1.1513930573220963,1.427420427218831,-0.42170294128729774,2.3782877611419244,-0.6542207209531965,1.538377881625101,0.5581043259384137
1.1513930573220963,0.8564557064772144,-0.7519071313324821,2.3782877611419244,-0.6542207209531965,-0.8629918468513602,0.5581043259384137
0.09993523545317518,1.427420427218831,-0.7519071313324821,1.079044255452747,-0.6542207209531965,1.0047401641858873,0.5581043259384137
0.7308094238751771,0.5579242696984177,0.5079216562105288,-0.22019613205451086,-0.6542207209531965,0.8713307348260839,0.5581043259384137
-0.11035531952190754,0.37779279311494973,-0.7519071313324821,0.8191968015876794,-0.6542207209531965,4.339975898180972,0.5581043259384137
1.1513930573220963,0.9172043499876195,-0.7519071313324821,2.3782877611419244,2.0985998841434994,2.3388344577839213,0.5581043259384137
0.31022831392501166,-0.9517500580765804,-0.7519071313324821,-0.7398941579665655,0.875124059656079,1.1381495935456907,-0.25789319562723756
0.7308094238751771,1.2570458437984484,-0.7519071313324821,1.338894827499734,-0.6542207209531965,-0.32935412941214665,0.5581043259384137
1.1513930573220963,0.29868589490721487,-0.7129265565988688,1.338894827499734,1.5702816123029024,1.9386061697045112,0.5581043259384137
-1.3721036963659112,-0.9517500580765804,1.5964838557687837,-0.7398941579665655,-0.6542207209531965,1.1381495935456907,0.5581043259384137
-0.11035531952190754,-0.9517500580765804,-0.7519071313324821,-0.7398941579665655,-0.6542207209531965,-0.9430375044672422,0.5581043259384137
1.1513930573220963,0.027437997574838273,-0.3901105147580052,1.079044255452747,-0.6542207209531965,0.12423793041118493,0.5581043259384137
-1.1618131413908286,-0.9517500580765804,1.1001023611606362,-0.7398941579665655,-0.314366665116642,-0.7295824174915568,0.1501055651555881
-0.5309389529688268,1.427420427218831,-0.7519071313324821,0.29949877567562466,-0.6542207209531965,0.7379213054662805,0.5581043259384137
0.5205188689000944,-0.10917455946456954,-0.7519071313324821,0.039651321810556917,-0.6542207209531965,3.4061098926623483,0.5581043259384137
-1.3721036963659112,-0.9517500580765804,1.5964838557687837,-0.7398941579665655,-0.6542207209531965,0.07087415866726357,0.5581043259384137
1.1513930573220963,0.29761207701950826,-0.7519071313324821,2.3782877611419244,-0.6542207209531965,1.8051967403447078,0.5581043259384137
1.1513930573220963,-0.9517500580765804,-0.7519071313324821,-0.7398941579665655,-0.6542207209531965,0.8713307348260839,-0.6658919564100632
0.7308094238751771,1.427420427218831,-0.7519071313324821,1.8585897352298697,-0.6542207209531965,0.8713307348260839,0.5581043259384137
1.1513930573220963,-0.9517500580765804,-0.7519071313324821,-0.7398941579665655,-0.6542207209531965,-0.9964012762111636,0.5581043259384137
0.9411025023470135,-0.8073189911779604,-0.7519071313324821,-0.4800467041014978,1.2922192029820856,-0.46276355877195,0.5581043259384137
-0.3206458744969902,1.427420427218831,-0.7519071313324821,0.5593493477226117,-0.6542207209531965,-0.32935412941214665,0.5581043259384137
-1.3721036963659112,-0.9517500580765804,1.5964838557687837,-0.7398941579665655,-0.6542207209531965,0.33769301738687035,0.5581043259384137
1.1513930573220963,-0.9517500580765804,-0.7519071313324821,-0.7398941579665655,1.3849066727556911,-0.9964012762111636,0.5581043259384137
1.1513930573220963,0.2534876219743844,0.12037502711000113,0.29949877567562466,-0.3761583116323792,-0.889673732723321,0.5581043259384137
1.1513930573220963,0.8488853642309286,-0.7519071313324821,2.3782877611419244,-0.6542207209531965,0.6045118761064772,0.5581043259384137
-1.1618131413908286,1.427420427218831,1.4550522021406957,-0.4800467041014978,-0.6542207209531965,0.20428358802706698,0.5581043259384137
0.7308094238751771,-0.6660255232901438,1.2630595439484265,-0.22019613205451086,-0.39933094374817096,0.33769301738687035,0.5581043259384137
1.1513930573220963,-0.1895720568103808,-0.7519071313324821,2.3782877611419244,2.4044688402653542,0.33769301738687035,0.5581043259384137
1.1513930573220963,-0.9517500580765804,-0.7519071313324821,-0.7398941579665655,2.4044688402653542,1.8051967403447078,0.5581043259384137
-1.1618131413908286,1.427420427218831,-0.7519071313324821,-0.4800467041014978,-0.6542207209531965,-0.7295824174915568,-2.705890248315047
1.1513930573220963,0.8289132023029218,-0.7519071313324821,2.3782877611419244,-0.6542207209531965,0.4711024467466738,0.5581043259384137
1.1513930573220963,-0.18118622475572074,-0.7519071313324821,0.039651321810556917,-0.39933094374817096,0.07087415866726357,0.5581043259384137
1.1513930573220963,-0.3361082115400172,0.8862933457778807,0.8191968015876794,1.3849066727556911,-0.5961729881317535,0.5581043259384137
1.1513930573220963,-0.21533187425274833,0.10333186532720663,0.29949877567562466,-0.39933094374817096,1.4049684522652977,0.5581043259384137
-1.3721036963659112,-0.9517500580765804,1.5964838557687837,-0.7398941579665655,-0.6542207209531965,-0.32935412941214665,0.5581043259384137
-1.3721036963659112,-0.9517500580765804,1.5964838557687837,-0.7398941579665655,-0.6542207209531965,2.4722438871437245,0.5581043259384137
-1.1426951299848882,1.427420427218831,1.4800778385585356,-0.4564233578823318,-0.09809590231156196,-0.46276355877195,0.5581043259384137
1.1513930573220963,-0.9517500580765804,-0.7519071313324821,-0.7398941579665655,2.149579063060329,1.0047401641858873,0.5581043259384137
1.1513930573220963,-0.025104024307237297,-0.7519071313324821,0.039651321810556917,-0.6542207209531965,-0.19594470005234324,0.5581043259384137
-0.11035531952190754,0.6146534228508037,1.0370506958142176,-0.22019613205451086,-0.6542207209531965,-0.7295824174915568,-1.0738907171928882
0.7308094238751771,-0.8884357419312633,-0.7519071313324821,-0.22019613205451086,-0.6542207209531965,0.33769301738687035,0.5581043259384137
0.9411025023470135,-0.9517500580765804,-0.7519071313324821,-0.7398941579665655,1.5702816123029024,1.271559022905494,0.5581043259384137
0.7308094238751771,-0.049255053259300526,-0.17001076924733588,0.5593493477226117,-0.6542207209531965,1.271559022905494,0.5581043259384137
1.1513930573220963,1.427420427218831,-0.7519071313324821,2.3782877611419244,1.0141567936612683,-0.1158990424364612,0.5581043259384137
1.1513930573220963,-0.9517500580765804,-0.7519071313324821,-0.7398941579665655,-0.6542207209531965,-0.4894454446439107,0.5581043259384137
0.7308094238751771,1.427420427218831,1.1067506327408305,1.8585897352298697,-0.6542207209531965,0.8713307348260839,-0.18989564615886145
-1.1618131413908286,1.427420427218831,0.8087943334864834,-0.4800467041014978,-0.6542207209531965,-0.9430375044672422,0.5581043259384137
1.1513930573220963,0.27524185700942283,1.130885985097342,-0.4800467041014978,-0.6542207209531965,0.33769301738687035,0.5581043259384137
1.1513930573220963,-0.44034343764015754,-0.5566690710274038,0.039651321810556917,-0.6542207209531965,0.33769301738687035,0.5581043259384137
1.1513930573220963,1.427420427218831,-0.7519071313324821,2.3782877611419244,-0.6542207209531965,-0.5961729881317535,0.5581043259384137
1.1513930573220963,-0.4220909860445025,-0.7519071313324821,0.039651321810556917,-0.6542207209531965,0.6045118761064772,0.5581043259384137
-1.0566666021549103,1.427420427218831,1.159105610409067,-0.35012141807800434,-0.6542207209531965,-0.8629918468513602,-0.5638933882120707
0.7308094238751771,0.7571968499772904,-0.7519071313324821,1.079044255452747,1.6397964499607167,-0.06253527069253983,0.1501055651555881
-1.3721036963659112,-0.9517500580765804,1.5964838557687837,-0.7398941579665655,-0.6542207209531965,-0.19594470005234324,0.5581043259384137
0.9411025023470135,1.427420427218831,-0.7519071313324821,2.1184403072768565,2.4044688402653542,1.271559022905494,0.5581043259384137
0.7308094238751771,0.4439190982999089,0.30305336907966285,-0.22019613205451086,-0.6542207209531965,1.4049684522652977,-1.481889477975714
-1.3721036963659112,-0.9517500580765804,1.5964838557687837,-0.7398941579665655,-0.6542207209531965,1.1381495935456907,0.5581043259384137
-0.9515200629189922,1.427420427218831,-0.7519071313324821,-0.22019613205451086,-0.6542207209531965,-0.19594470005234324,0.5581043259384137
0.5205188689000944,1.215771585437378,-0.7519071313324821,1.338894827499734,-0.6542207209531965,-0.8629918468513602,0.5581043259384137
-1.3721036963659112,-0.9517500580765804,1.5964838557687837,-0.7398941579665655,-0.6542207209531965,2.2054250284241177,0.5581043259384137
0.23375879179800402,0.5632763714159346,-0.7519071313324821,-0.17295255779809812,-0.6542207209531965,0.33769301738687035,0.5581043259384137
1.1513930573220963,0.5543531851200898,-0.7519071313324821,2.3782877611419244,0.26338614741236877,1.4049684522652977,-1.0738907171928882
-0.11035531952190754,-0.22374468972956588,-0.7519071313324821,-0.4800467041014978,-0.6542207209531965,-0.8629918468513602,0.5581043259384137
1.1513930573220963,0.30243462764139545,-0.7519071313324821,0.8191968015876794,1.6397964499607167,0.8713307348260839,0.5581043259384137
-1.1618131413908286,-0.9517500580765804,1.1770428724343551,-0.7398941579665655,-0.6542207209531965,-0.9430375044672422,0.5581043259384137
0.9411025023470135,0.7447177950796504,0.07976755008651305,1.5987422813648018,-0.6542207209531965,0.6045118761064772,0.5581043259384137
0.9219844909410732,-0.9517500580765804,-0.7519071313324821,-0.7398941579665655,-0.6542207209531965,-0.5961729881317535,0.5581043259384137
-1.1618131413908286,1.427420427218831,-0.7519071313324821,-0.4800467041014978,-0.6542207209531965,-0.19594470005234324,-3.5218877698806983
0.9411025023470135,0.45384852934833597,-0.7519071313324821,2.3782877611419244,-0.6542207209531965,3.1392910339427416,0.5581043259384137
-0.5309389529688268,0.2281147078067456,-0.7519071313324821,-0.4800467041014978,-0.6542207209531965,0.07087415866726357,0.5581043259384137
-0.7412295079439094,0.7675444764562607,1.4762635284243686,-0.4800467041014978,-0.39933094374817096,0.7379213054662805,0.5581043259384137
1.1513930573220963,1.2293882570850323,-0.7519071313324821,2.3782877611419244,-0.39933094374817096,0.7646031913382413,0.5581043259384137
-1.1197540209971106,1.427420427218831,0.6565830308946756,-0.4280759660557166,-0.6542207209531965,1.3916275093293171,0.5581043259384137
-1.1618131413908286,1.427420427218831,-0.7519071313324821,-0.4800467041014978,-0.6542207209531965,-0.8629918468513602,-1.481889477975714
1.1513930573220963,0.29987862224917555,-0.7519071313324821,2.3782877611419244,0.7051955023930212,1.271559022905494,0.1501055651555881
-0.3206458744969902,1.427420427218831,-0.7519071313324821,0.5593493477226117,-0.1444381078535842,-1.1031288196990063,0.5581043259384137
1.1513930573220963,0.17535415312668412,-0.08175165769706476,1.338894827499734,-0.6542207209531965,0.33769301738687035,0.5581043259384137
0.09993523545317518,-0.9517500580765804,-0.7519071313324821,-0.7398941579665655,-0.04248280870948625,1.538377881625101,-0.6658919564100632
1.1513930573220963,0.05822954203278211,0.4255360619538153,1.079044255452747,-0.6542207209531965,0.20428358802706698,0.5581043259384137
1.1513930573220963,-0.9517500580765804,-0.7519071313324821,-0.7398941579665655,-0.6542207209531965,-0.06253527069253983,-2.297891487532222
-1.1618131413908286,-0.9517500580765804,1.199313584839021,-0.7398941579665655,-0.6542207209531965,0.33769301738687035,0.5581043259384137
0.5205188689000944,-0.07959370015718589,-0.7519071313324821,-0.22019613205451086,0.7051955023930212,-0.06253527069253983,-0.25789319562723756
-1.3721036963659112,-0.9517500580765804,1.5964838557687837,-0.7398941579665655,-0.3761583116323792,0.7379213054662805,0.1501055651555881
-1.1618131413908286,1.427420427218831,-0.7519071313324821,-0.4800467041014978,-0.6542207209531965,1.271559022905494,-1.8898927267493963
1.1513930573220963,-0.07671636703863288,-0.7519071313324821,0.5593493477226117,-0.6542207209531965,0.33769301738687035,0.5581043259384137
0.7308094238751771,1.427420427218831,-0.7519071313324821,1.8585897352298697,1.486861971899789,0.20428358802706698,0.1501055651555881
-1.3721036963659112,-0.9517500580765804,1.5964838557687837,-0.7398941579665655,-0.6542207209531965,-0.7829461892354782,0.5581043259384137
-1.1618131413908286,1.427420427218831,1.3418896415373434,-0.4800467041014978,-0.6542207209531965,-0.8096280751074388,0.1501055651555881
-0.3206458744969902,1.427420427218831,-0.15032027136654943,0.5593493477226117,-0.6542207209531965,-0.7295824174915568,0.5581043259384137
0.8990433819532956,0.8225018306341944,0.3838289872408997,0.19556041776598138,-0.6542207209531965,-0.8629918468513602,0.10930524027822004
1.1513930573220963,-0.9517500580765804,-0.7519071313324821,-0.7398941579665655,0.3653414465564667,-0.5961729881317535,-1.0738907171928882
0.5205188689000944,-0.5162242898783654,-0.7519071313324821,-0.4800467041014978,-0.6542207209531965,-0.9964012762111636,0.5581043259384137
-1.3721036963659112,-0.9517500580765804,1.5964838557687837,-0.7398941579665655,-0.2172655063061979,-0.46276355877195,-0.6658919564100632
-1.3721036963659112,-0.9517500580765804,1.5964838557687837,-0.7398941579665655,-0.6542207209531965,-0.46276355877195,0.10930524027822004
-0.3206458744969902,1.427420427218831,-0.7519071313324821,0.5593493477226117,-0.6542207209531965,-0.46276355877195,0.1501055651555881
-0.9515200629189922,1.427420427218831,-0.7519071313324821,-0.22019613205451086,-0.2718845258008776,0.6045118761064772,0.5581043259384137
-1.1618131413908286,1.427420427218831,1.566387296383971,-0.4800467041014978,-0.34835176483134134,-0.32935412941214665,0.5581043259384137
1.1513930573220963,0.5951458447837048,-0.7519071313324821,2.3782877611419244,0.3653414465564667,0.7379213054662805,0.5581043259384137
-0.5309389529688268,-0.9517500580765804,-0.7519071313324821,-0.7398941579665655,0.26338614741236877,0.7379213054662805,-1.0738907171928882
-0.9132865636038651,1.427420427218831,1.347497859868335,-0.17295255779809812,-0.6542207209531965,0.07087415866726357,0.5581043259384137
-1.3721036963659112,-0.9517500580765804,1.5964838557687837,-0.7398941579665655,-0.6542207209531965,-0.46276355877195,0.5581043259384137
-0.22506086446079598,-0.9517500580765804,-0.7519071313324821,-0.7398941579665655,0.875124059656079,0.6045118761064772,-1.481889477975714
-1.3721036963659112,-0.9517500580765804,1.5964838557687837,-0.7398941579665655,-0.39933094374817096,-0.32935412941214665,0.5581043259384137
0.09993523545317518,1.427420427218831,-0.7519071313324821,1.079044255452747,0.11045166935144125,-0.8096280751074388,0.5581043259384137
-1.3721036963659112,-0.9517500580765804,1.5964838557687837,-0.7398941579665655,-0.6542207209531965,1.1381495935456907,-0.6658919564100632
1.1513930573220963,1.427420427218831,-0.7519071313324821,2.3782877611419244,0.26338614741236877,-0.7829461892354782,0.5581043259384137
-1.3721036963659112,-0.9517500580765804,1.5964838557687837,-0.7398941579665655,-0.34835176483134134,-0.9563784474032226,0.1501055651555881
0.9411025023470135,0.07901621238517505,0.44684743931702753,-0.22019613205451086,-0.39933094374817096,1.538377881625101,0.5581043259384137
1.1513930573220963,-0.07985978408386626,-0.7519071313324821,1.338894827499734,1.894686227165742,0.6045118761064772,0.5581043259384137
-0.9515200629189922,1.427420427218831,1.491360215962979,-0.22019613205451086,0.11045166935144125,-0.32935412941214665,0.5581043259384137
1.1513930573220963,-0.9517500580765804,-0.7519071313324821,-0.7398941579665655,1.8483440216237197,0.07087415866726357,0.5581043259384137
-1.1618131413908286,-0.9517500580765804,1.1130192266566952,-0.7398941579665655,-0.6542207209531965,-0.5961729881317535,0.5581043259384137
-1.3721036963659112,-0.9517500580765804,1.5964838557687837,-0.7398941579665655,-0.6542207209531965,1.6717873109849044,0.5581043259384137
-1.1618131413908286,1.427420427218831,-0.7519071313324821,-0.4800467041014978,-0.6542207209531965,-0.8629918468513602,-1.8898927267493963
-0.5309389529688268,1.427420427218831,-0.7519071313324821,0.29949877567562466,-0.6542207209531965,1.1381495935456907,0.5581043259384137
0.5205188689000944,-0.6814852664634624,-0.7519071313324821,-0.22019613205451086,-0.6542207209531965,0.07087415866726357,0.5581043259384137
-1.3721036963659112,-0.9517500580765804,1.5964838557687837,-0.7398941579665655,-0.39933094374817096,-0.9430375044672422,0.5581043259384137
-0.11035531952190754,-0.9517500580765804,-0.7519071313324821,-0.7398941579665655,0.17996650700925526,0.37771584619481136,-0.25789319562723756
1.1513930573220963,-0.9517500580765804,-0.7519071313324821,-0.7398941579665655,0.3653414465564667,-0.19594470005234324,0.5581043259384137
-0.3206458744969902,1.001797498814933,0.25563388068059706,0.29949877567562466,-0.6542207209531965,-0.7295824174915568,0.5581043259384137
-0.5309389529688268,1.427420427218831,-0.7519071313324821,0.29949877567562466,0.875124059656079,-0.19594470005234324,-1.0738907171928882
0.09993523545317518,-0.9517500580765804,-0.7519071313324821,-0.7398941579665655,-0.6542207209531965,0.20428358802706698,0.5581043259384137
1.1513930573220963,-0.616512875956114,-0.7519071313324821,-0.22019613205451086,-0.3761583116323792,-0.8629918468513602,0.5581043259384137
0.5205188689000944,0.14374369645209759,-0.7519071313324821,-0.22019613205451086,1.2574602548083977,-0.46276355877195,0.1501055651555881
1.1513930573220963,0.9419210471441692,-0.7519071313324821,2.3782877611419244,1.894686227165742,0.07087415866726357,0.5581043259384137
-1.3721036963659112,-0.9517500580765804,1.5964838557687837,-0.7398941579665655,-0.6542207209531965,0.7379213054662805,0.5581043259384137
1.1513930573220963,-0.24353360029816043,-0.29541016200674564,0.5593493477226117,-0.6542207209531965,-0.06253527069253983,0.5581043259384137
-0.7412295079439094,-0.9517500580765804,1.424127189932557,-0.7398941579665655,-0.6542207209531965,-0.5961729881317535,0.5581043259384137
-1.1618131413908286,1.427420427218831,-0.7519071313324821,-0.4800467041014978,-0.6542207209531965,0.7379213054662805,-3.1138890090978726
1.1513930573220963,0.2880602671275132,-0.3494488279915611,2.1184403072768565,-0.6542207209531965,0.5511481043625558,0.5581043259384137
0.9411025023470135,-0.9078350426282427,-0.7519071313324821,-0.4800467041014978,1.486861971899789,1.271559022905494,0.5581043259384137
-1.1618131413908286,1.427420427218831,-0.7519071313324821,-0.4800467041014978,-0.34835176483134134,0.12423793041118493,0.5581043259384137
1.1513930573220963,-0.9517500580765804,-0.7519071313324821,-0.7398941579665655,-0.6542207209531965,0.33769301738687035,-2.297891487532222
-1.3721036963659112,-0.9517500580765804,1.5964838557687837,-0.7398941579665655,-0.6542207209531965,-0.8629918468513602,0.5581043259384137
1.1513930573220963,0.8980290155724432,-0.7519071313324821,2.1184403072768565,-0.6542207209531965,1.9386061697045112,0.5581043259384137
-0.9515200629189922,1.427420427218831,-0.7519071313324821,-0.22019613205451086,-0.6542207209531965,-0.7295824174915568,0.5581043259384137
1.1513930573220963,-0.7364803126565994,-0.7519071313324821,-0.4800467041014978,0.6202342824510535,3.5395193220221515,0.5581043259384137
1.1513930573220963,1.427420427218831,-0.7519071313324821,2.3782877611419244,-0.39933094374817096,0.33769301738687035,0.5581043259384137
0.5205188689000944,1.2567296656295135,0.1380002838972855,1.338894827499734,-0.6542207209531965,0.7379213054662805,0.5581043259384137
-1.1618131413908286,1.427420427218831,-0.7519071313324821,-0.4800467041014978,-0.6542207209531965,-0.19594470005234324,0.5581043259384137
1.1513930573220963,0.9782434295400924,-0.7519071313324821,2.3782877611419244,2.4044688402653542,1.4049684522652977,0.5581043259384137
-1.1618131413908286,1.427420427218831,-0.7519071313324821,-0.4800467041014978,-0.6542207209531965,-0.46276355877195,-2.297891487532222
-1.3721036963659112,-0.9517500580765804,1.5964838557687837,-0.7398941579665655,-0.6542207209531965,2.0720155990643145,0.5581043259384137
0.09993523545317518,-0.3686200371708423,-0.7519071313324821,-0.4800467041014978,-0.6542207209531965,-0.9964012762111636,0.5581043259384137
0.7308094238751771,1.427420427218831,-0.7519071313324821,1.8585897352298697,-0.6542207209531965,1.4049684522652977,0.5581043259384137
0.8359559631110953,1.3740236898113354,0.9047641085576531,0.8191968015876794,-0.6542207209531965,-0.8629918468513602,0.5581043259384137
1.1513930573220963,0.6052018869433978,-0.7519071313324821,2.3782877611419244,-0.6542207209531965,0.6045118761064772,0.5581043259384137
1.1513930573220963,-0.18278993583101494,0.3469344522744203,-0.22019613205451086,-0.6542207209531965,0.33769301738687035,0.5581043259384137
1.1513930573220963,0.23945769705630954,-0.7519071313324821,2.3782877611419244,0.3653414465564667,-0.1158990424364612,0.5581043259384137
-1.3721036963659112,-0.9517500580765804,1.5964838557687837,-0.7398941579665655,-0.6542207209531965,-0.5961729881317535,-0.25789319562723756
1.1513930573220963,-0.5554397186001948,1.123849372245484,-0.4800467041014978,-0.6542207209531965,1.9386061697045112,0.5581043259384137
1.1513930573220963,1.4215435509329968,-0.7519071313324821,2.3782877611419244,2.149579063060329,0.07087415866726357,0.5581043259384137
-0.11035531952190754,-0.9517500580765804,-0.7519071313324821,-0.7398941579665655,0.3653414465564667,-0.9430375044672422,-1.0738907171928882
-1.3721036963659112,-0.9517500580765804,1.5964838557687837,-0.7398941579665655,-0.6542207209531965,-0.9430375044672422,-1.8898927267493963
-1.1618131413908286,1.427420427218831,1.561068091367929,-0.4800467041014978,-0.6542207209531965,0.33769301738687035,0.5581043259384137
-1.1618131413908286,1.427420427218831,0.5209095387546385,-0.4800467041014978,-0.6542207209531965,0.07087415866726357,0.5581043259384137
1.1513930573220963,-0.24599559414973005,-0.7519071313324821,-0.22019613205451086,-0.39933094374817096,-0.7295824174915568,0.5581043259384137
-1.1618131413908286,1.427420427218831,-0.7519071313324821,-0.4800467041014978,-0.6542207209531965,-0.9430375044672422,0.5581043259384137
0.5205188689000944,-0.9517500580765804,-0.7519071313324821,-0.7398941579665655,1.5702816123029024,0.4711024467466738,0.5581043259384137
0.7308094238751771,-0.6854834468190294,0.579905348290238,-0.22019613205451086,-0.39933094374817096,-0.19594470005234324,0.5581043259384137
-1.3721036963659112,-0.9517500580765804,1.5964838557687837,-0.7398941579665655,0.21968970834080065,-0.32935412941214665,-0.6658919564100632
0.7308094238751771,1.427420427218831,-0.7519071313324821,1.8585897352298697,-0.6542207209531965,0.6045118761064772,0.5581043259384137
-0.3206458744969902,-0.9517500580765804,1.593582909911352,-0.7398941579665655,-0.3761583116323792,3.5395193220221515,0.5581043259384137
1.1513930573220963,1.427420427218831,-0.7519071313324821,2.3782877611419244,2.4044688402653542,1.538377881625101,0.5581043259384137
-1.3721036963659112,-0.9517500580765804,1.5964838557687837,-0.7398941579665655,-0.6542207209531965,-0.8629918468513602,0.5581043259384137
-1.1618131413908286,1.427420427218831,-0.7519071313324821,-0.4800467041014978,-0.6542207209531965,0.07087415866726357,-2.705890248315047
0.9219844909410732,-0.9517500580765804,-0.7519071313324821,-0.7398941579665655,-0.6542207209531965,-0.8629918468513602,0.1501055651555881
0.09993523545317518,-0.265671138107005,-0.7519071313324821,-0.4800467041014978,0.875124059656079,-0.5961729881317535,0.1501055651555881
0.4303947058388808,-0.7879303556439121,-0.7519071313324821,-0.29444004354848397,2.4044688402653542,1.4049684522652977,-0.08303658386316934
1.1513930573220963,-0.9517500580765804,-0.003541168878463745,-0.7398941579665655,-0.6542207209531965,-0.5961729881317535,0.5581043259384137
-0.3206458744969902,-0.9517500580765804,-0.7519071313324821,-0.7398941579665655,-0.6542207209531965,-0.009171498948618476,0.5581043259384137
-0.3206458744969902,1.2006960987045514,-0.7519071313324821,0.5593493477226117,-0.6542207209531965,-0.7295824174915568,0.5581043259384137
-0.7412295079439094,1.427420427218831,0.6086475381167286,0.039651321810556917,-0.39933094374817096,0.20428358802706698,0.5581043259384137
-1.3721036963659112,-0.9517500580765804,1.5964838557687837,-0.7398941579665655,-0.6542207209531965,-0.46276355877195,0.5581043259384137
-0.11035531952190754,-0.7040934516786931,0.11015055298759559,-0.4800467041014978,0.17996650700925526,-0.06253527069253983,-0.25789319562723756
1.1513930573220963,1.2833581262597753,-0.7519071313324821,1.338894827499734,-0.6542207209531965,-0.46276355877195,0.5581043259384137
0.9411025023470135,-0.9517500580765804,-0.7519071313324821,-0.7398941579665655,0.3653414465564667,-0.06253527069253983,0.5581043259384137
-0.5309389529688268,1.389406395314614,-0.7519071313324821,0.29949877567562466,-0.6542207209531965,-0.46276355877195,0.5581043259384137
1.1513930573220963,-0.24698384345022906,-0.5033412382443324,0.8191968015876794,-0.6542207209531965,-0.46276355877195,0.5581043259384137
-1.3721036963659112,-0.9517500580765804,1.5964838557687837,-0.7398941579665655,-0.6542207209531965,2.0720155990643145,0.5581043259384137
1.1513930573220963,0.3878996677582676,-0.03665627127501176,1.5987422813648018,-0.6542207209531965,0.20428358802706698,0.5581043259384137
0.31022831392501166,-0.9517500580765804,0.9593562087145732,-0.7398941579665655,-0.6542207209531965,-0.5961729881317535,-0.9378911302652799
-1.1618131413908286,1.427420427218831,1.0142933455817147,-0.4800467041014978,-0.6542207209531965,1.271559022905494,0.5581043259384137
1.1513930573220963,1.356756724128133,-0.7519071313324821,2.3782877611419244,1.6397964499607167,1.9386061697045112,0.5581043259384137
0.9219844909410732,-0.9517500580765804,-0.7519071313324821,-0.7398941579665655,-0.6542207209531965,0.33769301738687035,-0.6658919564100632
1.1513930573220963,1.0124898219348621,-0.42201086528263143,2.1184403072768565,-0.6542207209531965,2.2054250284241177,0.5581043259384137
-0.7412295079439094,1.427420427218831,0.3985040156389055,0.039651321810556917,-0.6542207209531965,-0.46276355877195,0.5581043259384137
0.5205188689000944,0.23239514410321063,-0.7519071313324821,1.079044255452747,0.3653414465564667,0.7379213054662805,0.5581043259384137
1.1513930573220963,-0.9517500580765804,-0.7519071313324821,-0.7398941579665655,0.025487390719912358,0.33769301738687035,0.5581043259384137
1.1513930573220963,0.3679845402220826,-0.7519071313324821,2.3782877611419244,2.4044688402653542,-0.06253527069253983,0.5581043259384137
-0.11035531952190754,0.684367689180745,-0.7519071313324821,-0.4800467041014978,0.11045166935144125,-0.5961729881317535,-1.481889477975714
-0.7412295079439094,1.427420427218831,-0.7519071313324821,0.039651321810556917,0.875124059656079,-0.7295824174915568,-1.8898927267493963
-1.3721036963659112,-0.9517500580765804,1.5964838557687837,-0.7398941579665655,-0.6542207209531965,-0.9430375044672422,-2.297891487532222
-0.9515200629189922,1.427420427218831,-0.7519071313324821,-0.22019613205451086,2.4044688402653542,-0.19594470005234324,-2.297891487532222
1.1513930573220963,0.607760698896248,-0.7519071313324821,2.3782877611419244,2.4044688402653542,0.6045118761064772,0.5581043259384137
1.1513930573220963,1.3892499685001023,-0.7519071313324821,2.3782877611419244,2.4044688402653542,1.4049684522652977,0.5581043259384137
1.1513930573220963,1.246464826085177,-0.7519071313324821,2.3782877611419244,-0.6542207209531965,0.33769301738687035,0.5581043259384137
0.09993523545317518,-0.9517500580765804,-0.7519071313324821,-0.7398941579665655,2.4044688402653542,0.6045118761064772,-1.481889477975714
0.004350225416980902,1.427420427218831,-0.7519071313324821,0.9609337607207559,-0.2172655063061979,1.6717873109849044,0.1501055651555881
-1.3721036963659112,-0.9517500580765804,1.5964838557687837,-0.7398941579665655,-0.04248280870948625,0.4711024467466738,-1.0738907171928882
-0.9515200629189922,1.427420427218831,1.391471621364981,-0.22019613205451086,-0.6542207209531965,1.8051967403447078,0.5581043259384137
-1.1618131413908286,1.427420427218831,-0.7519071313324821,-0.4800467041014978,2.4044688402653542,0.20428358802706698,-3.1138890090978726
-0.5309389529688268,-0.9517500580765804,-0.7519071313324821,-0.7398941579665655,-0.6542207209531965,-0.46276355877195,0.5581043259384137
-0.683877997222842,1.427420427218831,-0.7519071313324821,0.11051824228613556,-0.6542207209531965,-0.6495367598756748,-1.481889477975714
-0.9515200629189922,0.9826921610431947,-0.7519071313324821,-0.4800467041014978,-0.3761583116323792,1.1381495935456907,0.1501055651555881
-1.3721036963659112,-0.9517500580765804,1.5964838557687837,-0.7398941579665655,-0.6542207209531965,0.4177386750027524,0.5581043259384137
1.1513930573220963,1.427420427218831,-0.7519071313324821,2.3782877611419244,2.149579063060329,2.3388344577839213,0.5581043259384137
-0.9515200629189922,-0.9517500580765804,-0.7519071313324821,-0.7398941579665655,-0.6542207209531965,-0.889673732723321,0.5581043259384137
1.1513930573220963,1.0219909652580061,-0.7519071313324821,1.8585897352298697,-0.6542207209531965,0.6045118761064772,0.5581043259384137
-0.11035531952190754,-0.9517500580765804,1.2100872075156122,-0.7398941579665655,0.875124059656079,-0.5961729881317535,-1.481889477975714
-1.3721036963659112,-0.9517500580765804,1.5964838557687837,-0.7398941579665655,-0.6542207209531965,0.20428358802706698,0.5581043259384137
0.9411025023470135,-0.9517500580765804,-0.7519071313324821,-0.7398941579665655,2.4044688402653542,0.4711024467466738,0.5581043259384137
0.7308094238751771,-0.06511006430684343,-0.7519071313324821,-0.22019613205451086,-0.6542207209531965,0.4711024467466738,0.5581043259384137
-1.1197540209971106,1.427420427218831,-0.7519071313324821,-0.4280759660557166,-0.6542207209531965,-0.8363099609793996,0.5581043259384137
-1.3721036963659112,-0.9517500580765804,1.5964838557687837,-0.7398941579665655,-0.6542207209531965,-0.8629918468513602,-1.8898927267493963
0.5205188689000944,-0.9517500580765804,-0.7519071313324821,-0.7398941579665655,2.0646147844288,-0.5961729881317535,-0.25789319562723756
-1.3721036963659112,-0.9517500580765804,1.5964838557687837,-0.7398941579665655,-0.09809590231156196,-0.8629918468513602,-3.5218877698806983
-1.3721036963659112,-0.9517500580765804,1.5964838557687837,-0.7398941579665655,-0.6542207209531965,-0.9430375044672422,0.5581043259384137
-0.5309389529688268,-0.37624126656391543,-0.7519071313324821,-0.4800467041014978,-0.6542207209531965,-0.19594470005234324,-0.6658919564100632
-1.3721036963659112,-0.9517500580765804,1.5964838557687837,-0.7398941579665655,2.4044688402653542,-0.9430375044672422,-2.4338910744598303
1.1513930573220963,0.9392912501193267,-0.3526866500202056,2.3782877611419244,-0.6542207209531965,-0.19594470005234324,0.5581043259384137
-1.3721036963659112,-0.9517500580765804,1.5964838557687837,-0.7398941579665655,-0.6542207209531965,0.4711024467466738,0.059439173870516004
0.31022831392501166,0.88325188844434,-0.7519071313324821,1.338894827499734,-0.2172655063061979,0.33769301738687035,0.5581043259384137
-1.3721036963659112,-0.9517500580765804,1.5964838557687837,-0.7398941579665655,-0.6542207209531965,-0.8096280751074388,-1.8898927267493963
-0.9515200629189922,1.427420427218831,-0.7519071313324821,-0.22019613205451086,-0.6542207209531965,-0.46276355877195,0.5581043259384137
-1.1618131413908286,1.427420427218831,-0.7519071313324821,-0.4800467041014978,-0.6542207209531965,-0.19594470005234324,-3.1138890090978726
-1.3721036963659112,-0.9517500580765804,1.5964838557687837,-0.7398941579665655,-0.6542207209531965,1.538377881625101,0.5581043259384137
1.1513930573220963,0.15829977206994814,-0.7519071313324821,2.1184403072768565,1.6397964499607167,0.7379213054662805,0.5581043259384137
1.1513930573220963,-0.9517500580765804,-0.7519071313324821,-0.7398941579665655,-0.6542207209531965,-0.9964012762111636,0.5581043259384137
-1.3721036963659112,-0.9517500580765804,1.5964838557687837,-0.7398941579665655,-0.6542207209531965,0.33769301738687035,0.5581043259384137
0.9411025023470135,1.1597382382488273,-0.7519071313324821,2.1184403072768565,-0.6542207209531965,1.0047401641858873,0.5581043259384137
-1.3721036963659112,-0.9517500580765804,1.5964838557687837,-0.7398941579665655,-0.6542207209531965,1.0047401641858873,0.5581043259384137
0.9411025023470135,-0.2694553269223979,-0.7519071313324821,0.29949877567562466,0.6202342824510535,0.07087415866726357,0.5581043259384137
1.1513930573220963,-0.2845565281696649,0.3982694256274912,0.039651321810556917,-0.6542207209531965,1.8051967403447078,0.5581043259384137
1.1513930573220963,1.427420427218831,-0.7519071313324821,2.3782877611419244,0.3653414465564667,1.1381495935456907,0.5581043259384137
0.09993523545317518,0.8365726353658068,1.1004952644141535,-0.22019613205451086,-0.6542207209531965,1.4049684522652977,0.5581043259384137
-0.11035531952190754,1.427420427218831,0.9015872993602212,0.8191968015876794,0.21968970834080065,0.6045118761064772,0.5581043259384137
1.1513930573220963,0.45367725909185713,-0.7519071313324821,2.3782877611419244,0.11045166935144125,-0.06253527069253983,0.5581043259384137
1.1513930573220963,-0.9517500580765804,1.1840300388196974,-0.7398941579665655,-0.6542207209531965,-0.9430375044672422,-2.705890248315047
1.1513930573220963,0.5535354823567582,-0.7519071313324821,1.5987422813648018,-0.6542207209531965,0.33769301738687035,0.5581043259384137
-0.3206458744969902,-0.8279746057938051,-0.7519071313324821,-0.4800467041014978,-0.6542207209531965,0.8713307348260839,0.5581043259384137
-0.7412295079439094,1.427420427218831,1.4897975354410544,0.039651321810556917,-0.34835176483134134,0.33769301738687035,0.5581043259384137
-0.9515200629189922,1.427420427218831,1.5084009467870907,-0.22019613205451086,-0.1444381078535842,0.07087415866726357,0.5581043259384137
1.1513930573220963,1.2947135333511102,-0.7519071313324821,2.3782877611419244,2.4044688402653542,0.7379213054662805,0.5581043259384137
-1.3721036963659112,-0.9517500580765804,1.5964838557687837,-0.7398941579665655,-0.6542207209531965,-0.8629918468513602,0.5581043259384137
-1.3721036963659112,-0.9517500580765804,1.5964838557687837,-0.7398941579665655,-0.6542207209531965,0.33769301738687035,0.5581043259384137
0.31022831392501166,-0.9517500580765804,-0.7519071313324821,-0.7398941579665655,2.4044688402653542,-0.46276355877195,0.5581043259384137
-1.3721036963659112,-0.9517500580765804,1.5964838557687837,-0.7398941579665655,-0.39933094374817096,-0.8629918468513602,0.5581043259384137
1.1513930573220963,1.2161684117276692,-0.7519071313324821,2.3782877611419244,1.7927309280216444,0.33769301738687035,0.5581043259384137
-1.3721036963659112,-0.9517500580765804,1.5964838557687837,-0.7398941579665655,-0.1444381078535842,-0.8629918468513602,-1.481889477975714
0.09993523545317518,-0.9517500580765804,-0.7519071313324821,-0.7398941579665655,-0.6542207209531965,2.0720155990643145,0.5581043259384137
-1.3721036963659112,-0.9517500580765804,1.5964838557687837,-0.7398941579665655,-0.2172655063061979,2.739062745863331,-0.25789319562723756
-0.7412295079439094,1.427420427218831,-0.7519071313324821,0.039651321810556917,0.656644922987799,3.1392910339427416,-1.0738907171928882
0.7308094238751771,-0.5470604922862747,0.008698048800085621,0.8191968015876794,-0.6542207209531965,1.1381495935456907,0.5581043259384137
0.5205188689000944,-0.9517500580765804,-0.7519071313324821,-0.7398941579665655,-0.6542207209531965,-0.9964012762111636,0.5581043259384137
1.1513930573220963,-0.5271340834660723,-0.7519071313324821,-0.22019613205451086,1.7927309280216444,0.33769301738687035,0.5581043259384137
1.1513930573220963,0.6816855968844711,-0.7519071313324821,2.3782877611419244,-0.6542207209531965,1.6717873109849044,0.5581043259384137
0.09993523545317518,-0.9517500580765804,-0.7519071313324821,-0.7398941579665655,1.180993015777934,-0.46276355877195,-1.0738907171928882
0.7308094238751771,0.7284718724906334,-0.7519071313324821,0.8191968015876794,-0.39933094374817096,0.6045118761064772,0.5581043259384137
0.31022831392501166,-0.9517500580765804,-0.7519071313324821,-0.7398941579665655,1.7927309280216444,-0.7295824174915568,-0.4392259781973822
-1.3721036963659112,-0.9517500580765804,1.5964838557687837,-0.7398941579665655,-0.34835176483134134,-0.46276355877195,0.5581043259384137
-1.1618131413908286,1.427420427218831,-0.7519071313324821,-0.4800467041014978,-0.6542207209531965,-0.5694911022597927,0.5581043259384137
-1.3721036963659112,-0.9517500580765804,1.5964838557687837,-0.7398941579665655,-0.04248280870948625,1.1381495935456907,0.5581043259384137
-0.7412295079439094,1.427420427218831,-0.7519071313324821,0.039651321810556917,2.4044688402653542,-0.46276355877195,-1.481889477975714
-1.1618131413908286,1.427420427218831,-0.7519071313324821,-0.4800467041014978,-0.6542207209531965,0.6311937619784378,0.5581043259384137
-1.3721036963659112,-0.9517500580765804,1.5964838557687837,-0.7398941579665655,-0.6542207209531965,-0.46276355877195,0.5581043259384137
-0.9515200629189922,1.427420427218831,-0.7519071313324821,-0.22019613205451086,-0.6542207209531965,3.1392910339427416,-1.8898927267493963
-0.3206458744969902,1.427420427218831,-0.7519071313324821,0.5593493477226117,-0.39933094374817096,-1.129810705570967,0.5581043259384137
1.1513930573220963,-0.9517500580765804,-0.7519071313324821,-0.7398941579665655,2.149579063060329,-0.19594470005234324,0.5581043259384137
1.1513930573220963,0.4022598437664123,-0.7519071313324821,2.3782877611419244,1.6397964499607167,0.8179669630821625,0.5581043259384137
0.09993523545317518,1.2133341775530524,-0.7519071313324821,0.8191968015876794,2.4044688402653542,0.33769301738687035,-1.0738907171928882
-0.9515200629189922,-0.9517500580765804,-0.7519071313324821,-0.7398941579665655,-0.6542207209531965,0.07087415866726357,-2.705890248315047
-0.11035531952190754,-0.9517500580765804,-0.7519071313324821,-0.7398941579665655,-0.6542207209531965,-0.46276355877195,0.5581043259384137
0.4303947058388808,1.427420427218831,0.9066820234773878,1.4873795323057613,0.875124059656079,-0.46276355877195,-0.08303658386316934
-1.3721036963659112,-0.9517500580765804,1.5964838557687837,-0.7398941579665655,2.4044688402653542,1.1381495935456907,-2.705890248315047
-1.1618131413908286,-0.9517500580765804,-0.7519071313324821,-0.7398941579665655,-0.6542207209531965,-0.4894454446439107,-3.5218877698806983
-0.11035531952190754,0.9378882297156111,-0.7519071313324821,0.8191968015876794,-0.6542207209531965,-0.8096280751074388,0.5581043259384137
-1.3721036963659112,-0.9517500580765804,1.5964838557687837,-0.7398941579665655,-0.6542207209531965,3.5395193220221515,0.5581043259384137
-1.3721036963659112,-0.9517500580765804,1.5964838557687837,-0.7398941579665655,-0.39933094374817096,-0.46276355877195,0.5581043259384137
-0.11035531952190754,1.427420427218831,-0.7519071313324821,0.8191968015876794,-0.314366665116642,-0.46276355877195,-0.25789319562723756
-0.3206458744969902,0.4128325687092331,-0.7519071313324821,-0.4800467041014978,-0.6542207209531965,-0.5961729881317535,-2.297891487532222
-1.3721036963659112,-0.9517500580765804,1.5964838557687837,-0.7398941579665655,-0.6542207209531965,1.8051967403447078,0.5581043259384137
-0.9515200629189922,1.2729288372645833,-0.7519071313324821,-0.4800467041014978,-0.6542207209531965,-0.9964012762111636,0.5581043259384137
0.9411025023470135,0.31663192833617976,-0.7519071313324821,0.039651321810556917,-0.6542207209531965,-0.5961729881317535,0.5581043259384137
0.9411025023470135,-0.9517500580765804,-0.7519071313324821,-0.7398941579665655,1.894686227165742,-0.5961729881317535,0.5581043259384137
0.5205188689000944,-0.556937596691283,1.1980881389026516,-0.4800467041014978,-0.6542207209531965,0.7379213054662805,0.5581043259384137
0.7308094238751771,-0.15160701392951587,-0.7519071313324821,-0.22019613205451086,-0.6542207209531965,0.7379213054662805,0.5581043259384137
0.7308094238751771,0.7004460916446751,-0.7519071313324821,0.039651321810556917,-0.6542207209531965,0.4711024467466738,0.5581043259384137
-1.1618131413908286,1.427420427218831,-0.7519071313324821,-0.4800467041014978,-0.6542207209531965,-0.46276355877195,0.5581043259384137
-1.3721036963659112,-0.9517500580765804,1.5964838557687837,-0.7398941579665655,-0.2718845258008776,-0.8629918468513602,0.5581043259384137
-1.1618131413908286,1.427420427218831,0.3698132650185049,-0.4800467041014978,-0.39933094374817096,-0.9430375044672422,0.5581043259384137
1.1513930573220963,0.47053767488407866,-0.7519071313324821,0.5593493477226117,2.4044688402653542,0.20428358802706698,0.5581043259384137
0.31022831392501166,0.4185086884884517,-0.7519071313324821,0.039651321810556917,-0.314366665116642,-0.46276355877195,-0.25789319562723756
0.09993523545317518,-0.16079468475476727,-0.7519071313324821,-0.22019613205451086,-0.6542207209531965,-0.9430375044672422,0.5581043259384137
0.09993523545317518,1.427420427218831,0.06141742318602788,1.079044255452747,1.3849066727556911,-0.5961729881317535,-0.25789319562723756
-0.3206458744969902,-0.8765854656974346,1.3754012839276184,-0.4800467041014978,-0.6542207209531965,3.672928751381955,0.5581043259384137
-1.3721036963659112,-0.9517500580765804,1.5964838557687837,-0.7398941579665655,-0.6542207209531965,0.8713307348260839,0.5581043259384137
0.9411025023470135,1.1806666060238715,-0.7519071313324821,2.1184403072768565,-0.6542207209531965,1.0047401641858873,0.5581043259384137
-1.3721036963659112,-0.9517500580765804,1.5964838557687837,-0.7398941579665655,-0.6542207209531965,0.33769301738687035,0.5581043259384137
0.9411025023470135,1.427420427218831,-0.7519071313324821,2.1184403072768565,0.11045166935144125,-0.8096280751074388,0.5581043259384137
-1.3721036963659112,-0.9517500580765804,1.5964838557687837,-0.7398941579665655,-0.6542207209531965,0.07087415866726357,0.5581043259384137
-1.3721036963659112,-0.9517500580765804,1.5964838557687837,-0.7398941579665655,-0.6542207209531965,-0.9430375044672422,0.1501055651555881
1.1513930573220963,0.6574174027388798,-0.7519071313324821,0.596468185287679,-0.6542207209531965,-0.46276355877195,0.5581043259384137
-1.3721036963659112,-0.9517500580765804,1.5964838557687837,-0.7398941579665655,-0.39933094374817096,0.20428358802706698,0.5581043259384137
-0.5309389529688268,1.427420427218831,-0.7519071313324821,0.29949877567562466,-0.6542207209531965,-0.6895595886836158,0.5581043259384137
1.1513930573220963,-0.5278546407774697,-0.7519071313324821,-0.4800467041014978,-0.39933094374817096,-0.46276355877195,0.5581043259384137
-1.1618131413908286,-0.9517500580765804,-0.7519071313324821,-0.7398941579665655,-0.6542207209531965,0.33769301738687035,0.5581043259384137
1.1513930573220963,1.2350035177053738,-0.7519071313324821,2.3782877611419244,1.6397964499607167,0.33769301738687035,0.5581043259384137
-0.11035531952190754,-0.9517500580765804,0.07808305222908808,-0.7398941579665655,-0.6542207209531965,-0.32935412941214665,0.5581043259384137
1.1513930573220963,-0.19837401328246862,-0.37339874797433553,2.3782877611419244,-0.6542207209531965,1.271559022905494,0.5581043259384137
-1.1618131413908286,1.427420427218831,-0.7519071313324821,-0.4800467041014978,-0.6542207209531965,0.7379213054662805,-3.1138890090978726
-1.3721036963659112,-0.9517500580765804,1.5964838557687837,-0.7398941579665655,-0.6542207209531965,-1.0631059908910654,-1.0738907171928882
1.1513930573220963,-0.3159728911857817,-0.7519071313324821,0.29949877567562466,-0.6542207209531965,0.23096547389902763,0.5581043259384137
0.029840066125983535,1.427420427218831,-0.7519071313324821,0.9924305162856708,-0.6542207209531965,0.07087415866726357,-0.4392259781973822
1.1513930573220963,-0.42719242233539023,-0.7519071313324821,0.5593493477226117,1.894686227165742,0.07087415866726357,0.5581043259384137
-1.1618131413908286,-0.9517500580765804,1.5560018984247395,-0.7398941579665655,-0.6542207209531965,0.33769301738687035,0.5581043259384137
0.9411025023470135,1.427420427218831,-0.7519071313324821,2.1184403072768565,1.6397964499607167,0.6045118761064772,0.5581043259384137
-1.3721036963659112,-0.9517500580765804,1.5964838557687837,-0.7398941579665655,-0.39933094374817096,1.9386061697045112,0.5581043259384137
0.5205188689000944,0.0788468100844817,-0.7519071313324821,0.29949877567562466,0.875124059656079,0.20428358802706698,-0.25789319562723756
-1.3721036963659112,-0.9517500580765804,1.5964838557687837,-0.7398941579665655,-0.6542207209531965,0.33769301738687035,-2.297891487532222
-0.7412295079439094,1.427420427218831,1.392638246529129,0.039651321810556917,-0.04248280870948625,-0.5961729881317535,-0.6658919564100632
-0.5309389529688268,-0.9517500580765804,-0.7519071313324821,-0.7398941579665655,-0.6542207209531965,0.7379213054662805,-1.0738907171928882
-1.3721036963659112,-0.9517500580765804,1.5964838557687837,-0.7398941579665655,-0.6542207209531965,0.07087415866726357,0.5581043259384137
-0.11035531952190754,-0.9517500580765804,1.0096827160124304,-0.7398941579665655,-0.6542207209531965,0.33769301738687035,0.5581043259384137
1.1513930573220963,0.8300661895230352,-0.7519071313324821,2.3782877611419244,-0.6542207209531965,0.6045118761064772,0.5581043259384137
1.1513930573220963,0.7520762947421912,-0.5602863397904522,1.8585897352298697,-0.39933094374817096,0.5778299902345165,0.5581043259384137
0.31022831392501166,-0.4642597583183303,-0.7519071313324821,-0.4800467041014978,1.0936031963243587,-0.7295824174915568,0.1501055651555881
-0.5309389529688268,1.427420427218831,1.337250700462512,0.29949877567562466,-0.39933094374817096,-0.32935412941214665,0.5581043259384137
-0.3206458744969902,1.427420427218831,0.5622121481871705,0.5593493477226117,-0.6542207209531965,-0.19594470005234324,0.5581043259384137
1.1513930573220963,0.6936507557742196,-0.7519071313324821,1.079044255452747,-0.6542207209531965,4.6067947569005785,0.5581043259384137
1.1513930573220963,0.02912743075131508,-0.7519071313324821,0.039651321810556917,-0.6542207209531965,-0.7295824174915568,0.5581043259384137
0.31022831392501166,1.427420427218831,-0.7519071313324821,1.338894827499734,-0.39933094374817096,-0.8629918468513602,0.5581043259384137
-1.3721036963659112,-0.9517500580765804,1.5964838557687837,-0.7398941579665655,-0.6542207209531965,1.6717873109849044,0.5581043259384137
0.31022831392501166,-0.13941617217584365,-0.7519071313324821,0.039651321810556917,-0.6542207209531965,2.2054250284241177,0.5581043259384137
0.31022831392501166,-0.9517500580765804,-0.7519071313324821,-0.7398941579665655,0.7360913256508896,0.6045118761064772,0.5581043259384137
0.7308094238751771,-0.14871788410956052,0.7524790238902552,0.29949877567562466,-0.6542207209531965,-0.06253527069253983,-0.6658919564100632
-0.11035531952190754,1.0474263098821228,-0.38526320336499903,0.5593493477226117,-0.314366665116642,-0.8629918468513602,0.5581043259384137
0.09993523545317518,0.36141642541623376,-0.7519071313324821,-0.4800467041014978,-0.6542207209531965,-0.7295824174915568,0.5581043259384137
1.1513930573220963,-0.9517500580765804,-0.7519071313324821,-0.7398941579665655,2.4044688402653542,-0.8629918468513602,0.5581043259384137
-1.1618131413908286,1.427420427218831,-0.7519071313324821,-0.4800467041014978,-0.39933094374817096,0.4711024467466738,0.5581043259384137
1.1513930573220963,-0.3316491095404329,0.48124980116848437,0.039651321810556917,-0.6542207209531965,0.4711024467466738,0.5581043259384137
0.9411025023470135,-0.9517500580765804,-0.7519071313324821,-0.7398941579665655,-0.6542207209531965,-0.5961729881317535,0.5581043259384137
-0.3206458744969902,1.2836790351760383,-0.7519071313324821,0.5593493477226117,0.875124059656079,-0.46276355877195,-1.481889477975714
-1.3721036963659112,-0.9517500580765804,1.5964838557687837,-0.7398941579665655,0.11045166935144125,0.6045118761064772,-1.481889477975714
1.1513930573220963,-0.9517500580765804,-0.7519071313324821,-0.7398941579665655,1.6397964499607167,-0.46276355877195,0.5581043259384137
1.1513930573220963,-0.23129409106081605,-0.7519071313324821,0.29949877567562466,-0.39933094374817096,0.07087415866726357,0.5581043259384137
-0.5309389529688268,1.427420427218831,0.6319318388436199,0.29949877567562466,-0.6542207209531965,-0.8629918468513602,0.5581043259384137
1.1513930573220963,-0.2652700366277068,-0.7519071313324821,-0.22019613205451086,-0.39933094374817096,0.33769301738687035,0.5581043259384137
1.1513930573220963,-0.15557584966677285,0.35809752752676643,1.8585897352298697,1.894686227165742,1.4049684522652977,0.5581043259384137
-1.3721036963659112,-0.9517500580765804,1.5964838557687837,-0.7398941579665655,-0.2718845258008776,-0.8629918468513602,-0.6658919564100632
1.1513930573220963,1.427420427218831,-0.691624132143055,2.3782877611419244,-0.6542207209531965,1.1381495935456907,0.5581043259384137
-0.5309389529688268,1.0405119698355263,-0.7519071313324821,0.039651321810556917,-0.6542207209531965,-0.9430375044672422,0.5581043259384137
-1.3721036963659112,-0.9517500580765804,1.5964838557687837,-0.7398941579665655,-0.6542207209531965,-0.5961729881317535,-0.6658919564100632
-1.3721036963659112,-0.9517500580765804,1.5964838557687837,-0.7398941579665655,-0.6542207209531965,0.8713307348260839,0.5581043259384137
1.1513930573220963,0.014807856973579989,-0.12291381101853487,0.8191968015876794,-0.6542207209531965,-0.19594470005234324,0.5581043259384137
-0.7412295079439094,-0.9517500580765804,-0.7519071313324821,-0.7398941579665655,-0.6542207209531965,-0.46276355877195,-2.705890248315047
-1.3721036963659112,-0.9517500580765804,1.5964838557687837,-0.7398941579665655,-0.6542207209531965,2.2054250284241177,0.5581043259384137
-1.1618131413908286,1.427420427218831,-0.7519071313324821,-0.4800467041014978,-0.6542207209531965,-0.40939978702802865,-2.705890248315047
0.14199435584689316,1.427420427218831,0.5097563491482429,1.1310149934985283,-0.2172655063061979,0.33769301738687035,-0.33949384538197364
-0.11035531952190754,-0.3698335229149048,-0.7519071313324821,-0.4800467041014978,2.4044688402653542,-0.8363099609793996,-1.481889477975714
-0.3206458744969902,1.427420427218831,-0.6284325894450065,0.5593493477226117,0.025487390719912358,0.07087415866726357,0.5581043259384137
1.1513930573220963,1.427420427218831,-0.7519071313324821,2.3782877611419244,-0.6542207209531965,1.4049684522652977,0.5581043259384137
0.7308094238751771,-0.9517500580765804,-0.7519071313324821,-0.7398941579665655,0.5692551035342239,-0.19594470005234324,0.5581043259384137
0.9411025023470135,-0.06268958703804596,0.7912137912824667,-0.22019613205451086,-0.6542207209531965,-0.9964012762111636,0.5581043259384137
0.7908938815804886,-0.9517500580765804,-0.7519071313324821,-0.7398941579665655,1.7927309280216444,-0.8629918468513602,-0.08303658386316934
-1.1618131413908286,1.427420427218831,-0.7519071313324821,-0.4800467041014978,-0.6542207209531965,1.4049684522652977,-2.297891487532222
1.1513930573220963,-0.9517500580765804,-0.7519071313324821,-0.7398941579665655,-0.39933094374817096,0.4977843326186344,0.1501055651555881
-1.3721036963659112,-0.9517500580765804,1.5964838557687837,-0.7398941579665655,-0.6542207209531965,-0.46276355877195,-2.297891487532222
-0.7412295079439094,0.8121266238054797,-0.7519071313324821,-0.4800467041014978,-0.6542207209531965,0.4711024467466738,0.5581043259384137
-1.1618131413908286,1.427420427218831,1.568531075731422,-0.4800467041014978,-0.39933094374817096,0.07087415866726357,0.5581043259384137
-0.9515200629189922,1.427420427218831,-0.7519071313324821,-0.22019613205451086,-0.6542207209531965,0.4711024467466738,0.5581043259384137
-1.0116045206243036,1.427420427218831,0.08541834339304971,-0.29444004354848397,-0.6542207209531965,-0.7295824174915568,-0.7241774936647524
1.1513930573220963,1.427420427218831,0.5115744359526285,2.3782877611419244,2.149579063060329,-0.8629918468513602,0.5581043259384137
-0.5309389529688268,-0.9517500580765804,-0.7519071313324821,-0.7398941579665655,-0.6542207209531965,-0.7295824174915568,-1.481889477975714
1.1513930573220963,-0.9517500580765804,-0.7519071313324821,-0.7398941579665655,2.4044688402653542,0.07087415866726357,0.5581043259384137
1.1513930573220963,0.4071520245570071,-0.26071713280827385,1.5987422813648018,-0.3761583116323792,-0.19594470005234324,0.5581043259384137
-0.9515200629189922,1.427420427218831,0.8164721562145177,-0.22019613205451086,-0.6542207209531965,-0.9430375044672422,0.5581043259384137
1.1513930573220963,0.48688214189168927,-0.7519071313324821,2.3782877611419244,1.3849066727556911,-0.06253527069253983,0.5581043259384137
1.1513930573220963,1.427420427218831,-0.7519071313324821,2.3782877611419244,0.45802891633007253,-0.46276355877195,0.5581043259384137
1.1513930573220963,-0.9517500580765804,-0.7519071313324821,-0.7398941579665655,2.0985998841434994,-0.19594470005234324,0.1501055651555881
0.7308094238751771,-0.9517500580765804,1.0672640886586098,-0.7398941579665655,-0.6542207209531965,1.0047401641858873,0.5581043259384137
0.7308094238751771,-0.340385700225434,-0.7519071313324821,1.338894827499734,-0.6542207209531965,0.6045118761064772,0.5581043259384137
0.9411025023470135,1.427420427218831,-0.7519071313324821,2.1184403072768565,-0.6542207209531965,-0.06253527069253983,0.5581043259384137
0.9411025023470135,1.1280846402658415,-0.6572223667858027,2.1184403072768565,-0.6542207209531965,0.7379213054662805,0.1501055651555881
-1.091715448566883,1.427420427218831,1.5319689061816315,-0.3934298467525021,-0.04248280870948625,-0.8629918468513602,0.059439173870516004
-1.3721036963659112,-0.9517500580765804,1.5964838557687837,-0.7398941579665655,-0.6542207209531965,0.33769301738687035,0.5581043259384137
0.9411025023470135,0.22269435565563933,-0.7519071313324821,0.5593493477226117,1.0141567936612683,0.4711024467466738,0.5581043259384137
-0.7412295079439094,1.1240100902345371,1.0426968575034636,0.039651321810556917,-0.6542207209531965,-0.46276355877195,0.5581043259384137
-0.3206458744969902,1.427420427218831,0.2103099153087265,0.5593493477226117,-0.6542207209531965,-0.46276355877195,0.5581043259384137
-0.9515200629189922,1.427420427218831,-0.7519071313324821,-0.22019613205451086,-0.6542207209531965,3.5395193220221515,-2.705890248315047
0.09993523545317518,-0.04225948909493951,0.10484113719128756,-0.22019613205451086,-0.6542207209531965,-0.7829461892354782,-1.0738907171928882
-0.11035531952190754,-0.9517500580765804,-0.7519071313324821,-0.7398941579665655,0.875124059656079,-0.19594470005234324,-1.481889477975714
1.1513930573220963,-0.9517500580765804,-0.7519071313324821,-0.7398941579665655,0.3653414465564667,-0.9964012762111636,0.5581043259384137
-1.1618131413908286,1.427420427218831,-0.7519071313324821,-0.4800467041014978,-0.6542207209531965,-0.32935412941214665,0.5581043259384137
-1.1618131413908286,1.427420427218831,-0.7519071313324821,-0.4800467041014978,-0.39933094374817096,-0.9430375044672422,0.5581043259384137
-1.1618131413908286,1.427420427218831,-0.7519071313324821,-0.4800467041014978,-0.6542207209531965,0.20428358802706698,0.5581043259384137
-0.7412295079439094,1.427420427218831,1.1190930074582774,0.039651321810556917,-0.6542207209531965,-0.7829461892354782,0.5581043259384137
0.7308094238751771,-0.6041992591466756,-0.7519071313324821,-0.4800467041014978,1.3849066727556911,0.33769301738687035,-0.25789319562723756
-1.1618131413908286,1.427420427218831,1.3890554387736456,-0.4800467041014978,-0.6542207209531965,-0.5961729881317535,0.5581043259384137
-0.9515200629189922,1.427420427218831,-0.7519071313324821,-0.22019613205451086,2.4044688402653542,2.739062745863331,-2.297891487532222
1.1513930573220963,0.49678662833102655,-0.6194784335127886,0.29949877567562466,-0.6542207209531965,2.872472175223135,0.5581043259384137
-0.9515200629189922,-0.9517500580765804,-0.7519071313324821,-0.7398941579665655,-0.6542207209531965,-0.19594470005234324,0.5581043259384137
1.1513930573220963,0.5776711333716754,-0.6065465181168319,1.8585897352298697,2.4044688402653542,-0.24930847179626459,0.5581043259384137
-1.3721036963659112,-0.9517500580765804,1.5964838557687837,-0.7398941579665655,-0.6542207209531965,-0.7829461892354782,0.5581043259384137
-1.3721036963659112,-0.9517500580765804,1.5964838557687837,-0.7398941579665655,-0.6542207209531965,-0.5961729881317535,0.5581043259384137
0.5205188689000944,0.5729574375929295,-0.7519071313324821,1.5987422813648018,1.7247607285922455,-0.9430375044672422,0.1501055651555881
-0.9515200629189922,1.427420427218831,-0.7519071313324821,-0.22019613205451086,-0.6542207209531965,0.4711024467466738,0.5581043259384137
-0.5309389529688268,1.427420427218831,-0.7519071313324821,0.29949877567562466,2.4044688402653542,0.33769301738687035,-1.8898927267493963
0.6466937065844949,0.40073747797603365,-0.7519071313324821,-0.11625777414486754,1.045052616919137,2.2054250284241177,-0.7882929310421678
0.7308094238751771,0.4009667880962838,-0.1327245332411088,0.5593493477226117,-0.6542207209531965,-0.19594470005234324,0.5581043259384137
-1.3721036963659112,-0.9517500580765804,1.5964838557687837,-0.7398941579665655,-0.6542207209531965,1.9386061697045112,0.5581043259384137
-1.3721036963659112,-0.9517500580765804,1.5964838557687837,-0.7398941579665655,-0.6542207209531965,2.4722438871437245,0.5581043259384137
-1.3721036963659112,-0.9517500580765804,1.5964838557687837,-0.7398941579665655,-0.6542207209531965,-0.9430375044672422,0.5581043259384137
-0.11035531952190754,1.427420427218831,-0.7519071313324821,0.8191968015876794,2.4044688402653542,-0.5428092163878321,-1.481889477975714
-1.1618131413908286,1.427420427218831,-0.7519071313324821,-0.4800467041014978,-0.34835176483134134,-1.1564925914429276,-1.8898927267493963
0.09993523545317518,-0.30088588984487663,-0.7519071313324821,-0.4800467041014978,0.5692551035342239,-0.06253527069253983,-1.0738907171928882
0.5205188689000944,-0.9517500580765804,-0.7519071313324821,-0.7398941579665655,1.2922192029820856,-0.5961729881317535,-0.25789319562723756
0.09993523545317518,1.427420427218831,-0.6563636477109912,1.079044255452747,2.4044688402653542,1.538377881625101,0.1501055651555881
-0.7412295079439094,-0.9517500580765804,-0.7519071313324821,-0.7398941579665655,-0.09809590231156196,0.07087415866726357,-1.8898927267493963
-1.3721036963659112,-0.9517500580765804,1.5964838557687837,-0.7398941579665655,-0.34835176483134134,0.33769301738687035,0.5581043259384137
1.1513930573220963,0.04195254632840935,0.1302984103188876,-0.4800467041014978,-0.1444381078535842,1.0047401641858873,0.5581043259384137
1.1513930573220963,0.9378797832607016,-0.6301856631898739,2.3782877611419244,-0.1444381078535842,0.07087415866726357,0.5581043259384137
0.31022831392501166,-0.20201145976920293,-0.7519071313324821,-0.4800467041014978,1.9675136256183559,-0.06253527069253983,-0.6658919564100632
-1.3721036963659112,-0.9517500580765804,1.5964838557687837,-0.7398941579665655,-0.6542207209531965,0.6045118761064772,0.5581043259384137
0.9411025023470135,0.2296975185843019,-0.7519071313324821,0.8191968015876794,-0.09809590231156196,-0.6228548740037141,0.5581043259384137
-0.9515200629189922,1.427420427218831,-0.7519071313324821,-0.22019613205451086,-0.6542207209531965,-0.8629918468513602,0.5581043259384137
1.1513930573220963,1.427420427218831,-0.7519071313324821,2.3782877611419244,2.126406430944537,0.7379213054662805,0.5581043259384137
1.1513930573220963,1.427420427218831,-0.7519071313324821,2.3782877611419244,-0.6542207209531965,1.271559022905494,0.5581043259384137
-0.5309389529688268,1.427420427218831,1.204214181605597,0.29949877567562466,-0.6542207209531965,0.6045118761064772,0.5581043259384137
-1.3721036963659112,-0.9517500580765804,1.5964838557687837,-0.7398941579665655,-0.6542207209531965,-0.9430375044672422,0.5581043259384137
-1.3721036963659112,-0.9517500580765804,1.5964838557687837,-0.7398941579665655,-0.04248280870948625,-0.9430375044672422,-1.8898927267493963
1.1513930573220963,-0.9517500580765804,-0.7519071313324821,-0.7398941579665655,0.7360913256508896,-0.19594470005234324,-0.25789319562723756
-1.3721036963659112,-0.9517500580765804,1.5964838557687837,-0.7398941579665655,-0.39933094374817096,-0.7829461892354782,-1.0738907171928882
-1.3721036963659112,-0.9517500580765804,1.5964838557687837,-0.7398941579665655,-0.314366665116642,-0.7295824174915568,0.1501055651555881
1.1513930573220963,-0.9517500580765804,-0.7519071313324821,-0.7398941579665655,2.149579063060329,0.33769301738687035,0.5581043259384137
-1.1618131413908286,1.427420427218831,-0.7519071313324821,-0.4800467041014978,-0.6542207209531965,-0.46276355877195,-3.1138890090978726
1.1513930573220963,0.5398164292018555,-0.7519071313324821,2.3782877611419244,2.4044688402653542,1.4049684522652977,0.5581043259384137
0.9411025023470135,0.8066256406519738,-0.12484663343864996,2.1184403072768565,-0.6542207209531965,0.7379213054662805,0.5581043259384137
1.1513930573220963,0.6106603747223224,-0.7519071313324821,1.8585897352298697,-0.1444381078535842,-0.19594470005234324,0.5581043259384137
-1.3721036963659112,-0.9517500580765804,1.5964838557687837,-0.7398941579665655,-0.39933094374817096,-0.32935412941214665,0.5581043259384137
0.7308094238751771,1.2900379100536552,-0.7519071313324821,1.5987422813648018,-0.6542207209531965,1.1381495935456907,0.5581043259384137
1.1513930573220963,-0.18734262725960663,-0.7519071313324821,-0.22019613205451086,-0.6542207209531965,0.07087415866726357,0.5581043259384137
1.1513930573220963,-0.9517500580765804,-0.3016251125601053,-0.7398941579665655,-0.1444381078535842,-0.5961729881317535,0.5581043259384137
-0.11035531952190754,1.012150672149131,-0.7519071313324821,0.8191968015876794,-0.6542207209531965,-0.5694911022597927,0.5581043259384137
1.1513930573220963,-0.612144030282804,-0.7519071313324821,0.29949877567562466,-0.6542207209531965,-0.19594470005234324,0.5581043259384137
-0.9515200629189922,0.771089029606236,-0.7519071313324821,-0.4800467041014978,-0.3761583116323792,0.20428358802706698,-0.25789319562723756
0.5205188689000944,1.427420427218831,-0.7519071313324821,1.5987422813648018,-0.6542207209531965,1.9386061697045112,0.5581043259384137
1.1513930573220963,0.2452569103180827,-0.704368323753149,1.338894827499734,0.3653414465564667,0.07087415866726357,0.5581043259384137
-1.1426951299848882,1.427420427218831,-0.7519071313324821,-0.4564233578823318,-0.6542207209531965,0.8713307348260839,0.1501055651555881
1.1513930573220963,0.33492706797071037,-0.691783023541744,1.338894827499734,-0.6542207209531965,1.538377881625101,0.5581043259384137
1.1513930573220963,-0.9517500580765804,-0.7519071313324821,-0.7398941579665655,-0.6542207209531965,-0.9430375044672422,0.5581043259384137
-0.5309389529688268,1.087510365448749,1.4391926762502036,0.039651321810556917,0.3653414465564667,0.07087415866726357,0.5581043259384137
-1.1618131413908286,1.427420427218831,-0.7519071313324821,-0.4800467041014978,-0.6542207209531965,-0.8629918468513602,0.5581043259384137
0.31022831392501166,0.9755293826482653,0.08896301273237386,-0.22019613205451086,-0.6542207209531965,-0.889673732723321,0.5581043259384137
-1.3721036963659112,-0.9517500580765804,1.5964838557687837,-0.7398941579665655,-0.2172655063061979,-0.8629918468513602,-1.6858911023625551
-1.1618131413908286,1.427420427218831,-0.7519071313324821,-0.4800467041014978,-0.6542207209531965,-0.35603601528410733,-3.1138890090978726
-1.1618131413908286,1.427420427218831,-0.7519071313324821,-0.4800467041014978,-0.6542207209531965,-0.19594470005234324,-2.705890248315047
-0.3206458744969902,1.427420427218831,-0.7519071313324821,0.5593493477226117,0.11045166935144125,1.0047401641858873,-0.6658919564100632
-0.7412295079439094,-0.25351524173988355,-0.7519071313324821,-0.4800467041014978,-0.2172655063061979,-0.9430375044672422,-0.6658919564100632
-0.2505507051697985,0.29175776485700594,-0.4912066803704821,0.29949877567562466,-0.6542207209531965,1.0047401641858873,0.059439173870516004
-0.11035531952190754,1.427420427218831,-0.7519071313324821,0.8191968015876794,0.11045166935144125,-0.19594470005234324,0.5581043259384137
-1.3721036963659112,-0.9517500580765804,1.5964838557687837,-0.7398941579665655,-0.6542207209531965,1.271559022905494,0.5581043259384137
-0.9515200629189922,1.427420427218831,1.0108378477555997,-0.22019613205451086,-0.09809590231156196,-0.8629918468513602,-1.0738907171928882
-1.3721036963659112,-0.9517500580765804,1.5964838557687837,-0.7398941579665655,-0.6542207209531965,-0.9430375044672422,0.5581043259384137
0.31022831392501166,0.7121317452109382,-0.7519071313324821,-0.22019613205451086,-0.314366665116642,1.0047401641858873,-0.25789319562723756
0.7308094238751771,-0.9517500580765804,-0.7519071313324821,-0.7398941579665655,1.5702816123029024,0.7379213054662805,0.1501055651555881
-1.3721036963659112,-0.9517500580765804,1.5964838557687837,-0.7398941579665655,-0.6542207209531965,-0.9430375044672422,0.5581043259384137
1.1513930573220963,1.4131305648345822,-0.7519071313324821,2.3782877611419244,1.6397964499607167,-0.40939978702802865,0.5581043259384137
-0.9515200629189922,1.427420427218831,-0.7519071313324821,-0.22019613205451086,-0.6542207209531965,-0.9430375044672422,-1.481889477975714
-0.3206458744969902,-0.9517500580765804,1.165293955985226,-0.7398941579665655,-0.6542207209531965,-0.19594470005234324,-0.6658919564100632
1.1513930573220963,-0.27014741399499825,0.8687732699146047,0.039651321810556917,0.11045166935144125,-0.9430375044672422,0.5581043259384137
-1.3721036963659112,-0.9517500580765804,1.5964838557687837,-0.7398941579665655,1.180993015777934,0.33769301738687035,-0.6658919564100632
-0.3206458744969902,-0.9517500580765804,1.3896916107936101,-0.7398941579665655,-0.09809590231156196,-0.9430375044672422,0.5581043259384137
-1.3721036963659112,-0.9517500580765804,1.5964838557687837,-0.7398941579665655,-0.6542207209531965,-0.9430375044672422,-2.4338910744598303
0.7308094238751771,0.9167225011269802,-0.2435980085040271,0.8191968015876794,-0.6542207209531965,-0.06253527069253983,0.5581043259384137
1.1513930573220963,-0.9517500580765804,-0.7519071313324821,-0.7398941579665655,1.894686227165742,-0.9964012762111636,0.5581043259384137
-0.3206458744969902,1.427420427218831,-0.7519071313324821,0.5593493477226117,1.7927309280216444,-0.46276355877195,-1.481889477975714
-0.8674043456283098,1.427420427218831,-0.7519071313324821,-0.11625777414486754,-0.6542207209531965,-0.8629918468513602,-0.7882929310421678
1.1513930573220963,0.7551251198848803,-0.7519071313324821,1.5987422813648018,-0.6542207209531965,-0.46276355877195,0.5581043259384137
0.31022831392501166,-0.9517500580765804,-0.7519071313324821,-0.7398941579665655,-0.6542207209531965,-0.9430375044672422,-1.481889477975714
-0.11035531952190754,1.427420427218831,-0.7519071313324821,0.8191968015876794,1.6397964499607167,0.6578756478503985,-1.481889477975714
0.31022831392501166,0.3078107870798138,-0.7519071313324821,-0.4800467041014978,-0.6542207209531965,0.8713307348260839,0.5581043259384137
-0.11035531952190754,-0.37903790529375236,-0.7519071313324821,-0.22019613205451086,-0.6542207209531965,-0.9430375044672422,-1.0738907171928882
-0.7412295079439094,1.427420427218831,-0.7519071313324821,0.039651321810556917,-0.314366665116642,0.6045118761064772,-0.6658919564100632
-0.7412295079439094,0.23795911260973843,-0.7519071313324821,-0.4800467041014978,-0.6542207209531965,-0.7295824174915568,0.5581043259384137
-1.3721036963659112,-0.9517500580765804,1.5964838557687837,-0.7398941579665655,-0.34835176483134134,-0.46276355877195,0.5581043259384137
0.5205188689000944,0.8165692345627998,0.8478029605000236,0.29949877567562466,-0.39933094374817096,0.33769301738687035,0.5581043259384137
-1.3721036963659112,-0.9517500580765804,1.5964838557687837,-0.7398941579665655,-0.6542207209531965,-0.5961729881317535,0.5581043259384137
-0.5309389529688268,-0.9517500580765804,-0.7519071313324821,-0.7398941579665655,-0.6542207209531965,1.271559022905494,0.5581043259384137
1.1513930573220963,-0.8268888711588155,-0.7519071313324821,-0.22019613205451086,1.486861971899789,0.7379213054662805,0.5581043259384137
0.9411025023470135,-0.9517500580765804,-0.7519071313324821,-0.7398941579665655,1.7927309280216444,0.25764735977098835,0.5581043259384137
0.004350225416980902,-0.9517500580765804,-0.7519071313324821,-0.7398941579665655,-0.6542207209531965,-0.5961729881317535,0.5581043259384137
-1.3721036963659112,-0.9517500580765804,1.5964838557687837,-0.7398941579665655,-0.6542207209531965,-0.8629918468513602,0.5581043259384137
-1.3721036963659112,-0.9517500580765804,1.5964838557687837,-0.7398941579665655,-0.6542207209531965,-0.9430375044672422,0.5581043259384137
-1.3721036963659112,-0.9517500580765804,1.5964838557687837,-0.7398941579665655,-0.6542207209531965,2.872472175223135,0.5581043259384137
0.5205188689000944,0.17382888300305002,-0.7519071313324821,0.29949877567562466,0.4927878645037601,0.20428358802706698,-0.25789319562723756
-0.5309389529688268,-0.9517500580765804,-0.7519071313324821,-0.7398941579665655,-0.6542207209531965,0.7379213054662805,0.5581043259384137
0.31022831392501166,0.1471138848515391,-0.7519071313324821,-0.22019613205451086,-0.6542207209531965,-0.19594470005234324,0.5581043259384137
-1.3721036963659112,-0.9517500580765804,1.5964838557687837,-0.7398941579665655,-0.39933094374817096,2.605653316503528,0.5581043259384137
1.1513930573220963,-0.9517500580765804,-0.7519071313324821,-0.7398941579665655,1.8483440216237197,-0.8629918468513602,0.1501055651555881
1.1513930573220963,-0.726022518321259,-0.20194328127822272,-0.22019613205451086,-0.6542207209531965,-0.19594470005234324,0.5581043259384137
1.1513930573220963,1.0119838053183383,-0.47902426254231356,1.338894827499734,-0.6542207209531965,1.4049684522652977,0.5581043259384137
1.1513930573220963,-0.9517500580765804,-0.7519071313324821,-0.7398941579665655,2.149579063060329,-0.19594470005234324,0.5581043259384137
-0.7412295079439094,1.427420427218831,-0.7519071313324821,0.039651321810556917,2.4044688402653542,-0.06253527069253983,-1.481889477975714
-1.3721036963659112,-0.9517500580765804,1.5964838557687837,-0.7398941579665655,-0.6542207209531965,-0.46276355877195,0.1501055651555881
1.1513930573220963,1.2809183147325551,-0.7519071313324821,2.3782877611419244,-0.39933094374817096,0.6045118761064772,0.5581043259384137
0.9411025023470135,-0.07007305442211063,-0.7519071313324821,-0.4800467041014978,-0.04248280870948625,0.33769301738687035,0.5581043259384137
-1.3721036963659112,-0.9517500580765804,1.5964838557687837,-0.7398941579665655,0.3653414465564667,1.0047401641858873,-1.4365562823331777
1.1513930573220963,-0.9517500580765804,-0.7519071313324821,-0.7398941579665655,2.4044688402653542,-0.7295824174915568,0.5581043259384137
0.9411025023470135,1.0555104591803066,0.857552235197378,1.079044255452747,-0.6542207209531965,1.9386061697045112,0.5581043259384137
-0.7412295079439094,-0.9517500580765804,1.5584399720658373,-0.7398941579665655,-0.04248280870948625,-0.5961729881317535,0.5581043259384137
1.1513930573220963,-0.9517500580765804,-0.7519071313324821,-0.7398941579665655,2.4044688402653542,-0.46276355877195,0.5581043259384137
1.1513930573220963,0.1292355645908692,-0.7519071313324821,1.079044255452747,-0.6542207209531965,1.0047401641858873,0.5581043259384137
-0.7412295079439094,0.8119634019233374,-0.7519071313324821,-0.4800467041014978,-0.6542207209531965,-0.5961729881317535,0.5581043259384137
1.1513930573220963,0.5824132781393877,-0.3330158521984475,2.3782877611419244,-0.6542207209531965,0.6045118761064772,0.5581043259384137
-1.1618131413908286,1.427420427218831,-0.7519071313324821,-0.4800467041014978,-0.6542207209531965,-0.8629918468513602,0.5581043259384137
-1.1426951299848882,1.427420427218831,-0.7519071313324821,-0.4564233578823318,-0.6542207209531965,-0.46276355877195,-2.705890248315047
0.9411025023470135,-0.15541025025231886,-0.04192117146342329,-0.22019613205451086,-0.6542207209531965,-1.129810705570967,0.5581043259384137
0.09993523545317518,0.13199025418209742,-0.7519071313324821,0.039651321810556917,-0.6542207209531965,-0.36937695822008765,0.5581043259384137
0.31022831392501166,0.6016237441904334,0.8285162731677108,0.039651321810556917,-0.6542207209531965,-0.14258092830842187,0.5581043259384137
0.9411025023470135,-0.9517500580765804,-0.7519071313324821,-0.7398941579665655,-0.6542207209531965,-0.9964012762111636,-1.8898927267493963
1.1513930573220963,-0.04514083838687184,0.44680454368829997,1.079044255452747,-0.6542207209531965,0.8713307348260839,0.5581043259384137
-0.8674043456283098,1.427420427218831,0.527139182804822,-0.11625777414486754,-0.6542207209531965,-0.8629918468513602,0.5581043259384137
-0.9515200629189922,1.427420427218831,-0.7519071313324821,-0.22019613205451086,-0.6542207209531965,-0.46276355877195,-0.6658919564100632
-1.3721036963659112,-0.9517500580765804,1.5964838557687837,-0.7398941579665655,-0.6542207209531965,-0.7295824174915568,0.5581043259384137
1.1513930573220963,0.5841689074523299,-0.7519071313324821,2.1184403072768565,0.3653414465564667,0.25764735977098835,0.5581043259384137
-1.3721036963659112,-0.9517500580765804,1.5964838557687837,-0.7398941579665655,-0.6542207209531965,-0.9430375044672422,0.5581043259384137
-1.1618131413908286,1.427420427218831,-0.7519071313324821,-0.4800467041014978,-0.6542207209531965,-0.8629918468513602,-3.1138890090978726
-0.683877997222842,1.427420427218831,-0.4965663065659428,0.11051824228613556,-0.6542207209531965,0.33769301738687035,0.5581043259384137
0.8359559631110953,-0.9517500580765804,-0.7519071313324821,-0.7398941579665655,0.11045166935144125,-0.8629918468513602,-0.00289453113682849
1.1513930573220963,1.427420427218831,-0.7519071313324821,2.3782877611419244,2.4044688402653542,2.2054250284241177,0.5581043259384137
-1.3721036963659112,-0.9517500580765804,1.5964838557687837,-0.7398941579665655,-0.6542207209531965,-0.46276355877195,0.5581043259384137
-1.1618131413908286,1.427420427218831,1.4189678451800223,-0.4800467041014978,-0.1444381078535842,0.6045118761064772,0.5581043259384137
-1.3721036963659112,-0.9517500580765804,1.5964838557687837,-0.7398941579665655,-0.6542207209531965,-0.9430375044672422,0.5581043259384137
-1.3721036963659112,-0.9517500580765804,1.5964838557687837,-0.7398941579665655,0.11045166935144125,1.538377881625101,-2.297891487532222
-1.3721036963659112,-0.9517500580765804,1.5964838557687837,-0.7398941579665655,2.4044688402653542,-0.46276355877195,-3.1138890090978726
1.1513930573220963,1.1976597968643463,0.62489550154669,2.3782877611419244,-0.6542207209531965,0.7379213054662805,0.5581043259384137
-0.5309389529688268,-0.9517500580765804,-0.7519071313324821,-0.7398941579665655,0.875124059656079,0.4711024467466738,-1.8898927267493963
-1.1618131413908286,1.427420427218831,0.9247792530225649,-0.4800467041014978,-0.6542207209531965,-0.889673732723321,0.5581043259384137
-0.7412295079439094,1.427420427218831,-0.7519071313324821,0.039651321810556917,-0.6542207209531965,-0.5961729881317535,-0.25789319562723756
1.1513930573220963,0.3198953570627005,-0.7519071313324821,0.8191968015876794,-0.6542207209531965,0.33769301738687035,0.5581043259384137
-1.3721036963659112,-0.9517500580765804,1.5964838557687837,-0.7398941579665655,-0.6542207209531965,-0.08921715656450052,0.5581043259384137
-1.3721036963659112,-0.9517500580765804,1.5964838557687837,-0.7398941579665655,-0.6542207209531965,1.4049684522652977,0.5581043259384137
1.1513930573220963,0.010771867730593765,-0.7519071313324821,2.3782877611419244,0.875124059656079,0.7379213054662805,-0.25789319562723756
1.1513930573220963,-0.14474436689469808,-0.7519071313324821,1.8585897352298697,1.6397964499607167,0.3910567891307917,0.5581043259384137
-1.3721036963659112,-0.9517500580765804,1.5964838557687837,-0.7398941579665655,-0.6542207209531965,-0.8629918468513602,0.5581043259384137
-0.11035531952190754,-0.9517500580765804,-0.7519071313324821,-0.7398941579665655,1.5305584109713573,0.8713307348260839,-0.25789319562723756
-1.3721036963659112,-0.9517500580765804,1.5964838557687837,-0.7398941579665655,-0.6542207209531965,1.8051967403447078,0.5581043259384137
0.5205188689000944,-0.9517500580765804,-0.7519071313324821,-0.7398941579665655,-0.6542207209531965,0.8713307348260839,0.5581043259384137
-1.1618131413908286,1.427420427218831,1.3583878662490243,-0.4800467041014978,-0.3761583116323792,0.4711024467466738,-1.481889477975714
1.1513930573220963,0.599377064793404,-0.7519071313324821,-0.22019613205451086,-0.39933094374817096,0.6045118761064772,0.5581043259384137
-1.1618131413908286,1.427420427218831,-0.7519071313324821,-0.4800467041014978,-0.6542207209531965,-0.46276355877195,-0.25789319562723756
0.9219844909410732,0.07093176998018992,1.2872992791983138,2.0948169610576906,-0.3761583116323792,2.739062745863331,0.5581043259384137
0.5205188689000944,-0.9517500580765804,0.8304270372050777,-0.7398941579665655,-0.1444381078535842,-0.9964012762111636,0.5581043259384137
-1.3721036963659112,-0.9517500580765804,1.5964838557687837,-0.7398941579665655,-0.6542207209531965,0.4711024467466738,0.5581043259384137
1.1513930573220963,0.7039302327140307,-0.7519071313324821,0.8191968015876794,-0.6542207209531965,0.33769301738687035,0.5581043259384137
1.1513930573220963,1.427420427218831,-0.7519071313324821,2.3782877611419244,2.149579063060329,-0.7295824174915568,0.5581043259384137
-0.5309389529688268,1.427420427218831,-0.7519071313324821,0.29949877567562466,-0.6542207209531965,0.8713307348260839,-0.25789319562723756
0.7308094238751771,0.42360992610215126,1.1481260594301552,-0.22019613205451086,-0.6542207209531965,0.33769301738687035,0.5581043259384137
1.1513930573220963,-0.35576546757171795,-0.7519071313324821,0.8191968015876794,2.4044688402653542,-0.19594470005234324,0.5581043259384137
1.1513930573220963,-0.9517500580765804,-0.7519071313324821,-0.7398941579665655,-0.3761583116323792,-0.9964012762111636,-0.25789319562723756
-0.3206458744969902,1.427420427218831,0.2816284893174253,0.5593493477226117,-0.39933094374817096,-0.06253527069253983,0.5581043259384137
-0.11035531952190754,-0.5376932384985416,-0.7519071313324821,-0.4800467041014978,2.4044688402653542,0.33769301738687035,-1.0738907171928882
-1.3721036963659112,-0.9517500580765804,1.5964838557687837,-0.7398941579665655,-0.6542207209531965,-0.46276355877195,-0.25789319562723756
-1.3721036963659112,-0.9517500580765804,1.5964838557687837,-0.7398941579665655,-0.6542207209531965,-0.46276355877195,-1.4365562823331777
1.1513930573220963,-0.44127255967401824,-0.7519071313324821,1.338894827499734,2.126406430944537,0.33769301738687035,0.5581043259384137
1.1513930573220963,0.6466790889406973,-0.7519071313324821,2.3782877611419244,1.894686227165742,1.4049684522652977,0.5581043259384137
-1.091715448566883,1.427420427218831,-0.7519071313324821,-0.3934298467525021,-0.6542207209531965,-0.7295824174915568,0.5581043259384137
-1.3721036963659112,-0.9517500580765804,1.5964838557687837,-0.7398941579665655,-0.39933094374817096,-0.9830603332751833,0.5581043259384137
-0.5309389529688268,1.427420427218831,-0.7519071313324821,0.29949877567562466,-0.2718845258008776,-0.7696052462994979,-0.25789319562723756
-1.3721036963659112,-0.9517500580765804,1.5964838557687837,-0.7398941579665655,-0.6542207209531965,1.4049684522652977,-0.18989564615886145
0.9411025023470135,-0.9143638588345894,-0.7519071313324821,-0.4800467041014978,-0.6542207209531965,-0.7295824174915568,-1.0738907171928882
1.1513930573220963,0.3914374838105222,-0.7519071313324821,1.338894827499734,-0.6542207209531965,1.1381495935456907,0.5581043259384137
-0.11035531952190754,1.427420427218831,-0.7519071313324821,0.8191968015876794,-0.6542207209531965,0.4711024467466738,0.5581043259384137
0.7308094238751771,1.427420427218831,-0.7519071313324821,1.8585897352298697,-0.6542207209531965,1.4049684522652977,0.5581043259384137
0.9411025023470135,0.7226148903671706,-0.7519071313324821,0.039651321810556917,-0.6542207209531965,0.33769301738687035,0.5581043259384137
0.31022831392501166,-0.5929212861157444,0.44805221746067786,-0.4800467041014978,0.6202342824510535,-0.32935412941214665,0.5581043259384137
0.31022831392501166,-0.9517500580765804,-0.7519071313324821,-0.7398941579665655,-0.3761583116323792,-0.19594470005234324,-1.0738907171928882
1.1513930573220963,-0.9517500580765804,-0.7519071313324821,-0.7398941579665655,1.7927309280216444,-0.46276355877195,0.5581043259384137
1.1513930573220963,-0.9517500580765804,-0.7519071313324821,-0.7398941579665655,0.3653414465564667,-0.46276355877195,0.5581043259384137
0.5205188689000944,0.8699193135659937,-0.7519071313324821,0.039651321810556917,-0.6542207209531965,0.6045118761064772,0.5581043259384137
1.1513930573220963,1.427420427218831,-0.7519071313324821,2.3782877611419244,-0.6542207209531965,-0.06253527069253983,0.5581043259384137
-1.3721036963659112,-0.9517500580765804,1.5964838557687837,-0.7398941579665655,-0.6542207209531965,1.4049684522652977,0.5581043259384137
1.1513930573220963,0.2743364151147584,-0.7519071313324821,2.3782877611419244,0.875124059656079,1.1381495935456907,0.5581043259384137
1.1513930573220963,-0.9517500580765804,1.0125858252702076,-0.7398941579665655,-0.6542207209531965,2.4722438871437245,0.5581043259384137
0.5205188689000944,0.39430790039446634,-0.7519071313324821,0.8191968015876794,-0.6542207209531965,0.3910567891307917,0.5581043259384137
-0.22506086446079598,-0.9517500580765804,-0.7519071313324821,-0.7398941579665655,-0.3761583116323792,-1.0764469338270457,0.1501055651555881
-1.3721036963659112,-0.9517500580765804,1.5964838557687837,-0.7398941579665655,-0.6542207209531965,-0.9430375044672422,0.5581043259384137
-1.3721036963659112,-0.9517500580765804,1.5964838557687837,-0.7398941579665655,-0.6542207209531965,1.0047401641858873,0.5581043259384137
1.1513930573220963,-0.43162926610107716,0.36752657492723334,0.29949877567562466,-0.6542207209531965,-0.9430375044672422,0.5581043259384137
0.9411025023470135,0.43605995664040664,-0.7519071313324821,0.29949877567562466,-0.6542207209531965,1.1381495935456907,0.5581043259384137
-0.5309389529688268,-0.9517500580765804,-0.7519071313324821,-0.7398941579665655,-0.39933094374817096,-0.46276355877195,0.5581043259384137
-1.3721036963659112,-0.9517500580765804,1.5964838557687837,-0.7398941579665655,-0.39933094374817096,0.6045118761064772,0.5581043259384137
0.5205188689000944,-0.2286716690788892,-0.7519071313324821,-0.22019613205451086,1.6397964499607167,0.07087415866726357,0.1501055651555881
1.1513930573220963,-0.9517500580765804,-0.7519071313324821,-0.7398941579665655,0.3653414465564667,-0.9964012762111636,0.5581043259384137
-1.1618131413908286,-0.9517500580765804,-0.7519071313324821,-0.7398941579665655,-0.6542207209531965,0.6045118761064772,-0.6658919564100632
1.1513930573220963,-0.18508812352893436,-0.7519071313324821,2.3782877611419244,0.11045166935144125,0.8713307348260839,0.5581043259384137
-0.5309389529688268,1.427420427218831,-0.7519071313324821,0.29949877567562466,-0.6542207209531965,0.4711024467466738,0.5581043259384137
0.7308094238751771,-0.3423546131438238,-0.7519071313324821,-0.22019613205451086,2.4044688402653542,0.33769301738687035,-3.181886558566249
1.1513930573220963,0.9843750470841445,-0.7519071313324821,1.8585897352298697,-0.6542207209531965,3.672928751381955,0.5581043259384137
0.31022831392501166,1.2516505558147775,-0.6492399428915523,1.338894827499734,-0.2172655063061979,0.6045118761064772,-0.25789319562723756
-1.3721036963659112,-0.9517500580765804,1.5964838557687837,-0.7398941579665655,-0.6542207209531965,1.4049684522652977,0.5581043259384137
1.1513930573220963,-0.759695442356469,-0.38117571768398506,-0.4800467041014978,0.11045166935144125,0.4711024467466738,0.5581043259384137
-1.1618131413908286,1.427420427218831,-0.7519071313324821,-0.4800467041014978,-0.2172655063061979,-0.46276355877195,-0.6658919564100632
1.1513930573220963,-0.9517500580765804,-0.7519071313324821,-0.7398941579665655,-0.1444381078535842,-0.9964012762111636,0.5581043259384137
1.1513930573220963,-0.31232060607066015,0.5824332033899474,2.3782877611419244,-0.1444381078535842,2.4722438871437245,0.5581043259384137
0.23375879179800402,0.8457872563850914,-0.7519071313324821,0.6774598424546029,0.875124059656079,0.33769301738687035,-1.0738907171928882
1.1513930573220963,-0.451634933383837,-0.7519071313324821,2.3782877611419244,-0.6542207209531965,1.0047401641858873,0.5581043259384137
0.9411025023470135,0.9793655316164596,-0.7519071313324821,2.1184403072768565,-0.3761583116323792,-0.5961729881317535,0.5581043259384137
0.5205188689000944,0.4607402587192611,-0.7519071313324821,0.29949877567562466,-0.6542207209531965,0.11938667848297731,0.1501055651555881
-1.1618131413908286,1.427420427218831,1.330828866079838,-0.4800467041014978,-0.6542207209531965,-0.46276355877195,0.5581043259384137
-1.1618131413908286,1.427420427218831,-0.7519071313324821,-0.4800467041014978,0.875124059656079,0.4711024467466738,-2.297891487532222
-0.5309389529688268,-0.9517500580765804,-0.7519071313324821,-0.7398941579665655,-0.6542207209531965,3.939747610101562,-3.5218877698806983
-1.3721036963659112,-0.9517500580765804,1.5964838557687837,-0.7398941579665655,-0.6542207209531965,0.07087415866726357,0.5581043259384137
0.09993523545317518,-0.9517500580765804,-0.7519071313324821,-0.7398941579665655,-0.2718845258008776,-0.9964012762111636,-0.6658919564100632
-1.3721036963659112,-0.9517500580765804,1.5964838557687837,-0.7398941579665655,-0.39933094374817096,-1.1831744773148885,0.5581043259384137
-1.1618131413908286,1.427420427218831,-0.7519071313324821,-0.4800467041014978,-0.2172655063061979,-0.9430375044672422,-0.6658919564100632
-0.5309389529688268,1.1160561038894272,-0.7519071313324821,0.039651321810556917,-0.6542207209531965,0.6045118761064772,0.5581043259384137
0.31022831392501166,1.4053871417553818,-0.7519071313324821,1.079044255452747,-0.6542207209531965,-0.32935412941214665,0.5581043259384137
-1.3721036963659112,-0.9517500580765804,1.5964838557687837,-0.7398941579665655,-0.6542207209531965,0.6045118761064772,-2.297891487532222
-0.11035531952190754,0.7914295661193141,-0.7519071313324821,0.29949877567562466,1.3849066727556911,0.6045118761064772,-1.481889477975714
1.1513930573220963,1.1022367168629523,-0.7519071313324821,2.3782877611419244,-0.6542207209531965,0.20428358802706698,0.5581043259384137
0.9411025023470135,-0.9517500580765804,-0.7519071313324821,-0.7398941579665655,-0.6542207209531965,-0.9964012762111636,0.5581043259384137
-0.11035531952190754,-0.9517500580765804,-0.7519071313324821,-0.7398941579665655,0.11045166935144125,-0.5961729881317535,-1.481889477975714
1.1513930573220963,1.427420427218831,-0.7519071313324821,2.3782877611419244,-0.6542207209531965,0.20428358802706698,0.5581043259384137
1.1513930573220963,1.3496584759589954,-0.7519071313324821,2.3782877611419244,2.149579063060329,-0.06253527069253983,0.5581043259384137
-1.1618131413908286,1.427420427218831,-0.7519071313324821,-0.4800467041014978,-0.6542207209531965,-0.46276355877195,-2.297891487532222
-0.5309389529688268,1.427420427218831,-0.7519071313324821,0.29949877567562466,2.4044688402653542,-0.5961729881317535,-2.297891487532222
0.4631673581790269,-0.3638989579481044,-0.7519071313324821,-0.17295255779809812,-0.3761583116323792,0.33769301738687035,0.5581043259384137
-0.11035531952190754,-0.9517500580765804,0.7431283849997256,-0.7398941579665655,-0.6542207209531965,-0.8629918468513602,0.5581043259384137
0.9411025023470135,1.04416856930901,0.19337572749864848,1.5987422813648018,-0.6542207209531965,0.6045118761064772,0.5581043259384137
0.5205188689000944,-0.9517500580765804,-0.7519071313324821,-0.7398941579665655,1.7927309280216444,-0.8629918468513602,-0.00289453113682849
1.1513930573220963,1.427420427218831,-0.7519071313324821,2.3782877611419244,-0.6542207209531965,1.538377881625101,0.5581043259384137
1.1513930573220963,1.427420427218831,-0.7519071313324821,2.3782877611419244,2.149579063060329,3.1392910339427416,0.5581043259384137
-0.9515200629189922,1.427420427218831,-0.7519071313324821,-0.22019613205451086,-0.2718845258008776,0.07087415866726357,-0.25789319562723756
0.7308094238751771,0.025897937147020534,0.12976758931283963,-0.22019613205451086,-0.6542207209531965,0.07087415866726357,0.5581043259384137
-0.9515200629189922,1.427420427218831,1.511417090246379,-0.22019613205451086,-0.1444381078535842,0.4711024467466738,0.5581043259384137
0.7308094238751771,0.10740224569310174,-0.7519071313324821,0.5593493477226117,1.1300138368611043,1.9386061697045112,0.5581043259384137
-0.5309389529688268,1.427420427218831,0.890474805948602,0.29949877567562466,-0.6542207209531965,1.8051967403447078,0.5581043259384137
-1.3721036963659112,-0.9517500580765804,1.5964838557687837,-0.7398941579665655,-0.6542207209531965,-0.06253527069253983,0.5581043259384137
0.31022831392501166,-0.9517500580765804,-0.7519071313324821,-0.7398941579665655,2.4044688402653542,-0.9964012762111636,-0.18989564615886145
-1.1618131413908286,1.427420427218831,-0.7519071313324821,-0.4800467041014978,-0.6542207209531965,-1.129810705570967,-1.0738907171928882
-1.3721036963659112,-0.9517500580765804,1.5964838557687837,-0.7398941579665655,-0.6542207209531965,-0.9430375044672422,-0.9378911302652799
-1.3721036963659112,-0.9517500580765804,1.5964838557687837,-0.7398941579665655,-0.3761583116323792,-0.8629918468513602,0.5581043259384137
0.09993523545317518,0.8587919395546159,-0.7519071313324821,1.079044255452747,1.894686227165742,1.9386061697045112,-0.6658919564100632
-0.5309389529688268,1.427420427218831,1.1821388331166958,0.29949877567562466,-0.6542207209531965,0.07087415866726357,0.5581043259384137
-1.3721036963659112,-0.9517500580765804,1.5964838557687837,-0.7398941579665655,-0.6542207209531965,-0.46276355877195,0.5581043259384137
0.31022831392501166,0.8176152287635146,-0.7519071313324821,0.29949877567562466,2.4044688402653542,-0.5961729881317535,-0.25789319562723756
1.1513930573220963,0.6293882885396725,-0.7519071313324821,2.3782877611419244,-0.1444381078535842,0.07087415866726357,0.5581043259384137
-1.1618131413908286,1.427420427218831,1.2393543783337488,-0.4800467041014978,-0.6542207209531965,1.1381495935456907,0.5581043259384137
1.1513930573220963,0.2686335815417339,-0.7519071313324821,2.3782877611419244,2.149579063060329,-0.5961729881317535,0.5581043259384137
-0.3206458744969902,1.427420427218831,-0.7519071313324821,0.5593493477226117,-0.6542207209531965,-0.6762186457476355,0.5581043259384137
1.1513930573220963,1.427420427218831,-0.7519071313324821,2.3782877611419244,-0.6542207209531965,0.07087415866726357,0.5581043259384137
-0.7412295079439094,0.28518186089541203,-0.7519071313324821,-0.4800467041014978,2.4044688402653542,-0.5961729881317535,-2.297891487532222
1.1513930573220963,-0.9517500580765804,1.1496608725658304,-0.7398941579665655,0.11045166935144125,1.0047401641858873,0.5581043259384137
-1.3721036963659112,-0.9517500580765804,1.5964838557687837,-0.7398941579665655,-0.2172655063061979,-0.46276355877195,-0.25789319562723756
1.1513930573220963,1.2258948352336423,-0.7519071313324821,2.3782877611419244,0.875124059656079,0.7379213054662805,-0.25789319562723756
1.1513930573220963,-0.7078709951743418,-0.7519071313324821,-0.4800467041014978,1.2922192029820856,3.1392910339427416,0.5581043259384137
-1.1618131413908286,1.427420427218831,-0.7519071313324821,-0.4800467041014978,-0.6542207209531965,1.0047401641858873,-2.297891487532222
-0.11035531952190754,1.427420427218831,-0.7519071313324821,0.8191968015876794,1.3849066727556911,2.3388344577839213,-0.25789319562723756
-1.1618131413908286,1.427420427218831,-0.7519071313324821,-0.4800467041014978,-0.6542207209531965,-0.9430375044672422,-2.297891487532222
1.1513930573220963,-0.9517500580765804,-0.7519071313324821,-0.7398941579665655,1.894686227165742,-0.46276355877195,0.5581043259384137
-1.3721036963659112,-0.9517500580765804,1.5964838557687837,-0.7398941579665655,-0.34835176483134134,-0.9430375044672422,0.5581043259384137
0.09993523545317518,-0.9517500580765804,-0.7519071313324821,-0.7398941579665655,0.7360913256508896,0.07087415866726357,-0.6658919564100632
-1.1618131413908286,1.427420427218831,1.450338645451162,-0.4800467041014978,-0.6542207209531965,-0.40939978702802865,0.5581043259384137
1.1513930573220963,0.5134700484213296,0.6223402615206128,1.5987422813648018,-0.6542207209531965,1.271559022905494,0.5581043259384137
0.5205188689000944,0.48753364350861644,-0.31913922880038803,0.29949877567562466,-0.6542207209531965,0.33769301738687035,0.5581043259384137
-1.3721036963659112,-0.9517500580765804,1.5964838557687837,-0.7398941579665655,0.11045166935144125,-0.46276355877195,-2.705890248315047
1.1513930573220963,-0.9517500580765804,-0.7519071313324821,-0.7398941579665655,2.4044688402653542,-0.7295824174915568,0.5581043259384137
0.4303947058388808,1.427420427218831,-0.7519071313324821,1.4873795323057613,-0.6542207209531965,-0.5961729881317535,-0.08303658386316934
1.1513930573220963,1.2670567479881316,-0.7519071313324821,2.3782877611419244,-0.1444381078535842,3.1392910339427416,0.5581043259384137
-1.1618131413908286,1.427420427218831,-0.7519071313324821,-0.4800467041014978,-0.6542207209531965,-0.9430375044672422,0.5581043259384137
1.1513930573220963,1.427420427218831,-0.7519071313324821,2.3782877611419244,2.4044688402653542,0.6045118761064772,0.5581043259384137
1.1513930573220963,-0.4913589323116922,-0.7519071313324821,0.29949877567562466,-0.6542207209531965,1.1381495935456907,0.5581043259384137
0.39434403121569384,1.427420427218831,-0.7519071313324821,1.4428331854093772,-0.6542207209531965,-0.9430375044672422,-0.33949384538197364
1.1513930573220963,-0.9517500580765804,-0.7519071313324821,-0.7398941579665655,-0.34835176483134134,-0.9964012762111636,0.5581043259384137
-1.3721036963659112,-0.9517500580765804,1.5964838557687837,-0.7398941579665655,-0.6542207209531965,1.538377881625101,0.5581043259384137
0.31022831392501166,-0.9517500580765804,1.1853026959260438,-0.7398941579665655,0.17996650700925526,-0.7295824174915568,0.1501055651555881
-0.9515200629189922,1.427420427218831,0.7833693879622334,-0.22019613205451086,-0.6542207209531965,-0.5961729881317535,0.5581043259384137
-1.3721036963659112,-0.9517500580765804,1.5964838557687837,-0.7398941579665655,-0.39933094374817096,-0.46276355877195,0.5581043259384137
-0.11035531952190754,-0.9517500580765804,1.4934614312058554,-0.7398941579665655,-0.6542207209531965,-0.19594470005234324,0.5581043259384137
0.5205188689000944,-0.6739077737290299,-0.7519071313324821,-0.4800467041014978,2.4044688402653542,-0.06253527069253983,-0.6658919564100632
-1.3721036963659112,-0.9517500580765804,1.5964838557687837,-0.7398941579665655,-0.6542207209531965,0.8713307348260839,0.5581043259384137
-0.7412295079439094,1.427420427218831,-0.7519071313324821,0.039651321810556917,-0.6542207209531965,0.7379213054662805,-1.8898927267493963
-0.7412295079439094,1.427420427218831,-0.7519071313324821,0.039651321810556917,0.3653414465564667,0.33769301738687035,-1.8898927267493963
1.1513930573220963,0.7319467950254377,-0.7519071313324821,2.3782877611419244,1.894686227165742,0.7379213054662805,0.5581043259384137
-0.3206458744969902,-0.9517500580765804,-0.7519071313324821,-0.7398941579665655,0.875124059656079,-0.5961729881317535,0.5581043259384137
-0.5309389529688268,1.1632938460359858,1.5109648105436653,0.039651321810556917,-0.6542207209531965,0.6045118761064772,0.5581043259384137
0.31022831392501166,0.27184981048597334,-0.7519071313324821,-0.22019613205451086,0.875124059656079,-0.06253527069253983,0.5581043259384137
-0.11035531952190754,1.0480883983133122,-0.7519071313324821,0.039651321810556917,-0.1444381078535842,1.538377881625101,-0.6658919564100632
0.31022831392501166,0.9831072853913434,-0.7519071313324821,1.079044255452747,-0.2172655063061979,0.6578756478503985,-0.25789319562723756
-1.3721036963659112,-0.9517500580765804,1.5964838557687837,-0.7398941579665655,0.875124059656079,-0.9430375044672422,-2.297891487532222
1.1513930573220963,-0.8846483373278393,0.7104862016350536,-0.4800467041014978,-0.1444381078535842,-0.46276355877195,0.5581043259384137
0.9219844909410732,0.3665915080413222,-0.6889830261390089,1.2444045608049896,1.0936031963243587,-0.46276355877195,0.1501055651555881
-1.3721036963659112,-0.9517500580765804,1.5964838557687837,-0.7398941579665655,-0.3761583116323792,1.4049684522652977,0.1501055651555881
1.1513930573220963,-0.9517500580765804,-0.7519071313324821,-0.7398941579665655,-0.6542207209531965,-0.2759903576682253,0.5581043259384137
1.1513930573220963,0.3826598546778065,-0.7519071313324821,2.1184403072768565,-0.6542207209531965,-0.9430375044672422,0.5581043259384137
-0.9515200629189922,1.427420427218831,-0.7519071313324821,-0.22019613205451086,-0.6542207209531965,-0.5961729881317535,0.5581043259384137
0.7308094238751771,0.09097303419501311,-0.6874672729272037,1.8585897352298697,1.1300138368611043,-0.19594470005234324,0.1501055651555881
-1.3721036963659112,-0.9517500580765804,1.5964838557687837,-0.7398941579665655,-0.6542207209531965,0.8713307348260839,0.5581043259384137
-1.3721036963659112,-0.9517500580765804,1.5964838557687837,-0.7398941579665655,-0.6542207209531965,-0.9430375044672422,0.5581043259384137
1.1513930573220963,-0.6322797591893345,-0.7519071313324821,-0.4800467041014978,0.875124059656079,-0.7829461892354782,0.5581043259384137
-0.9515200629189922,1.427420427218831,0.8138429301267446,-0.22019613205451086,-0.6542207209531965,-1.1031288196990063,0.5581043259384137
0.5205188689000944,-0.9517500580765804,-0.720442620010728,-0.7398941579665655,-0.6542207209531965,2.2054250284241177,0.5581043259384137
0.9411025023470135,-0.9517500580765804,-0.6424352181248342,-0.7398941579665655,0.17996650700925526,-0.32935412941214665,-1.0738907171928882
-1.3721036963659112,-0.9517500580765804,1.5964838557687837,-0.7398941579665655,2.4044688402653542,-0.5961729881317535,-3.1138890090978726
0.7308094238751771,-0.9517500580765804,-0.4490364892128005,-0.7398941579665655,-0.1444381078535842,0.7379213054662805,0.5581043259384137
-1.3721036963659112,-0.9517500580765804,1.5964838557687837,-0.7398941579665655,-0.3761583116323792,-0.8629918468513602,0.5581043259384137
0.5205188689000944,1.427420427218831,-0.7519071313324821,1.5987422813648018,0.025487390719912358,0.07087415866726357,0.5581043259384137
1.1513930573220963,-0.9517500580765804,-0.7519071313324821,-0.7398941579665655,1.6397964499607167,-0.5961729881317535,0.5581043259384137
-1.3721036963659112,-0.9517500580765804,1.5964838557687837,-0.7398941579665655,-0.6542207209531965,0.07087415866726357,0.5581043259384137
1.1513930573220963,0.0687108493909454,-0.7519071313324821,0.29949877567562466,-0.39933094374817096,-0.32935412941214665,0.5581043259384137
0.7908938815804886,0.7012665738140538,-0.7519071313324821,-0.29444004354848397,-0.6542207209531965,-0.9964012762111636,0.5581043259384137
-0.5309389529688268,-0.9517500580765804,1.31331819124858,-0.7398941579665655,-0.6542207209531965,-0.5961729881317535,0.5581043259384137
0.8990433819532956,0.9133117277020529,-0.7519071313324821,0.8191968015876794,0.11045166935144125,-0.9964012762111636,0.5581043259384137
-0.11035531952190754,-0.9517500580765804,-0.7519071313324821,-0.7398941579665655,1.0141567936612683,-0.5428092163878321,-1.0738907171928882
1.1513930573220963,-0.9517500580765804,-0.6393776113265649,-0.7398941579665655,-0.1444381078535842,3.5395193220221515,0.5581043259384137
-0.5309389529688268,0.08406103953297084,-0.7519071313324821,-0.4800467041014978,-0.6542207209531965,-0.06253527069253983,0.5581043259384137
0.9411025023470135,-0.9517500580765804,0.056631907308157946,-0.7398941579665655,0.26338614741236877,-0.5961729881317535,0.5581043259384137
-1.1618131413908286,1.427420427218831,-0.7519071313324821,-0.4800467041014978,-0.6542207209531965,0.7379213054662805,0.5581043259384137
0.5205188689000944,0.86312688896709,-0.6008287751339477,0.8191968015876794,-0.39933094374817096,0.4711024467466738,0.5581043259384137
0.31022831392501166,-0.34982026925672066,1.024802094844861,-0.4800467041014978,-0.6542207209531965,-0.46276355877195,0.1501055651555881
1.1513930573220963,-0.9517500580765804,-0.7519071313324821,-0.7398941579665655,-0.6542207209531965,-0.9430375044672422,0.5581043259384137
-1.3721036963659112,-0.9517500580765804,1.5964838557687837,-0.7398941579665655,-0.6542207209531965,-0.8629918468513602,0.5581043259384137
0.31022831392501166,0.8150272471962547,-0.7519071313324821,0.29949877567562466,0.875124059656079,-0.06253527069253983,0.5581043259384137
-0.9515200629189922,1.427420427218831,-0.7519071313324821,-0.22019613205451086,-0.6542207209531965,3.1392910339427416,-1.481889477975714
0.31022831392501166,-0.36185957374166045,-0.7519071313324821,-0.22019613205451086,1.8483440216237197,-0.5961729881317535,0.5581043259384137
1.1513930573220963,-0.9517500580765804,-0.7519071313324821,-0.7398941579665655,2.4044688402653542,-0.9964012762111636,0.5581043259384137
-1.3721036963659112,-0.9517500580765804,1.5964838557687837,-0.7398941579665655,0.11045166935144125,-0.9430375044672422,0.5581043259384137
-0.11035531952190754,1.3854087172140253,-0.7519071313324821,0.5593493477226117,-0.6542207209531965,-0.5961729881317535,0.5581043259384137
-1.3721036963659112,-0.9517500580765804,1.5964838557687837,-0.7398941579665655,-0.6542207209531965,-0.46276355877195,0.5581043259384137
-1.1618131413908286,-0.9517500580765804,-0.7519071313324821,-0.7398941579665655,2.4044688402653542,-0.7829461892354782,-3.1138890090978726
-1.3721036963659112,-0.9517500580765804,1.5964838557687837,-0.7398941579665655,-0.6542207209531965,-0.9430375044672422,0.5581043259384137
-1.3721036963659112,-0.9517500580765804,1.5964838557687837,-0.7398941579665655,0.3653414465564667,-0.7295824174915568,-1.8898927267493963
-0.11035531952190754,1.427420427218831,-0.7519071313324821,0.8191968015876794,0.875124059656079,0.33769301738687035,-0.6658919564100632
-1.3721036963659112,-0.9517500580765804,1.5964838557687837,-0.7398941579665655,-0.6542207209531965,-0.7829461892354782,0.5581043259384137
0.7308094238751771,1.3822855263001577,-0.7519071313324821,1.5987422813648018,-0.1444381078535842,-0.7829461892354782,0.5581043259384137
-1.3721036963659112,-0.9517500580765804,1.5964838557687837,-0.7398941579665655,0.11045166935144125,-0.8629918468513602,-0.08303658386316934
0.31022831392501166,-0.8374666419548101,-0.7519071313324821,-0.4800467041014978,1.3849066727556911,1.271559022905494,0.1501055651555881
-1.3721036963659112,-0.9517500580765804,1.5964838557687837,-0.7398941579665655,-0.1444381078535842,-0.8363099609793996,0.5581043259384137
-0.7412295079439094,-0.9517500580765804,-0.7519071313324821,-0.7398941579665655,2.4044688402653542,0.07087415866726357,-2.705890248315047
1.1513930573220963,0.8817923595046101,0.7497282529676275,2.3782877611419244,-0.6542207209531965,-0.06253527069253983,0.5581043259384137
1.1513930573220963,0.4279633659008687,-0.7519071313324821,0.29949877567562466,-0.6542207209531965,-0.7562643033635175,0.5581043259384137
1.1513930573220963,1.427420427218831,1.2866033781827664,2.3782877611419244,-0.6542207209531965,3.5395193220221515,0.5581043259384137
1.1513930573220963,-0.07772549525209112,-0.7519071313324821,1.338894827499734,2.149579063060329,3.1392910339427416,0.5581043259384137
0.09993523545317518,1.427420427218831,1.2408527107810325,1.079044255452747,-0.39933094374817096,-0.32935412941214665,0.5581043259384137
-0.11035531952190754,-0.9517500580765804,0.5148785562248548,-0.7398941579665655,-0.6542207209531965,-0.19594470005234324,0.5581043259384137
1.1513930573220963,0.7906790228523563,-0.7519071313324821,2.1184403072768565,-0.6542207209531965,0.5244662184905952,0.5581043259384137
-0.9515200629189922,1.427420427218831,-0.7519071313324821,-0.22019613205451086,-0.6542207209531965,-0.9430375044672422,0.5581043259384137
-1.3721036963659112,-0.9517500580765804,1.5964838557687837,-0.7398941579665655,-0.6542207209531965,1.271559022905494,0.5581043259384137
0.09993523545317518,1.085693853252233,-0.7519071313324821,0.8191968015876794,-0.6542207209531965,-0.5961729881317535,0.5581043259384137
-0.9515200629189922,1.427420427218831,1.134793389694637,-0.22019613205451086,-0.6542207209531965,0.33769301738687035,0.5581043259384137
-1.3721036963659112,-0.9517500580765804,1.5964838557687837,-0.7398941579665655,-0.39933094374817096,1.8051967403447078,0.5581043259384137
-0.11035531952190754,-0.9517500580765804,0.1697876439490739,-0.7398941579665655,-0.6542207209531965,2.0720155990643145,0.5581043259384137
-0.3206458744969902,-0.9517500580765804,0.1830894515072648,-0.7398941579665655,-0.6542207209531965,0.33769301738687035,0.5581043259384137
-1.3721036963659112,-0.9517500580765804,1.5964838557687837,-0.7398941579665655,-0.6542207209531965,0.7379213054662805,0.5581043259384137
1.1513930573220963,-0.9517500580765804,0.4838468186288509,-0.7398941579665655,-0.39933094374817096,-0.46276355877195,0.5581043259384137
0.7308094238751771,-0.09112089362437432,-0.7519071313324821,-0.22019613205451086,-0.6542207209531965,-0.06253527069253983,0.5581043259384137
1.1513930573220963,-0.9517500580765804,-0.7519071313324821,-0.7398941579665655,1.3849066727556911,-0.9964012762111636,0.5581043259384137
-1.3721036963659112,-0.9517500580765804,1.5964838557687837,-0.7398941579665655,-0.1444381078535842,0.07087415866726357,-1.481889477975714
-0.11035531952190754,-0.8272563521160251,-0.7519071313324821,-0.4800467041014978,-0.6542207209531965,-0.9430375044672422,0.5581043259384137
0.09993523545317518,-0.9517500580765804,-0.7519071313324821,-0.7398941579665655,0.5692551035342239,-0.5961729881317535,-1.0738907171928882
1.1513930573220963,1.427420427218831,-0.7519071313324821,2.3782877611419244,-0.39933094374817096,-0.7295824174915568,0.5581043259384137
0.09993523545317518,1.427420427218831,-0.7519071313324821,1.079044255452747,-0.6542207209531965,-0.9430375044672422,0.5581043259384137
-1.1618131413908286,1.427420427218831,1.2187799631020035,-0.4800467041014978,-0.1444381078535842,-0.5961729881317535,-1.0738907171928882
0.9411025023470135,-0.9517500580765804,-0.7519071313324821,-0.7398941579665655,-0.6542207209531965,1.8051967403447078,0.5581043259384137
-1.3721036963659112,-0.9517500580765804,1.5964838557687837,-0.7398941579665655,-0.6542207209531965,1.6717873109849044,0.5581043259384137
-1.3721036963659112,-0.9517500580765804,1.5964838557687837,-0.7398941579665655,-0.6542207209531965,0.8713307348260839,0.5581043259384137
-1.3721036963659112,-0.9517500580765804,1.5964838557687837,-0.7398941579665655,-0.6542207209531965,0.6045118761064772,0.5581043259384137
1.1513930573220963,-0.9517500580765804,-0.7519071313324821,-0.7398941579665655,0.11045166935144125,-0.19594470005234324,0.5581043259384137
-0.7412295079439094,1.2707833564009805,-0.7519071313324821,-0.4800467041014978,-0.09809590231156196,-0.19594470005234324,-1.8898927267493963
0.8990433819532956,0.019918545253457053,0.7713610718430266,1.7546513773202266,-0.6542207209531965,1.1381495935456907,0.10930524027822004
-1.3721036963659112,-0.9517500580765804,1.5964838557687837,-0.7398941579665655,-0.39933094374817096,0.4711024467466738,0.5581043259384137
-0.5309389529688268,1.427420427218831,-0.7519071313324821,0.29949877567562466,-0.6542207209531965,-0.46276355877195,0.5581043259384137
-1.3721036963659112,-0.9517500580765804,1.5964838557687837,-0.7398941579665655,2.4044688402653542,-0.9964012762111636,-3.1138890090978726
-1.3721036963659112,-0.9517500580765804,1.5964838557687837,-0.7398941579665655,-0.6542207209531965,0.4711024467466738,0.5581043259384137
0.7308094238751771,-0.15132337791476275,-0.7519071313324821,0.5593493477226117,-0.6542207209531965,-0.46276355877195,0.5581043259384137
-1.3721036963659112,-0.9517500580765804,1.5964838557687837,-0.7398941579665655,-0.6542207209531965,-0.9964012762111636,0.5581043259384137
-1.1426951299848882,-0.9517500580765804,-0.7519071313324821,-0.7398941579665655,-0.6542207209531965,0.6045118761064772,0.5581043259384137
0.9411025023470135,0.4241223453229048,-0.7519071313324821,0.5593493477226117,-0.6542207209531965,-0.19594470005234324,0.5581043259384137
1.1513930573220963,0.9544331747449504,-0.7519071313324821,0.039651321810556917,-0.6542207209531965,0.6045118761064772,0.5581043259384137
1.1513930573220963,0.10053802670947974,-0.7519071313324821,1.5987422813648018,-0.6542207209531965,1.6717873109849044,0.5581043259384137
-0.7412295079439094,1.427420427218831,-0.7519071313324821,0.039651321810556917,-0.6542207209531965,-0.4494226158359697,-1.0738907171928882
0.31022831392501166,-0.16493777160093254,-0.7519071313324821,-0.22019613205451086,0.875124059656079,-0.46276355877195,-0.25789319562723756
1.1513930573220963,-0.19749661672154376,-0.7519071313324821,0.29949877567562466,-0.6542207209531965,0.33769301738687035,0.5581043259384137
-0.9515200629189922,1.427420427218831,-0.011783797830613792,-0.22019613205451086,1.3849066727556911,-0.9964012762111636,-0.25789319562723756
-1.3721036963659112,-0.9517500580765804,1.5964838557687837,-0.7398941579665655,-0.6542207209531965,-0.46276355877195,-1.0738907171928882
0.09993523545317518,1.427420427218831,-0.7519071313324821,1.079044255452747,1.6397964499607167,-0.8629918468513602,-1.481889477975714
-1.3721036963659112,-0.9517500580765804,1.5964838557687837,-0.7398941579665655,-0.6542207209531965,-0.19594470005234324,0.1501055651555881
-0.11035531952190754,-0.9517500580765804,-0.7519071313324821,-0.7398941579665655,-0.39933094374817096,1.4049684522652977,0.5581043259384137
-0.9515200629189922,1.427420427218831,-0.7519071313324821,-0.22019613205451086,-0.6542207209531965,3.1392910339427416,0.5581043259384137
1.1513930573220963,-0.38547640878907835,-0.7519071313324821,2.3782877611419244,2.4044688402653542,-0.32935412941214665,0.5581043259384137
0.9219844909410732,0.5517100635885289,-0.7519071313324821,-0.17295255779809812,0.17996650700925526,1.1381495935456907,0.5581043259384137
-1.1618131413908286,1.427420427218831,-0.3936967874791866,-0.4800467041014978,2.4044688402653542,-0.5961729881317535,-3.1138890090978726
-1.1618131413908286,1.427420427218831,1.4787275309789827,-0.4800467041014978,-0.6542207209531965,0.20428358802706698,-2.705890248315047
-0.3206458744969902,-0.9517500580765804,-0.7519071313324821,-0.7398941579665655,-0.6542207209531965,-0.8629918468513602,0.5581043259384137
-1.3721036963659112,-0.9517500580765804,1.5964838557687837,-0.7398941579665655,-0.6542207209531965,-0.9430375044672422,0.5581043259384137
-0.3206458744969902,1.427420427218831,-0.7519071313324821,0.5593493477226117,-0.6542207209531965,-0.06253527069253983,-0.6658919564100632
-0.5309389529688268,1.427420427218831,-0.7519071313324821,0.29949877567562466,-0.6542207209531965,0.33769301738687035,-2.297891487532222
1.1513930573220963,-0.9517500580765804,-0.7519071313324821,-0.7398941579665655,2.4044688402653542,-0.46276355877195,0.5581043259384137
-1.3721036963659112,-0.9517500580765804,1.5964838557687837,-0.7398941579665655,-0.39933094374817096,-0.7829461892354782,0.5581043259384137
-0.7412295079439094,-0.5127597873136709,0.15183925485025795,-0.4800467041014978,-0.04248280870948625,0.33769301738687035,-0.25789319562723756
0.8990433819532956,0.6897512738381479,0.088820564584328,2.0664695692310753,-0.6542207209531965,0.6045118761064772,0.10930524027822004
0.7308094238751771,1.427420427218831,-0.7519071313324821,1.8585897352298697,0.875124059656079,-0.46276355877195,0.5581043259384137
-1.1618131413908286,1.427420427218831,-0.7519071313324821,-0.4800467041014978,-0.6542207209531965,-0.06253527069253983,-2.297891487532222
0.31022831392501166,0.7184159185645219,-0.23822874108678171,0.29949877567562466,-0.6542207209531965,-0.9430375044672422,0.5581043259384137
-1.3721036963659112,-0.9517500580765804,1.5964838557687837,-0.7398941579665655,-0.6542207209531965,1.9386061697045112,0.5581043259384137
0.5205188689000944,0.753277928219664,0.5090311508735825,0.5593493477226117,-0.6542207209531965,2.2054250284241177,0.1501055651555881
-0.9515200629189922,1.427420427218831,1.1901120767498679,-0.22019613205451086,-0.6542207209531965,-0.9430375044672422,-0.25789319562723756
-0.3206458744969902,-0.9517500580765804,-0.7519071313324821,-0.7398941579665655,-0.2172655063061979,-0.19594470005234324,-1.481889477975714
-0.7412295079439094,1.427420427218831,-0.7519071313324821,0.039651321810556917,-0.6542207209531965,-0.5428092163878321,0.5581043259384137
0.31022831392501166,-0.41761326792144216,-0.7519071313324821,-0.22019613205451086,1.2574602548083977,-0.46276355877195,0.5581043259384137
-0.4257924137329085,0.22927093209094887,-0.7519071313324821,-0.35012141807800434,2.4044688402653542,1.4049684522652977,-1.6858911023625551
-1.3721036963659112,-0.9517500580765804,1.5964838557687837,-0.7398941579665655,-0.6542207209531965,0.33769301738687035,0.5581043259384137
1.1513930573220963,1.427420427218831,-0.7519071313324821,2.3782877611419244,1.5702816123029024,1.0047401641858873,0.5581043259384137
-0.8674043456283098,-0.9517500580765804,-0.7519071313324821,-0.7398941579665655,-0.6542207209531965,-0.9964012762111636,-0.7882929310421678
-1.3721036963659112,-0.9517500580765804,1.5964838557687837,-0.7398941579665655,-0.6542207209531965,-0.9430375044672422,-1.8898927267493963
-1.3721036963659112,-0.9517500580765804,1.5964838557687837,-0.7398941579665655,-0.6542207209531965,-0.06253527069253983,0.5581043259384137
1.1513930573220963,-0.9517500580765804,-0.7519071313324821,-0.7398941579665655,-0.6542207209531965,-0.46276355877195,0.5581043259384137
0.7308094238751771,-0.3333360829627452,-0.7519071313324821,-0.4800467041014978,-0.6542207209531965,0.33769301738687035,0.5581043259384137
0.7308094238751771,-0.28592612945882434,-0.7519071313324821,-0.4800467041014978,-0.6542207209531965,0.07087415866726357,0.5581043259384137
-1.3721036963659112,-0.9517500580765804,1.5964838557687837,-0.7398941579665655,-0.1444381078535842,-0.9430375044672422,0.5581043259384137
-0.5309389529688268,-0.9517500580765804,-0.7519071313324821,-0.7398941579665655,-0.6542207209531965,0.07087415866726357,0.5581043259384137
0.5205188689000944,-0.29948666288392933,-0.7519071313324821,0.29949877567562466,-0.6542207209531965,-0.06253527069253983,0.5581043259384137
-0.3206458744969902,0.17095455314929892,-0.7519071313324821,-0.22019613205451086,-0.6542207209531965,-0.8629918468513602,0.5581043259384137
-0.3206458744969902,1.427420427218831,-0.7519071313324821,0.5593493477226117,-0.6542207209531965,0.33769301738687035,0.5581043259384137
1.1513930573220963,-0.6560313822104331,-0.7519071313324821,0.29949877567562466,-0.6542207209531965,1.8051967403447078,0.5581043259384137
-1.1618131413908286,1.427420427218831,0.4079922018988787,-0.4800467041014978,-0.6542207209531965,1.8051967403447078,0.5581043259384137
1.1513930573220963,0.36234048432201316,-0.7519071313324821,2.3782877611419244,2.4044688402653542,0.33769301738687035,0.5581043259384137
1.1513930573220963,0.7593917257161619,-0.7519071313324821,2.3782877611419244,2.4044688402653542,1.9386061697045112,0.5581043259384137
-1.091715448566883,1.427420427218831,-0.7519071313324821,-0.3934298467525021,-0.6542207209531965,0.4711024467466738,-2.4338910744598303
0.7308094238751771,-0.9517500580765804,-0.7519071313324821,-0.7398941579665655,-0.39933094374817096,-0.5961729881317535,0.5581043259384137
-1.1618131413908286,1.427420427218831,1.3319064817699233,-0.4800467041014978,-0.6542207209531965,-0.8629918468513602,0.1501055651555881
-1.3721036963659112,-0.9517500580765804,1.5964838557687837,-0.7398941579665655,-0.6542207209531965,-0.5961729881317535,0.5581043259384137
-1.3721036963659112,-0.9517500580765804,1.5964838557687837,-0.7398941579665655,-0.39933094374817096,0.07087415866726357,0.5581043259384137
-1.3721036963659112,-0.9517500580765804,1.5964838557687837,-0.7398941579665655,-0.6542207209531965,-0.9430375044672422,-1.3653184034663355
-1.3721036963659112,-0.9517500580765804,1.5964838557687837,-0.7398941579665655,-0.6542207209531965,-0.19594470005234324,-1.0738907171928882
0.09993523545317518,-0.9517500580765804,-0.7519071313324821,-0.7398941579665655,-0.1444381078535842,-0.46276355877195,-1.0738907171928882
-0.7412295079439094,1.427420427218831,-0.7519071313324821,0.039651321810556917,-0.6542207209531965,-0.06253527069253983,0.5581043259384137
0.9411025023470135,1.1512008690228541,-0.7519071313324821,1.8585897352298697,-0.6542207209531965,0.4711024467466738,0.5581043259384137
0.31022831392501166,-0.9517500580765804,-0.7519071313324821,-0.7398941579665655,0.5692551035342239,-0.46276355877195,-1.481889477975714
-0.7412295079439094,0.9755719264923843,-0.7519071313324821,0.039651321810556917,0.5692551035342239,0.07087415866726357,-1.481889477975714
0.9411025023470135,-0.19920522641584612,-0.7519071313324821,-0.4800467041014978,0.875124059656079,-0.7295824174915568,0.5581043259384137
0.9411025023470135,0.49544594932518543,-0.7519071313324821,0.5593493477226117,-0.6542207209531965,0.6045118761064772,0.5581043259384137
-1.3721036963659112,-0.9517500580765804,1.5964838557687837,-0.7398941579665655,-0.6542207209531965,-0.5961729881317535,0.1501055651555881
-0.7412295079439094,1.427420427218831,-0.7519071313324821,0.039651321810556917,-0.6542207209531965,-0.9430375044672422,-2.297891487532222
0.09993523545317518,-0.6330740409057465,-0.7519071313324821,-0.4800467041014978,-0.6542207209531965,-0.06253527069253983,0.5581043259384137
1.1513930573220963,-0.5801237690685561,-0.4658953558058098,-0.4800467041014978,-0.34835176483134134,-0.46276355877195,0.5581043259384137
-1.1618131413908286,-0.9517500580765804,-0.7519071313324821,-0.7398941579665655,-0.6542207209531965,-0.9430375044672422,0.5581043259384137
-0.7412295079439094,1.044751816893579,1.1181762298671227,0.039651321810556917,-0.6542207209531965,-0.5961729881317535,0.1501055651555881
0.9411025023470135,-0.9517500580765804,-0.7519071313324821,-0.7398941579665655,0.875124059656079,-0.7295824174915568,0.5581043259384137
-0.7412295079439094,0.9636176771186042,-0.7519071313324821,-0.4800467041014978,-0.314366665116642,-0.46276355877195,-0.25789319562723756
-0.3206458744969902,-0.9517500580765804,-0.7519071313324821,-0.7398941579665655,0.17996650700925526,-0.8629918468513602,-1.0738907171928882
0.31022831392501166,0.5402212768125566,0.3755933142387266,-0.22019613205451086,-0.6542207209531965,1.1381495935456907,0.5581043259384137
-0.11035531952190754,-0.9517500580765804,-0.7519071313324821,-0.7398941579665655,1.3849066727556911,-0.06253527069253983,-0.6658919564100632
-0.11035531952190754,-0.9517500580765804,-0.7519071313324821,-0.7398941579665655,2.4044688402653542,1.8051967403447078,-1.481889477975714
0.09993523545317518,1.1652008701391443,-0.7519071313324821,1.079044255452747,0.3653414465564667,-0.19594470005234324,0.1501055651555881
0.23375879179800402,-0.9517500580765804,-0.7519071313324821,-0.7398941579665655,-0.6542207209531965,-0.06253527069253983,0.5581043259384137
1.1513930573220963,0.10436284126802753,0.7300504907080483,1.338894827499734,2.4044688402653542,-0.5961729881317535,0.5581043259384137
-1.3721036963659112,-0.9517500580765804,1.5964838557687837,-0.7398941579665655,-0.6542207209531965,0.20428358802706698,0.5581043259384137
-1.1618131413908286,1.427420427218831,-0.7519071313324821,-0.4800467041014978,-0.6542207209531965,0.8713307348260839,0.5581043259384137
0.9411025023470135,0.9748376581990168,-0.7519071313324821,1.079044255452747,-0.39933094374817096,-0.5961729881317535,0.5581043259384137
0.9411025023470135,1.427420427218831,-0.7519071313324821,2.1184403072768565,0.26338614741236877,0.7379213054662805,0.5581043259384137
0.9411025023470135,0.5696915651312409,-0.7519071313324821,1.5987422813648018,0.3653414465564667,0.4711024467466738,0.5581043259384137
0.7308094238751771,-0.6246567221988841,-0.7519071313324821,0.039651321810556917,-0.04248280870948625,-0.7295824174915568,-1.8898927267493963
-1.3721036963659112,-0.9517500580765804,1.5964838557687837,-0.7398941579665655,-0.2172655063061979,1.4049684522652977,-1.0738907171928882
-0.3206458744969902,-0.9517500580765804,-0.7519071313324821,-0.7398941579665655,-0.3761583116323792,-0.8629918468513602,-0.6658919564100632
0.9411025023470135,1.427420427218831,-0.7519071313324821,2.1184403072768565,-0.6542207209531965,-0.46276355877195,-1.481889477975714
0.5205188689000944,1.427420427218831,-0.5683399693464795,1.5987422813648018,0.3653414465564667,-1.0764469338270457,0.5581043259384137
1.1513930573220963,-0.3814555558922446,-0.7519071313324821,2.3782877611419244,-0.6542207209531965,1.4049684522652977,0.5581043259384137
0.9411025023470135,1.1899543746655403,0.20354663543314633,1.338894827499734,-0.6542207209531965,-0.19594470005234324,0.5581043259384137
-0.11035531952190754,1.427420427218831,-0.7519071313324821,0.8191968015876794,1.7927309280216444,3.1392910339427416,-0.25789319562723756
-0.3206458744969902,-0.9517500580765804,-0.7519071313324821,-0.7398941579665655,0.26338614741236877,-0.7295824174915568,-1.0738907171928882
-1.091715448566883,1.427420427218831,-0.7519071313324821,-0.3934298467525021,-0.6542207209531965,-0.6539837409432745,-2.932556226527728
0.7308094238751771,-0.9517500580765804,-0.7519071313324821,-0.7398941579665655,0.5692551035342239,-0.19594470005234324,0.5581043259384137
-1.1618131413908286,1.427420427218831,-0.7519071313324821,-0.4800467041014978,-0.6542207209531965,0.07087415866726357,-2.705890248315047
0.09993523545317518,-0.9517500580765804,-0.7519071313324821,-0.7398941579665655,0.875124059656079,-0.9964012762111636,-1.481889477975714
1.1513930573220963,-0.9517500580765804,-0.7519071313324821,-0.7398941579665655,0.6202342824510535,-0.46276355877195,0.5581043259384137
0.31022831392501166,-0.7052304751414384,-0.7519071313324821,-0.4800467041014978,-0.6542207209531965,-0.9964012762111636,0.5581043259384137
-0.3206458744969902,-0.9517500580765804,-0.7519071313324821,-0.7398941579665655,-0.6542207209531965,-0.9964012762111636,0.5581043259384137
-0.5309389529688268,0.057273138812098445,-0.7519071313324821,-0.4800467041014978,2.4044688402653542,-0.46276355877195,-2.297891487532222
-0.3206458744969902,-0.9517500580765804,-0.7519071313324821,-0.7398941579665655,2.4044688402653542,-0.9430375044672422,-1.8898927267493963
-0.9515200629189922,1.427420427218831,1.4950207958248873,-0.22019613205451086,-0.39933094374817096,-0.46276355877195,0.5581043259384137
1.1513930573220963,-0.6245742956142142,-0.4659276301516953,-0.22019613205451086,-0.3761583116323792,-1.129810705570967,-0.25789319562723756
1.1513930573220963,-0.9517500580765804,-0.7519071313324821,-0.7398941579665655,0.5692551035342239,0.6045118761064772,-1.8898927267493963
-1.3721036963659112,-0.9517500580765804,1.5964838557687837,-0.7398941579665655,-0.6542207209531965,1.6717873109849044,0.1501055651555881
0.31022831392501166,1.427420427218831,-0.7519071313324821,1.338894827499734,-0.6542207209531965,0.7379213054662805,-0.9378911302652799
1.1513930573220963,-0.24482299458408252,-0.7519071313324821,2.3782877611419244,2.4044688402653542,0.07087415866726357,0.5581043259384137
1.1513930573220963,0.3318702986476485,-0.7519071313324821,2.3782877611419244,-0.6542207209531965,-0.5961729881317535,0.5581043259384137
-1.3721036963659112,-0.9517500580765804,1.5964838557687837,-0.7398941579665655,-0.6542207209531965,-0.8629918468513602,0.5581043259384137
1.1513930573220963,1.3501837510936698,-0.7519071313324821,2.3782877611419244,0.17996650700925526,-0.46276355877195,0.5581043259384137
1.1513930573220963,0.002235570963457617,-0.7519071313324821,2.1184403072768565,-0.6542207209531965,0.7379213054662805,0.5581043259384137
0.39434403121569384,-0.04117125476504511,0.3269805268273847,1.1310149934985283,-0.6542207209531965,6.741345626657433,0.10930524027822004
0.7308094238751771,0.9098953340740182,-0.7519071313324821,0.8191968015876794,1.2922192029820856,1.0047401641858873,0.1501055651555881
-1.3721036963659112,-0.9517500580765804,1.5964838557687837,-0.7398941579665655,-0.6542207209531965,1.3249227946494155,0.5581043259384137
-1.3721036963659112,-0.9517500580765804,1.5964838557687837,-0.7398941579665655,-0.6542207209531965,-0.19594470005234324,0.5581043259384137
0.06989553009727306,1.427420427218831,0.8859660247044764,1.0419254178876796,-0.6542207209531965,-0.9430375044672422,-0.08303658386316934
1.1513930573220963,1.048127525180607,-0.7519071313324821,2.3782877611419244,-0.6542207209531965,1.8051967403447078,0.5581043259384137
-1.1618131413908286,1.427420427218831,0.9559290799243753,-0.4800467041014978,-0.6542207209531965,-0.7295824174915568,0.5581043259384137
1.1513930573220963,-0.9517500580765804,-0.7519071313324821,-0.7398941579665655,-0.39933094374817096,-0.9964012762111636,0.5581043259384137
-0.7412295079439094,1.427420427218831,-0.7519071313324821,0.039651321810556917,-0.2718845258008776,-0.5961729881317535,-0.6658919564100632
-1.3721036963659112,-0.9517500580765804,1.5964838557687837,-0.7398941579665655,-0.6542207209531965,-0.7295824174915568,-0.08303658386316934
0.9411025023470135,-0.7794611898900288,-0.7519071313324821,-0.22019613205451086,-0.6542207209531965,0.7379213054662805,0.5581043259384137
1.1513930573220963,1.1723906874956955,0.008885108134995946,2.3782877611419244,-0.6542207209531965,4.073157039461365,0.5581043259384137
0.7308094238751771,0.675941710126777,-0.7519071313324821,1.079044255452747,-0.6542207209531965,3.005881604582938,0.5581043259384137
-1.3721036963659112,-0.9517500580765804,1.5964838557687837,-0.7398941579665655,-0.6542207209531965,0.4711024467466738,0.5581043259384137
1.1513930573220963,-0.9517500580765804,-0.7519071313324821,-0.7398941579665655,-0.6542207209531965,-0.9964012762111636,0.5581043259384137
0.9219844909410732,0.2826232983310188,-0.7519071313324821,0.6774598424546029,2.0221326451130355,-0.19594470005234324,0.1501055651555881
-1.3721036963659112,-0.9517500580765804,1.5964838557687837,-0.7398941579665655,-0.3761583116323792,-0.46276355877195,0.5581043259384137
0.31022831392501166,0.8443097732617498,0.20725016331367296,0.8191968015876794,-0.6542207209531965,0.33769301738687035,0.5581043259384137
-1.1618131413908286,1.427420427218831,1.021544398192202,-0.4800467041014978,0.26338614741236877,-0.7295824174915568,0.1501055651555881
-0.11035531952190754,-0.9517500580765804,-0.7519071313324821,-0.7398941579665655,-0.09809590231156196,-0.5961729881317535,-1.0738907171928882
-0.9515200629189922,1.427420427218831,-0.7519071313324821,-0.22019613205451086,-0.6542207209531965,0.4711024467466738,-1.8898927267493963
-1.1618131413908286,1.427420427218831,-0.7519071313324821,-0.4800467041014978,-0.6542207209531965,0.33769301738687035,-2.705890248315047
-0.9132865636038651,1.427420427218831,-0.7519071313324821,-0.17295255779809812,-0.6542207209531965,-1.129810705570967,-2.297891487532222
-1.1618131413908286,1.427420427218831,-0.7519071313324821,-0.4800467041014978,-0.6542207209531965,0.7379213054662805,-2.297891487532222
-1.3721036963659112,-0.9517500580765804,1.5964838557687837,-0.7398941579665655,-0.3761583116323792,0.8713307348260839,0.1501055651555881
-1.3721036963659112,-0.9517500580765804,1.5964838557687837,-0.7398941579665655,-0.6542207209531965,-0.5961729881317535,0.5581043259384137
0.9411025023470135,-0.9517500580765804,-0.7519071313324821,-0.7398941579665655,-0.6542207209531965,-0.8629918468513602,-3.929886530663524
1.1513930573220963,-0.3073913849757399,0.33921187107516393,-0.29444004354848397,-0.6542207209531965,-0.9964012762111636,0.5581043259384137
-1.1618131413908286,1.427420427218831,-0.7519071313324821,-0.4800467041014978,-0.3761583116323792,-0.8096280751074388,-0.6658919564100632
-0.5309389529688268,0.5155499173035557,-0.7519071313324821,0.039651321810556917,-0.6542207209531965,-0.32935412941214665,-1.8898927267493963
-1.1618131413908286,1.427420427218831,-0.7519071313324821,-0.4800467041014978,-0.6542207209531965,1.4049684522652977,0.5581043259384137
-1.3721036963659112,-0.9517500580765804,1.5964838557687837,-0.7398941579665655,-0.6542207209531965,-0.06253527069253983,0.5581043259384137
-1.3721036963659112,-0.9517500580765804,1.5964838557687837,-0.7398941579665655,-0.6542207209531965,-0.7029005316195962,0.5581043259384137
1.1513930573220963,0.8854403011060614,-0.7519071313324821,2.3782877611419244,2.4044688402653542,-0.19594470005234324,0.5581043259384137
-1.3721036963659112,-0.9517500580765804,1.5964838557687837,-0.7398941579665655,-0.2172655063061979,-0.46276355877195,0.059439173870516004
-0.9515200629189922,-0.9517500580765804,1.23574009644188,-0.7398941579665655,-0.6542207209531965,-0.06253527069253983,-3.1138890090978726
-1.3721036963659112,-0.9517500580765804,1.5964838557687837,-0.7398941579665655,-0.6542207209531965,-0.8629918468513602,0.5581043259384137
-1.3721036963659112,-0.9517500580765804,1.5964838557687837,-0.7398941579665655,-0.6542207209531965,-1.129810705570967,-1.0738907171928882
0.7308094238751771,-0.9517500580765804,-0.7519071313324821,-0.7398941579665655,0.45802891633007253,-0.7829461892354782,0.1501055651555881
1.1513930573220963,0.5012997351931368,-0.7421155353456446,2.3782877611419244,-0.09809590231156196,-0.19594470005234324,0.5581043259384137
0.31022831392501166,1.359056064309025,0.6430582574891602,1.079044255452747,-0.6542207209531965,-0.46276355877195,0.5581043259384137
0.31022831392501166,1.427420427218831,0.3666644733893835,1.338894827499734,-0.6542207209531965,-0.19594470005234324,0.5581043259384137
-1.1618131413908286,1.427420427218831,1.5303771431841013,-0.4800467041014978,-0.314366665116642,-0.46276355877195,-0.25789319562723756
-1.1618131413908286,-0.9517500580765804,-0.7519071313324821,-0.7398941579665655,-0.6542207209531965,-0.46276355877195,-3.5218877698806983
0.7308094238751771,-0.9517500580765804,-0.7519071313324821,-0.7398941579665655,2.0985998841434994,0.07087415866726357,0.1501055651555881
1.1513930573220963,0.43833105195531147,-0.7519071313324821,2.3782877611419244,2.4044688402653542,1.4049684522652977,0.5581043259384137
0.004350225416980902,-0.9517500580765804,-0.7519071313324821,-0.7398941579665655,1.5305584109713573,-0.8629918468513602,-1.481889477975714
-0.5309389529688268,-0.6632652181024931,-0.7519071313324821,-0.4800467041014978,0.5692551035342239,0.6045118761064772,-1.481889477975714
0.31022831392501166,-0.5805994623704962,-0.7519071313324821,-0.4800467041014978,-0.314366665116642,-0.9964012762111636,-0.25789319562723756
-1.1618131413908286,1.427420427218831,-0.7519071313324821,-0.4800467041014978,-0.6542207209531965,0.7379213054662805,-3.1138890090978726
0.09993523545317518,0.37458016023603274,0.0942550884241932,0.039651321810556917,-0.6542207209531965,-0.32935412941214665,0.5581043259384137
-0.5309389529688268,1.427420427218831,-0.3187467326167066,0.29949877567562466,-0.6542207209531965,0.7379213054662805,0.5581043259384137
-1.3721036963659112,-0.9517500580765804,1.5964838557687837,-0.7398941579665655,-0.6542207209531965,1.9386061697045112,0.5581043259384137
-0.7412295079439094,1.427420427218831,-0.7519071313324821,0.039651321810556917,-0.6542207209531965,-0.7829461892354782,0.5581043259384137
0.5205188689000944,0.14349056065779445,-0.7519071313324821,1.079044255452747,-0.6542207209531965,-0.06253527069253983,0.5581043259384137
1.1513930573220963,-0.9517500580765804,-0.7519071313324821,-0.7398941579665655,-0.1444381078535842,-0.7295824174915568,0.5581043259384137
1.1513930573220963,-0.9517500580765804,1.2758928509412497,-0.7398941579665655,-0.6542207209531965,0.07087415866726357,0.5581043259384137
1.1513930573220963,-0.8808530858882901,-0.7519071313324821,-0.4800467041014978,-0.6542207209531965,-0.46276355877195,0.5581043259384137
1.1513930573220963,0.6914359700333155,-0.7519071313324821,2.3782877611419244,2.4044688402653542,0.7379213054662805,0.5581043259384137
-1.3721036963659112,-0.9517500580765804,1.5964838557687837,-0.7398941579665655,0.3653414465564667,-0.8629918468513602,-2.8078888165130396
-0.7412295079439094,1.427420427218831,-0.7519071313324821,0.039651321810556917,-0.2718845258008776,1.538377881625101,-0.25789319562723756
-1.3721036963659112,-0.9517500580765804,1.5964838557687837,-0.7398941579665655,-0.6542207209531965,-0.46276355877195,0.1501055651555881
-1.1618131413908286,1.427420427218831,-0.7519071313324821,-0.4800467041014978,-0.6542207209531965,-0.8629918468513602,-2.705890248315047
-1.3721036963659112,-0.9517500580765804,1.5964838557687837,-0.7398941579665655,-0.6542207209531965,-0.46276355877195,0.5581043259384137
1.1513930573220963,-0.9517500580765804,-0.7519071313324821,-0.7398941579665655,-0.39933094374817096,-0.9964012762111636,0.5581043259384137
-1.1618131413908286,1.427420427218831,1.500347502108711,-0.4800467041014978,-0.6542207209531965,0.8713307348260839,0.5581043259384137
1.1513930573220963,-0.9517500580765804,-0.7519071313324821,-0.7398941579665655,-0.04248280870948625,-0.9964012762111636,0.5581043259384137
-1.3721036963659112,-0.9517500580765804,1.5964838557687837,-0.7398941579665655,-0.39933094374817096,1.538377881625101,0.5581043259384137
0.09993523545317518,1.427420427218831,-0.19252254949103662,1.079044255452747,-0.3761583116323792,-0.46276355877195,0.5581043259384137
-0.11035531952190754,0.529653902405748,-0.7519071313324821,0.039651321810556917,-0.6542207209531965,-0.5961729881317535,0.5581043259384137
-0.683877997222842,1.2663131624430246,-0.7519071313324821,-0.4564233578823318,-0.6542207209531965,3.005881604582938,0.1501055651555881
0.09993523545317518,1.427420427218831,-0.7519071313324821,1.079044255452747,-0.6542207209531965,-0.5961729881317535,0.5581043259384137
1.1513930573220963,0.7993423986204161,-0.7519071313324821,1.5987422813648018,-0.6542207209531965,0.4711024467466738,0.5581043259384137
-0.9515200629189922,1.427420427218831,-0.7519071313324821,-0.22019613205451086,-0.6542207209531965,-0.19594470005234324,-3.1138890090978726
-0.5309389529688268,1.427420427218831,-0.7519071313324821,0.29949877567562466,-0.6542207209531965,2.4722438871437245,0.5581043259384137
-0.9515200629189922,1.427420427218831,1.3775828288981393,-0.22019613205451086,-0.39933094374817096,0.20428358802706698,0.5581043259384137
-0.3206458744969902,1.427420427218831,-0.7519071313324821,0.5593493477226117,-0.6542207209531965,0.4711024467466738,0.5581043259384137
1.1513930573220963,-0.4034382494035193,-0.7519071313324821,-0.4800467041014978,1.0141567936612683,-0.06253527069253983,0.1501055651555881
0.09993523545317518,-0.18436669596404673,-0.7519071313324821,-0.4800467041014978,1.2574602548083977,0.33769301738687035,-0.6658919564100632
1.1513930573220963,0.5142179883215201,0.25925095177596497,2.3782877611419244,-0.6542207209531965,1.8051967403447078,0.5581043259384137
-1.3721036963659112,-0.9517500580765804,1.5964838557687837,-0.7398941579665655,-0.6542207209531965,-0.19594470005234324,0.5581043259384137
-0.7412295079439094,1.427420427218831,-0.7519071313324821,0.039651321810556917,-0.3761583116323792,-0.9430375044672422,0.5581043259384137
0.09993523545317518,0.9489316032772879,-0.7519071313324821,1.079044255452747,-0.6542207209531965,1.0047401641858873,0.5581043259384137
-1.3721036963659112,-0.9517500580765804,1.5964838557687837,-0.7398941579665655,-0.6542207209531965,-0.5961729881317535,0.5581043259384137
1.1513930573220963,1.4097241178240714,-0.7519071313324821,2.3782877611419244,-0.6542207209531965,2.0720155990643145,0.5581043259384137
-1.3721036963659112,-0.9517500580765804,1.5964838557687837,-0.7398941579665655,-0.2172655063061979,0.4711024467466738,-1.0738907171928882
1.1513930573220963,1.3660636830514576,-0.7519071313324821,2.3782877611419244,-0.6542207209531965,2.739062745863331,0.5581043259384137
-1.3721036963659112,-0.9517500580765804,1.5964838557687837,-0.7398941579665655,-0.6542207209531965,0.7379213054662805,0.5581043259384137
1.1513930573220963,-0.06684632492835768,-0.7519071313324821,-0.22019613205451086,0.875124059656079,1.1381495935456907,0.5581043259384137
0.7308094238751771,-0.9517500580765804,-0.7519071313324821,-0.7398941579665655,2.4044688402653542,-0.8629918468513602,-0.18989564615886145
0.7308094238751771,1.2694739844454566,0.7470542539651882,1.079044255452747,0.6202342824510535,0.6045118761064772,0.5581043259384137
1.1513930573220963,0.26754327230092523,-0.7519071313324821,2.3782877611419244,0.6202342824510535,1.9386061697045112,0.5581043259384137
1.1513930573220963,1.427420427218831,-0.7519071313324821,2.3782877611419244,-0.6542207209531965,0.7379213054662805,0.5581043259384137
-1.1618131413908286,1.427420427218831,-0.7519071313324821,-0.4800467041014978,-0.6542207209531965,-0.7295824174915568,-3.1138890090978726
-0.9515200629189922,-0.9517500580765804,-0.7519071313324821,-0.7398941579665655,-0.6542207209531965,-0.5961729881317535,0.5581043259384137
-0.7412295079439094,1.0447566428706179,0.6427408601016243,-0.4800467041014978,-0.39933094374817096,-0.8629918468513602,0.5581043259384137
-1.1618131413908286,1.427420427218831,1.572806641629446,-0.4800467041014978,-0.6542207209531965,0.8713307348260839,0.5581043259384137
-1.3721036963659112,-0.9517500580765804,1.5964838557687837,-0.7398941579665655,-0.34835176483134134,-0.9430375044672422,0.5581043259384137
-1.3721036963659112,-0.9517500580765804,1.5964838557687837,-0.7398941579665655,-0.6542207209531965,1.1381495935456907,0.1501055651555881
0.8359559631110953,-0.4862814078042627,-0.7519071313324821,0.4294240616991182,2.4044688402653542,-0.5961729881317535,-0.00289453113682849
-0.11035531952190754,-0.9517500580765804,1.374957929310171,-0.7398941579665655,-0.314366665116642,0.33769301738687035,0.5581043259384137
1.1513930573220963,1.1164471003000715,-0.7519071313324821,2.3782877611419244,2.4044688402653542,0.33769301738687035,0.5581043259384137
-1.3721036963659112,-0.9517500580765804,1.5964838557687837,-0.7398941579665655,-0.314366665116642,-0.8629918468513602,-0.25789319562723756
-0.3206458744969902,1.427420427218831,-0.7519071313324821,0.5593493477226117,-0.6542207209531965,-0.08921715656450052,0.5581043259384137
0.9411025023470135,0.3269205931885845,-0.7519071313324821,1.338894827499734,-0.6542207209531965,-0.46276355877195,0.5581043259384137
-1.3721036963659112,-0.9517500580765804,1.5964838557687837,-0.7398941579665655,-0.6542207209531965,-0.46276355877195,0.5581043259384137
0.5205188689000944,1.1588360449925665,-0.7519071313324821,1.5987422813648018,0.11045166935144125,1.4049684522652977,0.5581043259384137
-1.3721036963659112,-0.9517500580765804,1.5964838557687837,-0.7398941579665655,-0.6542207209531965,-0.8629918468513602,0.5581043259384137
1.1513930573220963,1.0131026085717532,-0.7519071313324821,2.3782877611419244,2.149579063060329,1.9386061697045112,0.5581043259384137
1.1513930573220963,-0.9517500580765804,-0.7519071313324821,-0.7398941579665655,1.3849066727556911,-0.5961729881317535,0.5581043259384137
1.1513930573220963,1.427420427218831,-0.7519071313324821,2.3782877611419244,-0.6542207209531965,0.6045118761064772,0.1501055651555881
1.1513930573220963,0.020484218808175577,-0.7519071313324821,0.5593493477226117,1.1300138368611043,0.6045118761064772,0.5581043259384137
-0.7412295079439094,1.427420427218831,1.177436290928128,0.039651321810556917,-0.6542207209531965,-0.5961729881317535,0.5581043259384137
0.06989553009727306,1.2608628004524822,1.3415495206400043,0.596468185287679,-0.6542207209531965,-0.7295824174915568,0.5581043259384137
1.1513930573220963,-0.9517500580765804,-0.7519071313324821,-0.7398941579665655,0.11045166935144125,-0.46276355877195,0.5581043259384137
-1.1618131413908286,1.427420427218831,1.3800668210580807,-0.4800467041014978,-0.6542207209531965,-0.7295824174915568,0.5581043259384137
1.1513930573220963,-0.9517500580765804,-0.13363754799079516,-0.7398941579665655,1.0141567936612683,-0.32935412941214665,0.5581043259384137
-0.7412295079439094,1.427420427218831,1.5281808792069258,0.039651321810556917,-0.1444381078535842,0.07087415866726357,0.5581043259384137
0.004350225416980902,-0.9517500580765804,-0.7519071313324821,-0.7398941579665655,-0.2718845258008776,-0.8629918468513602,-1.8898927267493963
1.1513930573220963,1.004822410931516,-0.7519071313324821,-0.22019613205451086,-0.6542207209531965,-0.46276355877195,0.5581043259384137
1.1513930573220963,-0.9517500580765804,-0.7519071313324821,-0.7398941579665655,2.4044688402653542,-0.9163556185952816,0.5581043259384137
1.1513930573220963,1.0715124221092402,-0.7519071313324821,2.3782877611419244,2.4044688402653542,-1.129810705570967,0.5581043259384137
-1.3721036963659112,-0.9517500580765804,1.5964838557687837,-0.7398941579665655,-0.09809590231156196,-0.9964012762111636,0.5581043259384137
-0.7412295079439094,1.427420427218831,-0.7519071313324821,0.039651321810556917,2.4044688402653542,-0.5428092163878321,-2.246889959437797
-1.3721036963659112,-0.9517500580765804,1.5964838557687837,-0.7398941579665655,-0.04248280870948625,-0.06253527069253983,-1.0738907171928882
-0.11035531952190754,1.427420427218831,-0.7519071313324821,0.8191968015876794,-0.6542207209531965,0.07087415866726357,0.1501055651555881
0.09993523545317518,0.11687862115941147,-0.7519071313324821,0.29949877567562466,-0.04248280870948625,-0.9964012762111636,0.5581043259384137
-1.1618131413908286,1.427420427218831,-0.7519071313324821,-0.4800467041014978,-0.6542207209531965,0.07087415866726357,-1.481889477975714
1.1513930573220963,-0.9517500580765804,-0.7519071313324821,-0.7398941579665655,0.26338614741236877,-0.19594470005234324,0.1501055651555881
0.7308094238751771,0.7988548990259329,-0.7519071313324821,-0.4800467041014978,-0.09809590231156196,2.0720155990643145,-1.0738907171928882
0.7308094238751771,-0.6899507529344242,-0.7519071313324821,-0.4800467041014978,0.875124059656079,-0.19594470005234324,-0.25789319562723756
-1.3721036963659112,-0.9517500580765804,1.5964838557687837,-0.7398941579665655,2.4044688402653542,-0.9430375044672422,-3.1138890090978726
1.1513930573220963,0.7595711264227025,-0.7519071313324821,2.1184403072768565,2.4044688402653542,0.6045118761064772,0.5581043259384137
1.1513930573220963,-0.6559871305208734,-0.7519071313324821,0.039651321810556917,0.3653414465564667,-0.9964012762111636,0.5581043259384137
0.5205188689000944,-0.9517500580765804,-0.7519071313324821,-0.7398941579665655,0.3653414465564667,-0.8629918468513602,-0.6658919564100632
-1.3721036963659112,-0.9517500580765804,1.5964838557687837,-0.7398941579665655,-0.6542207209531965,0.1776017021551063,0.5581043259384137
-0.11035531952190754,1.427420427218831,-0.7519071313324821,0.8191968015876794,-0.04248280870948625,0.33769301738687035,0.1501055651555881
-1.3721036963659112,-0.9517500580765804,1.5964838557687837,-0.7398941579665655,-0.6542207209531965,-0.7829461892354782,0.5581043259384137
0.7308094238751771,-0.3534445211429831,-0.7519071313324821,1.079044255452747,0.26338614741236877,1.1381495935456907,0.5581043259384137
0.5205188689000944,1.427420427218831,-0.7519071313324821,1.5987422813648018,-0.6542207209531965,-0.35603601528410733,0.5581043259384137
0.31022831392501166,1.209887164555477,0.07290813217373844,1.079044255452747,-0.1444381078535842,-0.32935412941214665,0.1501055651555881
1.1513930573220963,-0.686682406346656,-0.7519071313324821,1.079044255452747,-0.6542207209531965,0.5244662184905952,0.5581043259384137
0.5205188689000944,1.032225814162112,-0.7519071313324821,1.338894827499734,1.7927309280216444,-0.9430375044672422,0.1501055651555881
0.7308094238751771,-0.9517500580765804,-0.5987788762794197,-0.7398941579665655,1.3849066727556911,-0.5961729881317535,0.1501055651555881
1.1513930573220963,0.636351902739683,-0.456482539876322,2.3782877611419244,-0.6542207209531965,-0.5961729881317535,0.5581043259384137
1.1513930573220963,-0.9517500580765804,-0.7519071313324821,-0.7398941579665655,-0.39933094374817096,0.4711024467466738,0.5581043259384137
0.4631673581790269,0.31361514454770073,-0.7519071313324821,-0.17295255779809812,-0.6542207209531965,-0.19594470005234324,0.5581043259384137
-1.1618131413908286,1.427420427218831,-0.7519071313324821,-0.4800467041014978,-0.6542207209531965,1.538377881625101,-3.1138890090978726
-1.1618131413908286,1.427420427218831,-0.7519071313324821,-0.4800467041014978,-0.6542207209531965,-0.7295824174915568,-3.1138890090978726
-1.1618131413908286,1.427420427218831,1.562713303627935,-0.4800467041014978,-0.34835176483134134,1.271559022905494,0.5581043259384137
-0.7412295079439094,-0.9517500580765804,-0.7519071313324821,-0.7398941579665655,-0.09809590231156196,-0.8363099609793996,-2.297891487532222
-0.7412295079439094,-0.9517500580765804,-0.7519071313324821,-0.7398941579665655,-0.6542207209531965,0.6045118761064772,0.5581043259384137
-0.5309389529688268,1.0613941987118445,0.5924247620495277,-0.22019613205451086,-0.34835176483134134,0.33769301738687035,0.5581043259384137
-0.3206458744969902,0.4452842487212564,-0.7519071313324821,-0.22019613205451086,-0.6542207209531965,-0.5961729881317535,0.5581043259384137
1.1513930573220963,-0.9517500580765804,-0.7519071313324821,-0.7398941579665655,2.4044688402653542,0.07087415866726357,0.5581043259384137
-1.1618131413908286,-0.9517500580765804,-0.7519071313324821,-0.7398941579665655,0.3653414465564667,0.33769301738687035,-3.1138890090978726
-0.11035531952190754,1.427420427218831,-0.7519071313324821,0.8191968015876794,-0.39933094374817096,-0.5961729881317535,0.5581043259384137
0.5205188689000944,-0.8631293546262919,1.1979233132110547,-0.22019613205451086,-0.3761583116323792,-0.5961729881317535,0.5581043259384137
0.9411025023470135,-0.9517500580765804,1.0839581565263443,-0.7398941579665655,-0.6542207209531965,0.4711024467466738,0.5581043259384137
-0.11035531952190754,0.13574595080558083,-0.7519071313324821,-0.4800467041014978,-0.314366665116642,-0.8629918468513602,0.5581043259384137
0.7308094238751771,0.5813501528246051,-0.7519071313324821,0.8191968015876794,-0.6542207209531965,-0.14258092830842187,0.5581043259384137
-1.3721036963659112,-0.9517500580765804,1.5964838557687837,-0.7398941579665655,-0.6542207209531965,-0.32935412941214665,0.5581043259384137
-1.3721036963659112,-0.9517500580765804,1.5964838557687837,-0.7398941579665655,-0.6542207209531965,-0.8629918468513602,0.5581043259384137
1.1513930573220963,-0.9517500580765804,-0.7519071313324821,-0.7398941579665655,0.6202342824510535,-0.8629918468513602,0.5581043259384137
1.1513930573220963,0.5460163648856526,-0.7519071313324821,2.3782877611419244,1.5702816123029024,-0.06253527069253983,0.5581043259384137
0.9411025023470135,1.1398815970255023,-0.7519071313324821,1.5987422813648018,-0.6542207209531965,0.7379213054662805,0.5581043259384137
-0.11035531952190754,1.1389777249378423,-0.7519071313324821,0.8191968015876794,-0.6542207209531965,-0.5961729881317535,0.5581043259384137
0.31022831392501166,-0.9517500580765804,-0.7519071313324821,-0.7398941579665655,-0.6542207209531965,-0.9964012762111636,-0.6658919564100632
-0.7412295079439094,0.4463912653095573,1.4106257976933982,-0.4800467041014978,-0.6542207209531965,0.4711024467466738,0.5581043259384137
1.1513930573220963,-0.9517500580765804,-0.7519071313324821,-0.7398941579665655,1.6397964499607167,-0.19594470005234324,0.5581043259384137
-1.3721036963659112,-0.9517500580765804,1.5964838557687837,-0.7398941579665655,-0.6542207209531965,1.4049684522652977,0.5581043259384137
1.1513930573220963,-0.5609372403416483,-0.7519071313324821,-0.22019613205451086,-0.6542207209531965,1.0047401641858873,0.5581043259384137
1.1513930573220963,0.04251912596047716,-0.7519071313324821,2.3782877611419244,1.894686227165742,0.7379213054662805,0.5581043259384137
1.1513930573220963,0.6508863854977511,-0.437065048189286,1.079044255452747,-0.39933094374817096,-0.46276355877195,0.5581043259384137
-1.1618131413908286,1.427420427218831,1.581078271297768,-0.4800467041014978,-0.39933094374817096,1.1381495935456907,0.5581043259384137
-0.3206458744969902,-0.2210964592347493,1.4741070014430093,-0.4800467041014978,-0.6542207209531965,0.33769301738687035,0.5581043259384137
-1.3721036963659112,-0.9517500580765804,1.5964838557687837,-0.7398941579665655,-0.2718845258008776,-0.06253527069253983,-0.25789319562723756
0.31022831392501166,0.05375112231484822,-0.7519071313324821,0.5593493477226117,0.5692551035342239,-0.19594470005234324,0.5581043259384137
-1.1618131413908286,1.427420427218831,1.5578634755866632,-0.4800467041014978,-0.6542207209531965,-0.5961729881317535,0.5581043259384137
-1.3721036963659112,-0.9517500580765804,1.5964838557687837,-0.7398941579665655,-0.6542207209531965,-0.8629918468513602,0.5581043259384137
-1.1618131413908286,1.427420427218831,1.2968286187267393,-0.4800467041014978,-0.6542207209531965,-0.7829461892354782,0.5581043259384137
-0.5309389529688268,-0.9517500580765804,-0.7519071313324821,-0.7398941579665655,-0.6542207209531965,-0.8629918468513602,-1.481889477975714
1.1513930573220963,-0.9517500580765804,-0.7519071313324821,-0.7398941579665655,-0.3761583116323792,0.8713307348260839,0.5581043259384137
0.8359559631110953,0.30781671445286096,-0.7519071313324821,-0.35012141807800434,0.5692551035342239,-0.9964012762111636,-1.6858911023625551
-0.7412295079439094,1.427420427218831,-0.7519071313324821,0.039651321810556917,-0.34835176483134134,-0.889673732723321,0.1501055651555881
-0.7412295079439094,1.427420427218831,0.7362459257687396,0.039651321810556917,-0.39933094374817096,-0.9163556185952816,0.5581043259384137
1.1513930573220963,0.6196396956514995,-0.7519071313324821,2.3782877611419244,2.4044688402653542,0.7379213054662805,0.5581043259384137
0.9411025023470135,1.243572723517849,-0.7519071313324821,2.1184403072768565,2.0221326451130355,0.07087415866726357,0.5581043259384137
-1.3721036963659112,-0.9517500580765804,1.5964838557687837,-0.7398941579665655,-0.6542207209531965,-0.7295824174915568,0.5581043259384137
0.9219844909410732,-0.13728675419339523,-0.7519071313324821,0.11051824228613556,0.7360913256508896,0.07087415866726357,0.1501055651555881
0.7308094238751771,-0.9517500580765804,-0.7519071313324821,-0.7398941579665655,-0.6542207209531965,-0.46276355877195,-1.8898927267493963
-1.3721036963659112,-0.9517500580765804,1.5964838557687837,-0.7398941579665655,-0.6542207209531965,-0.32935412941214665,0.5581043259384137
-1.3721036963659112,-0.9517500580765804,1.5964838557687837,-0.7398941579665655,-0.2718845258008776,-0.9430375044672422,-1.481889477975714
-1.3721036963659112,-0.9517500580765804,1.5964838557687837,-0.7398941579665655,-0.6542207209531965,0.33769301738687035,0.5581043259384137
0.09993523545317518,-0.7108078462204006,-0.7519071313324821,-0.4800467041014978,2.4044688402653542,-0.46276355877195,-1.0738907171928882
0.7308094238751771,0.5456173155000987,0.3342091737517242,0.039651321810556917,-0.6542207209531965,-0.19594470005234324,0.5581043259384137
-1.3721036963659112,-0.9517500580765804,1.5964838557687837,-0.7398941579665655,-0.6542207209531965,-0.46276355877195,-0.9378911302652799
0.31022831392501166,-0.8428645540141562,-0.7519071313324821,-0.4800467041014978,-0.6542207209531965,0.4711024467466738,-0.6658919564100632
1.1513930573220963,0.2816149450604498,-0.7519071313324821,1.338894827499734,-0.6542207209531965,0.33769301738687035,0.5581043259384137
0.09993523545317518,-0.9517500580765804,-0.7519071313324821,-0.7398941579665655,-0.2172655063061979,-0.46276355877195,-1.481889477975714
1.1513930573220963,0.5184073810391707,-0.7519071313324821,-0.29444004354848397,0.3653414465564667,-0.9964012762111636,0.5581043259384137
1.1513930573220963,-0.1848382604384291,-0.7519071313324821,0.29949877567562466,1.894686227165742,-0.19594470005234324,0.5581043259384137
0.31022831392501166,-0.035769509346788,0.6322200968730523,0.5593493477226117,-0.6542207209531965,-0.19594470005234324,0.5581043259384137
-1.1618131413908286,1.427420427218831,1.4997073330294084,-0.4800467041014978,-0.6542207209531965,0.07087415866726357,0.5581043259384137
0.31022831392501166,-0.9517500580765804,-0.7519071313324821,-0.7398941579665655,-0.6542207209531965,0.7379213054662805,-0.6658919564100632
-0.3206458744969902,9.225353761099064e-05,-0.7519071313324821,-0.4800467041014978,-0.6542207209531965,-0.32935412941214665,-1.481889477975714
-0.11035531952190754,-0.9517500580765804,-0.7519071313324821,-0.7398941579665655,0.7051955023930212,0.33769301738687035,0.1501055651555881
-1.1618131413908286,1.427420427218831,1.0703197621658989,-0.4800467041014978,-0.6542207209531965,-0.46276355877195,0.5581043259384137
1.1513930573220963,-0.3076233020542914,-0.4834345766031023,0.5593493477226117,2.4044688402653542,-0.46276355877195,0.5581043259384137
1.1513930573220963,-0.9517500580765804,-0.7519071313324821,-0.7398941579665655,0.7360913256508896,-0.19594470005234324,0.5581043259384137
-0.7412295079439094,0.18981613815546652,1.0611648473887074,-0.4800467041014978,0.45802891633007253,0.07087415866726357,-0.6658919564100632
1.1513930573220963,0.36562118060971904,-0.7519071313324821,1.338894827499734,-0.6542207209531965,0.4711024467466738,0.5581043259384137
1.1513930573220963,0.2653519876623005,0.5376890022205882,0.29949877567562466,-0.3761583116323792,0.7379213054662805,0.5581043259384137
-0.7412295079439094,0.4884496039897979,1.3009303725779258,-0.22019613205451086,1.0936031963243587,-0.889673732723321,0.1501055651555881
1.1513930573220963,1.427420427218831,-0.7519071313324821,2.3782877611419244,2.4044688402653542,0.20428358802706698,0.5581043259384137
0.9411025023470135,-0.9517500580765804,-0.7519071313324821,-0.7398941579665655,1.8483440216237197,-0.32935412941214665,0.5581043259384137
-1.1618131413908286,1.427420427218831,1.4496942235389825,-0.4800467041014978,-0.6542207209531965,1.271559022905494,0.5581043259384137
1.1513930573220963,-0.2516351588760594,-0.7519071313324821,1.338894827499734,2.4044688402653542,-0.19594470005234324,0.5581043259384137
0.09993523545317518,-0.9517500580765804,-0.7519071313324821,-0.7398941579665655,1.9675136256183559,-0.5361387449198419,-1.481889477975714
0.7308094238751771,-0.9517500580765804,-0.1287024884504232,-0.7398941579665655,-0.1444381078535842,0.4711024467466738,0.5581043259384137
-1.3721036963659112,-0.9517500580765804,1.5964838557687837,-0.7398941579665655,-0.3761583116323792,-0.5961729881317535,0.5581043259384137
-1.3721036963659112,-0.9517500580765804,1.5964838557687837,-0.7398941579665655,-0.6542207209531965,-0.9430375044672422,0.5581043259384137
1.1513930573220963,1.2296545774918217,-0.7519071313324821,2.3782877611419244,1.3849066727556911,-0.40939978702802865,0.5581043259384137
0.004350225416980902,1.427420427218831,-0.7519071313324821,0.9609337607207559,-0.6542207209531965,0.3910567891307917,0.5581043259384137
-0.11035531952190754,1.427420427218831,-0.7519071313324821,0.8191968015876794,-0.6542207209531965,-0.7829461892354782,0.5581043259384137
-0.5309389529688268,1.427420427218831,0.7883398413448541,0.29949877567562466,-0.6542207209531965,-0.7829461892354782,0.5581043259384137
1.1513930573220963,0.6888263333821042,0.5366128965933711,1.338894827499734,-0.6542207209531965,1.0047401641858873,0.5581043259384137
0.9411025023470135,0.4200665402729645,-0.7519071313324821,1.8585897352298697,2.149579063060329,0.33769301738687035,0.5581043259384137
1.1513930573220963,1.0170116153896942,-0.7519071313324821,2.3782877611419244,-0.6542207209531965,1.8051967403447078,0.5581043259384137
-1.1618131413908286,1.427420427218831,-0.7519071313324821,-0.4800467041014978,-0.6542207209531965,0.33769301738687035,-2.297891487532222
-0.9132865636038651,-0.9517500580765804,1.4964551099086907,-0.7398941579665655,-0.6542207209531965,0.4711024467466738,0.5581043259384137
1.1513930573220963,1.427420427218831,-0.16277387879136837,2.3782877611419244,-0.6542207209531965,1.271559022905494,0.5581043259384137
-0.11035531952190754,0.7281575423818311,-0.7519071313324821,-0.4800467041014978,-0.6542207209531965,0.33769301738687035,0.1501055651555881
-0.5309389529688268,-0.9517500580765804,-0.7519071313324821,-0.7398941579665655,0.17996650700925526,-0.9430375044672422,0.1501055651555881
-1.3721036963659112,-0.9517500580765804,1.5964838557687837,-0.7398941579665655,-0.39933094374817096,-0.9964012762111636,0.5581043259384137
0.7308094238751771,0.8369006277057387,0.1245770039120576,0.5593493477226117,-0.1444381078535842,-0.46276355877195,0.5581043259384137
-0.9515200629189922,1.427420427218831,-0.7519071313324821,-0.22019613205451086,-0.6542207209531965,0.33769301738687035,0.5581043259384137
-0.7412295079439094,1.427420427218831,-0.7519071313324821,0.039651321810556917,-0.6542207209531965,0.33769301738687035,0.5581043259384137
0.7308094238751771,-0.9517500580765804,-0.7519071313324821,-0.7398941579665655,1.7927309280216444,-0.46276355877195,0.1501055651555881
-1.3721036963659112,-0.9517500580765804,1.5964838557687837,-0.7398941579665655,-0.6542207209531965,-0.5961729881317535,0.5581043259384137
1.1513930573220963,-0.9517500580765804,-0.7519071313324821,-0.7398941579665655,-0.6542207209531965,0.33769301738687035,0.5581043259384137
1.1513930573220963,-0.45145171306921456,-0.7519071313324821,0.8191968015876794,0.875124059656079,0.25764735977098835,0.5581043259384137
-1.3721036963659112,-0.9517500580765804,1.5964838557687837,-0.7398941579665655,-0.6542207209531965,2.2054250284241177,0.5581043259384137
0.4303947058388808,-0.9517500580765804,-0.7519071313324821,-0.7398941579665655,-0.6542207209531965,-0.46276355877195,-2.6476047110603576
-1.3721036963659112,-0.9517500580765804,1.5964838557687837,-0.7398941579665655,-0.6542207209531965,-0.5961729881317535,0.5581043259384137
0.4303947058388808,0.9156144362186506,1.13917188416232,-0.29444004354848397,0.3653414465564667,-0.7295824174915568,-0.7241774936647524
-0.9515200629189922,1.427420427218831,-0.4038150463880042,-0.22019613205451086,-0.6542207209531965,0.7379213054662805,-1.0738907171928882
-0.3206458744969902,-0.9517500580765804,-0.7519071313324821,-0.7398941579665655,-0.6542207209531965,-0.06253527069253983,0.5581043259384137
0.5205188689000944,-0.6863145727549281,-0.7519071313324821,-0.4800467041014978,2.4044688402653542,0.33769301738687035,0.1501055651555881
1.1513930573220963,-0.9517500580765804,-0.7519071313324821,-0.7398941579665655,2.4044688402653542,-0.5961729881317535,-0.33949384538197364
0.7308094238751771,-0.9517500580765804,-0.7519071313324821,-0.7398941579665655,2.149579063060329,-0.8629918468513602,0.5581043259384137
-1.3721036963659112,-0.9517500580765804,1.5964838557687837,-0.7398941579665655,-0.6542207209531965,-0.8629918468513602,0.5581043259384137
-1.0116045206243036,-0.9517500580765804,0.975551745411452,-0.7398941579665655,-0.6542207209531965,-0.8629918468513602,-1.3653184034663355
0.7308094238751771,1.2398189258533738,1.198289672661456,1.5987422813648018,-0.3761583116323792,3.672928751381955,0.5581043259384137
0.9411025023470135,-0.027003246152519603,-0.7519071313324821,1.8585897352298697,0.5692551035342239,0.6045118761064772,-0.25789319562723756
-1.3721036963659112,-0.9517500580765804,1.5964838557687837,-0.7398941579665655,-0.6542207209531965,-0.5961729881317535,0.5581043259384137
-1.1618131413908286,-0.9517500580765804,-0.7519071313324821,-0.7398941579665655,-0.6542207209531965,0.8713307348260839,0.5581043259384137
-0.11035531952190754,-0.9517500580765804,-0.7519071313324821,-0.7398941579665655,-0.6542207209531965,4.873613615620186,-0.6658919564100632
-0.4257924137329085,1.427420427218831,0.9512533577987087,0.4294240616991182,-0.6542207209531965,-0.5961729881317535,-0.00289453113682849
1.1513930573220963,-0.9517500580765804,-0.7519071313324821,-0.7398941579665655,-0.6542207209531965,-0.7295824174915568,0.5581043259384137
0.09993523545317518,-0.9517500580765804,-0.7519071313324821,-0.7398941579665655,-0.6542207209531965,-0.5961729881317535,0.5581043259384137
1.1513930573220963,0.41203119009931727,-0.366102593769007,1.5987422813648018,2.4044688402653542,3.005881604582938,0.5581043259384137
-1.3721036963659112,-0.9517500580765804,1.5964838557687837,-0.7398941579665655,-0.39933094374817096,-0.46276355877195,-1.8898927267493963
-1.3721036963659112,-0.9517500580765804,1.5964838557687837,-0.7398941579665655,-0.6542207209531965,-0.8096280751074388,0.5581043259384137
1.1513930573220963,0.9836263952079355,-0.7519071313324821,2.1184403072768565,1.6397964499607167,0.6045118761064772,0.5581043259384137
-1.3721036963659112,-0.9517500580765804,1.5964838557687837,-0.7398941579665655,-0.3761583116323792,-0.9430375044672422,0.5581043259384137
0.7908938815804886,-0.9517500580765804,0.7370035882549317,-0.7398941579665655,0.656644922987799,0.4711024467466738,0.5581043259384137
-1.3721036963659112,-0.9517500580765804,1.5964838557687837,-0.7398941579665655,-0.6542207209531965,-0.19594470005234324,0.5581043259384137
1.1513930573220963,-0.7027557442389728,-0.7519071313324821,-0.4800467041014978,1.894686227165742,0.6045118761064772,0.5581043259384137
1.1513930573220963,1.0033446601305107,-0.7519071313324821,2.3782877611419244,-0.6542207209531965,0.07087415866726357,0.5581043259384137
-0.7412295079439094,1.427420427218831,0.8901357991544651,0.039651321810556917,0.3653414465564667,-0.06253527069253983,-0.6658919564100632
0.8359559631110953,1.0676808740686785,-0.7519071313324821,0.039651321810556917,-0.6542207209531965,-0.8629918468513602,-0.00289453113682849
-0.7412295079439094,0.6139164614057282,-0.4282060321134164,0.039651321810556917,2.4044688402653542,-0.46276355877195,-2.705890248315047
1.1513930573220963,0.772588809524076,-0.7519071313324821,2.1184403072768565,0.11045166935144125,0.33769301738687035,0.5581043259384137
-0.9515200629189922,1.427420427218831,1.3834638656471718,-0.22019613205451086,-0.6542207209531965,0.33769301738687035,0.5581043259384137
-0.3206458744969902,-0.9517500580765804,-0.7519071313324821,-0.7398941579665655,-0.34835176483134134,-0.46276355877195,0.1501055651555881
-1.3721036963659112,-0.9517500580765804,1.5964838557687837,-0.7398941579665655,-0.6542207209531965,-0.5961729881317535,0.5581043259384137
1.1513930573220963,-0.9517500580765804,-0.7519071313324821,-0.7398941579665655,1.894686227165742,-1.1431516485069473,0.5581043259384137
-0.683877997222842,1.427420427218831,1.5410817519513655,0.11051824228613556,-0.6542207209531965,1.9386061697045112,0.5581043259384137
1.1513930573220963,-0.9517500580765804,-0.7519071313324821,-0.7398941579665655,-0.6542207209531965,-0.9964012762111636,-0.25789319562723756
-0.11035531952190754,-0.9517500580765804,0.8371771866655406,-0.7398941579665655,-0.6542207209531965,-0.19594470005234324,-1.481889477975714
0.31022831392501166,0.8717893866207521,-0.7519071313324821,0.039651321810556917,-0.6542207209531965,1.0047401641858873,0.5581043259384137
-1.1618131413908286,1.427420427218831,-0.7519071313324821,-0.4800467041014978,-0.6542207209531965,-0.7295824174915568,-3.5218877698806983
1.1513930573220963,0.9420208253792711,-0.7519071313324821,2.3782877611419244,0.875124059656079,0.4711024467466738,0.5581043259384137
-1.3721036963659112,-0.9517500580765804,1.5964838557687837,-0.7398941579665655,-0.6542207209531965,0.33769301738687035,0.5581043259384137
-1.3721036963659112,-0.9517500580765804,1.5964838557687837,-0.7398941579665655,-0.6542207209531965,1.9386061697045112,0.5581043259384137
-1.3721036963659112,-0.9517500580765804,1.5964838557687837,-0.7398941579665655,-0.6542207209531965,-0.9430375044672422,0.5581043259384137
1.1513930573220963,-0.9517500580765804,-0.7519071313324821,-0.7398941579665655,-0.39933094374817096,-0.6895595886836158,0.5581043259384137
-1.3721036963659112,-0.9517500580765804,1.5964838557687837,-0.7398941579665655,-0.6542207209531965,-0.5961729881317535,0.5581043259384137
-0.11035531952190754,-0.9517500580765804,-0.7519071313324821,-0.7398941579665655,1.7247607285922455,-0.19594470005234324,-0.6658919564100632
1.1513930573220963,-0.7081791099680258,-0.7519071313324821,-0.4800467041014978,1.3849066727556911,0.6045118761064772,0.5581043259384137
-0.5309389529688268,-0.9517500580765804,-0.7519071313324821,-0.7398941579665655,1.7927309280216444,-0.5961729881317535,-2.297891487532222
0.5205188689000944,-0.39357036012232793,-0.7519071313324821,0.039651321810556917,2.4044688402653542,-0.9430375044672422,-0.5638933882120707
-1.1618131413908286,1.427420427218831,-0.7519071313324821,-0.4800467041014978,-0.6542207209531965,-0.06253527069253983,0.1501055651555881
0.9411025023470135,-0.9517500580765804,-0.23050508368538228,-0.7398941579665655,-0.6542207209531965,-0.5961729881317535,0.5581043259384137
0.7308094238751771,-0.9517500580765804,-0.7519071313324821,-0.7398941579665655,1.5702816123029024,0.33769301738687035,0.1501055651555881
1.1513930573220963,-0.5988157488453595,-0.7519071313324821,0.29949877567562466,2.4044688402653542,0.20428358802706698,0.5581043259384137
-1.3721036963659112,-0.9517500580765804,1.5964838557687837,-0.7398941579665655,-0.6542207209531965,1.0047401641858873,0.5581043259384137
-1.1618131413908286,1.427420427218831,1.1764723311614955,-0.4800467041014978,-0.6542207209531965,-0.5961729881317535,-0.25789319562723756
-1.1618131413908286,1.427420427218831,1.1785338695031733,-0.4800467041014978,-0.6542207209531965,-0.9430375044672422,-1.481889477975714
0.23375879179800402,0.6692992417210756,-0.7519071313324821,0.3939890423703693,-0.6542207209531965,-0.19594470005234324,-1.0738907171928882
-1.3721036963659112,-0.9517500580765804,1.5964838557687837,-0.7398941579665655,-0.6542207209531965,1.1381495935456907,0.5581043259384137
1.1513930573220963,-0.9517500580765804,-0.7519071313324821,-0.7398941579665655,1.894686227165742,-0.46276355877195,0.5581043259384137
1.1513930573220963,-0.9088714240322723,-0.7519071313324821,-0.4800467041014978,1.6397964499607167,-0.46276355877195,0.5581043259384137
1.1513930573220963,-0.9517500580765804,-0.7519071313324821,-0.7398941579665655,0.875124059656079,-0.9964012762111636,0.5581043259384137
1.1513930573220963,1.427420427218831,-0.7519071313324821,2.3782877611419244,-0.6542207209531965,-0.7829461892354782,0.5581043259384137
-0.9515200629189922,1.427420427218831,-0.7519071313324821,-0.22019613205451086,-0.6542207209531965,0.4444205608747131,0.5581043259384137
-1.1618131413908286,1.427420427218831,1.4641977833583013,-0.4800467041014978,-0.6542207209531965,-0.7829461892354782,0.5581043259384137
0.7308094238751771,1.427420427218831,-0.7519071313324821,1.8585897352298697,-0.6542207209531965,0.6045118761064772,0.5581043259384137
-1.1426951299848882,1.427420427218831,-0.7519071313324821,-0.4564233578823318,-0.6542207209531965,-0.8629918468513602,0.1501055651555881
0.09993523545317518,1.427420427218831,-0.7519071313324821,1.079044255452747,-0.6542207209531965,-0.8363099609793996,0.5581043259384137
0.5205188689000944,-0.9517500580765804,-0.7519071313324821,-0.7398941579665655,0.3653414465564667,-0.46276355877195,-1.0738907171928882
-1.1618131413908286,0.04819116038091122,-0.7519071313324821,-0.4800467041014978,-0.09809590231156196,0.07087415866726357,-3.1138890090978726
1.1513930573220963,-0.28311471822760537,-0.5958617901049247,0.039651321810556917,-0.6542207209531965,2.4722438871437245,0.5581043259384137
-0.11035531952190754,0.5931464937401644,0.7816430193922193,0.5593493477226117,-0.6542207209531965,-0.06253527069253983,0.5581043259384137
1.1513930573220963,-0.5872536799393708,-0.7519071313324821,-0.22019613205451086,-0.6542207209531965,-0.5961729881317535,0.5581043259384137
1.1513930573220963,-0.04241091702801344,-0.7519071313324821,1.0419254178876796,-0.6542207209531965,-0.19594470005234324,0.5581043259384137
-1.3721036963659112,-0.9517500580765804,1.5964838557687837,-0.7398941579665655,-0.6542207209531965,2.0720155990643145,0.5581043259384137
-0.11035531952190754,0.175225434958088,-0.7519071313324821,-0.4280759660557166,-0.6542207209531965,-0.9430375044672422,-1.2370920167023614
0.7308094238751771,1.206068112159194,-0.7519071313324821,1.8585897352298697,2.4044688402653542,4.073157039461365,-0.18989564615886145
0.5205188689000944,0.9046829237334836,-0.7519071313324821,0.5593493477226117,-0.6542207209531965,0.8713307348260839,0.5581043259384137
-1.3721036963659112,-0.9517500580765804,1.5964838557687837,-0.7398941579665655,-0.6542207209531965,-0.9163556185952816,-1.8898927267493963
0.09993523545317518,1.4117428231353322,-0.7519071313324821,1.079044255452747,-0.1444381078535842,-0.8096280751074388,0.5581043259384137
1.1513930573220963,0.8100367448460241,0.16541742772540796,0.039651321810556917,-0.39933094374817096,-0.46276355877195,0.5581043259384137
-0.5309389529688268,1.427420427218831,0.34925802084542684,0.29949877567562466,0.11045166935144125,0.7379213054662805,0.5581043259384137
1.1513930573220963,-0.914416853122786,-0.7519071313324821,-0.4800467041014978,-0.6542207209531965,-0.8629918468513602,0.5581043259384137
-1.3721036963659112,-0.9517500580765804,1.5964838557687837,-0.7398941579665655,-0.6542207209531965,1.1381495935456907,0.5581043259384137
1.1513930573220963,0.12018389683673676,0.7269078204900224,-0.22019613205451086,-0.6542207209531965,-0.9430375044672422,0.5581043259384137
-1.3721036963659112,-0.9517500580765804,1.5964838557687837,-0.7398941579665655,-0.04248280870948625,-0.5961729881317535,0.5581043259384137
0.7308094238751771,-0.5504600796774097,-0.7519071313324821,-0.4800467041014978,-0.6542207209531965,-0.9964012762111636,0.5581043259384137
0.31022831392501166,0.10785831668338351,-0.7519071313324821,-0.22019613205451086,1.9675136256183559,-0.06253527069253983,-0.25789319562723756
-1.3721036963659112,-0.9517500580765804,1.5964838557687837,-0.7398941579665655,-0.6542207209531965,-0.46276355877195,0.5581043259384137
-0.5309389529688268,-0.9517500580765804,1.28196502795966,-0.7398941579665655,-0.1444381078535842,-0.46276355877195,0.5581043259384137
-1.3721036963659112,-0.9517500580765804,1.5964838557687837,-0.7398941579665655,-0.6542207209531965,0.6045118761064772,0.5581043259384137
-1.3721036963659112,-0.9517500580765804,1.5964838557687837,-0.7398941579665655,-0.6542207209531965,-0.46276355877195,-0.25789319562723756
-0.11035531952190754,1.427420427218831,-0.7519071313324821,0.8191968015876794,-0.6542207209531965,-0.8629918468513602,0.1501055651555881
-1.1618131413908286,1.427420427218831,-0.7519071313324821,-0.4800467041014978,-0.6542207209531965,0.33769301738687035,0.5581043259384137
-1.3721036963659112,-0.9517500580765804,1.5964838557687837,-0.7398941579665655,-0.6542207209531965,0.6045118761064772,0.5581043259384137
-0.7412295079439094,-0.6097570914432727,-0.7519071313324821,-0.4800467041014978,2.4044688402653542,-0.7295824174915568,-2.705890248315047
-0.7412295079439094,-0.9517500580765804,-0.7519071313324821,-0.7398941579665655,-0.39933094374817096,0.33769301738687035,-2.705890248315047
1.1513930573220963,-0.009723681517208298,-0.7519071313324821,0.039651321810556917,0.6202342824510535,0.07087415866726357,0.5581043259384137
-1.1618131413908286,-0.9517500580765804,-0.7519071313324821,-0.7398941579665655,2.4044688402653542,-0.7562643033635175,-3.1138890090978726
-0.5309389529688268,1.1116446468612249,0.8779738766111779,0.039651321810556917,-0.6542207209531965,-0.46276355877195,0.5581043259384137
-1.3721036963659112,-0.9517500580765804,1.5964838557687837,-0.7398941579665655,-0.6542207209531965,-0.19594470005234324,0.5581043259384137
-0.7412295079439094,1.427420427218831,1.1687728654035678,0.039651321810556917,-0.6542207209531965,-0.7829461892354782,0.5581043259384137
-1.3721036963659112,-0.9517500580765804,1.5964838557687837,-0.7398941579665655,-0.2718845258008776,-0.8629918468513602,0.1501055651555881
-0.11035531952190754,1.427420427218831,1.2891722716702352,0.8191968015876794,-0.3761583116323792,-0.46276355877195,0.5581043259384137
-1.3721036963659112,-0.9517500580765804,1.5964838557687837,-0.7398941579665655,-0.39933094374817096,0.33769301738687035,0.5581043259384137
0.7308094238751771,-0.4114591029498126,1.0604178836342253,0.039651321810556917,-0.39933094374817096,0.33769301738687035,0.5581043259384137
-1.3721036963659112,-0.9517500580765804,1.5964838557687837,-0.7398941579665655,-0.6542207209531965,-0.32935412941214665,0.5581043259384137
-1.3721036963659112,-0.9517500580765804,1.5964838557687837,-0.7398941579665655,2.4044688402653542,-0.8629918468513602,-3.1138890090978726
0.8710048095230681,-0.13096698062140677,-0.7519071313324821,-0.3934298467525021,1.7247607285922455,-0.5961729881317535,0.059439173870516004
0.7308094238751771,1.383049733362091,0.24223193126934958,1.8585897352298697,-0.6542207209531965,0.20428358802706698,0.5581043259384137
-0.9515200629189922,-0.9517500580765804,-0.7519071313324821,-0.7398941579665655,-0.6542207209531965,-0.5961729881317535,-2.705890248315047
1.1513930573220963,0.0489017681995711,-0.7519071313324821,-0.22019613205451086,-0.6542207209531965,1.271559022905494,0.5581043259384137
-1.3721036963659112,-0.9517500580765804,1.5964838557687837,-0.7398941579665655,-0.6542207209531965,-0.06253527069253983,-2.297891487532222
-0.7412295079439094,1.427420427218831,-0.7519071313324821,0.039651321810556917,-0.6542207209531965,0.25764735977098835,0.5581043259384137
1.1513930573220963,-0.2565799313295965,-0.7519071313324821,1.338894827499734,-0.6542207209531965,1.9386061697045112,0.5581043259384137
1.1513930573220963,0.6169603458441126,-0.7519071313324821,1.079044255452747,-0.6542207209531965,1.1381495935456907,0.5581043259384137
-1.3721036963659112,-0.9517500580765804,1.5964838557687837,-0.7398941579665655,-0.6542207209531965,-0.9430375044672422,0.5581043259384137
-1.3721036963659112,-0.9517500580765804,1.5964838557687837,-0.7398941579665655,2.4044688402653542,0.33769301738687035,-1.8898927267493963
1.1513930573220963,-0.3249255167861032,-0.7519071313324821,1.079044255452747,-0.6542207209531965,0.8713307348260839,0.5581043259384137
-0.3206458744969902,1.427420427218831,-0.7519071313324821,0.5593493477226117,-0.39933094374817096,-0.46276355877195,0.5581043259384137
-0.7412295079439094,1.2042536234960022,0.2916686189877677,-0.22019613205451086,-0.39933094374817096,-0.8629918468513602,-1.0738907171928882
0.9219844909410732,1.0373216172812598,-0.7519071313324821,0.11051824228613556,-0.6542207209531965,-0.8363099609793996,0.5581043259384137
0.9411025023470135,1.316881371452668,-0.2783286672528135,1.8585897352298697,0.7051955023930212,0.6178528190424575,0.5581043259384137
-1.3721036963659112,-0.9517500580765804,1.5964838557687837,-0.7398941579665655,-0.2718845258008776,0.4711024467466738,-0.6658919564100632
-1.3721036963659112,-0.9517500580765804,1.5964838557687837,-0.7398941579665655,-0.6542207209531965,-0.7295824174915568,-0.00289453113682849
-1.3721036963659112,-0.9517500580765804,1.5964838557687837,-0.7398941579665655,0.11045166935144125,-0.7829461892354782,0.5581043259384137
-1.3721036963659112,-0.9517500580765804,1.5964838557687837,-0.7398941579665655,-0.1444381078535842,-0.7295824174915568,-1.0738907171928882
0.9411025023470135,-0.9517500580765804,-0.7519071313324821,-0.7398941579665655,2.4044688402653542,-0.46276355877195,0.5581043259384137
1.1513930573220963,1.427420427218831,0.5477286078211302,2.3782877611419244,-0.39933094374817096,-0.9430375044672422,0.5581043259384137
0.7308094238751771,0.7042306215377758,-0.7519071313324821,0.5593493477226117,0.3653414465564667,1.538377881625101,0.5581043259384137
1.1513930573220963,-0.9517500580765804,-0.7519071313324821,-0.7398941579665655,0.875124059656079,0.33769301738687035,0.5581043259384137
1.1513930573220963,0.78210493238128,-0.7519071313324821,2.1184403072768565,-0.6542207209531965,2.0720155990643145,0.5581043259384137
-1.3721036963659112,-0.9517500580765804,1.5964838557687837,-0.7398941579665655,-0.6542207209531965,0.7379213054662805,0.5581043259384137
1.1513930573220963,-0.9517500580765804,-0.7519071313324821,-0.7398941579665655,2.149579063060329,0.6045118761064772,0.5581043259384137
0.5205188689000944,-0.9517500580765804,0.7733113865913454,-0.7398941579665655,-0.1444381078535842,-0.7829461892354782,0.5581043259384137
1.1513930573220963,-0.3141076203991195,-0.5382636578764388,-0.4800467041014978,-0.6542207209531965,1.1381495935456907,0.5581043259384137
-0.11035531952190754,-0.9517500580765804,-0.7519071313324821,-0.7398941579665655,0.7360913256508896,-0.5961729881317535,-1.481889477975714
-0.5309389529688268,1.427420427218831,-0.14936844877604993,0.29949877567562466,-0.6542207209531965,-0.7829461892354782,0.1501055651555881
-0.11035531952190754,-0.9517500580765804,-0.7519071313324821,-0.7398941579665655,2.4044688402653542,0.07087415866726357,-1.481889477975714
0.31022831392501166,-0.9517500580765804,-0.7519071313324821,-0.7398941579665655,-0.1444381078535842,-0.19594470005234324,0.1501055651555881
-1.3721036963659112,-0.9517500580765804,1.5964838557687837,-0.7398941579665655,-0.6542207209531965,-0.7829461892354782,0.5581043259384137
-1.3721036963659112,-0.9517500580765804,1.5964838557687837,-0.7398941579665655,-0.6542207209531965,-0.32935412941214665,0.5581043259384137
-0.11035531952190754,0.7047515476564069,0.5367643642587626,0.039651321810556917,-0.6542207209531965,-0.8629918468513602,0.5581043259384137
0.9411025023470135,-0.9517500580765804,-0.7519071313324821,-0.7398941579665655,-0.6542207209531965,-0.8629918468513602,-0.6658919564100632
-1.3721036963659112,-0.9517500580765804,1.5964838557687837,-0.7398941579665655,-0.6542207209531965,1.9386061697045112,0.5581043259384137
-0.5309389529688268,1.427420427218831,-0.7519071313324821,0.29949877567562466,1.3849066727556911,0.33769301738687035,-1.8898927267493963
-0.3206458744969902,-0.9517500580765804,-0.7519071313324821,-0.7398941579665655,0.6202342824510535,-0.8629918468513602,-1.481889477975714
-0.7412295079439094,-0.9517500580765804,-0.7519071313324821,-0.7398941579665655,0.17996650700925526,0.33769301738687035,-1.8898927267493963
0.7308094238751771,1.234308211844819,-0.7519071313324821,1.8585897352298697,0.11045166935144125,-0.8629918468513602,0.5581043259384137
0.7308094238751771,0.060835673917878905,1.3570251542115874,-0.4800467041014978,-0.6542207209531965,-0.40939978702802865,0.5581043259384137
1.1513930573220963,1.427420427218831,-0.7519071313324821,2.3782877611419244,1.8483440216237197,1.4049684522652977,0.5581043259384137
-1.3721036963659112,-0.9517500580765804,1.5964838557687837,-0.7398941579665655,-0.39933094374817096,-0.9430375044672422,0.5581043259384137
1.1513930573220963,0.6938754987175075,-0.41690424211493315,1.338894827499734,-0.6542207209531965,3.2727004633025447,0.5581043259384137
-1.1618131413908286,1.427420427218831,1.491428304368745,-0.4800467041014978,-0.6542207209531965,0.07087415866726357,-0.25789319562723756
1.1513930573220963,0.748716786486302,-0.6853283086532882,0.29949877567562466,-0.6542207209531965,1.4049684522652977,0.5581043259384137
-0.11035531952190754,1.427420427218831,-0.7519071313324821,0.8191968015876794,-0.04248280870948625,0.6045118761064772,-0.25789319562723756
0.7308094238751771,-0.9517500580765804,-0.7519071313324821,-0.7398941579665655,-0.6542207209531965,-0.8629918468513602,0.5581043259384137
0.8990433819532956,0.5793669539826569,-0.11197577699401225,0.19556041776598138,-0.2718845258008776,-0.5961729881317535,0.10930524027822004
-0.9132865636038651,1.427420427218831,-0.7519071313324821,-0.17295255779809812,-0.6542207209531965,-0.5961729881317535,0.1501055651555881
-0.9515200629189922,1.427420427218831,0.7521092286339106,-0.22019613205451086,-0.6542207209531965,-1.1031288196990063,0.5581043259384137
-0.11035531952190754,-0.9517500580765804,-0.7519071313324821,-0.7398941579665655,2.4044688402653542,-0.19594470005234324,-1.0738907171928882
-0.5309389529688268,1.365588316704421,-0.7519071313324821,0.039651321810556917,0.11045166935144125,-0.5428092163878321,-2.297891487532222
-1.3721036963659112,-0.9517500580765804,1.5964838557687837,-0.7398941579665655,-0.6542207209531965,-0.46276355877195,0.5581043259384137
-0.7412295079439094,1.427420427218831,-0.7519071313324821,0.039651321810556917,-0.6542207209531965,0.33769301738687035,-1.8898927267493963
-0.5309389529688268,0.9056316468611,1.2186661167219521,-0.22019613205451086,-0.6542207209531965,0.07087415866726357,0.5581043259384137
0.31022831392501166,-0.33819891505521443,-0.7519071313324821,0.29949877567562466,-0.6542207209531965,-0.46276355877195,0.1501055651555881
0.31022831392501166,1.1411199713235425,-0.7172223103302063,1.338894827499734,-0.6542207209531965,0.3910567891307917,-0.6658919564100632
0.09993523545317518,0.43769157380179696,-0.7519071313324821,0.29949877567562466,-0.6542207209531965,-0.5961729881317535,-1.8898927267493963
0.7308094238751771,0.21308249286364536,-0.7519071313324821,-0.4800467041014978,-0.6542207209531965,1.271559022905494,0.5581043259384137
1.1513930573220963,0.8082968370476272,-0.7519071313324821,2.3782877611419244,1.894686227165742,-0.26264941473224496,0.5581043259384137
-1.3721036963659112,-0.9517500580765804,1.5964838557687837,-0.7398941579665655,-0.6542207209531965,0.4444205608747131,-0.6658919564100632
1.1513930573220963,0.5128998327398836,-0.7519071313324821,0.039651321810556917,-0.6542207209531965,-0.14258092830842187,0.5581043259384137
-1.3721036963659112,-0.9517500580765804,1.5964838557687837,-0.7398941579665655,-0.3761583116323792,-0.9430375044672422,0.1501055651555881
-1.3721036963659112,-0.9517500580765804,1.5964838557687837,-0.7398941579665655,-0.6542207209531965,-0.46276355877195,0.5581043259384137
-0.3206458744969902,1.427420427218831,-0.7519071313324821,0.5593493477226117,0.5692551035342239,-0.5961729881317535,0.5581043259384137
-1.3721036963659112,-0.9517500580765804,1.5964838557687837,-0.7398941579665655,-0.6542207209531965,-0.7829461892354782,0.5581043259384137
-0.5309389529688268,-0.9517500580765804,-0.7519071313324821,-0.7398941579665655,0.875124059656079,3.005881604582938,-2.297891487532222
-1.1618131413908286,1.427420427218831,1.3440388452471794,-0.4800467041014978,-0.6542207209531965,0.6045118761064772,0.5581043259384137
1.1513930573220963,-0.6107009857657671,0.07695308467728772,-0.4800467041014978,-0.39933094374817096,-0.5961729881317535,-1.0738907171928882
1.1513930573220963,1.427420427218831,-0.7519071313324821,2.3782877611419244,-0.39933094374817096,0.6045118761064772,0.5581043259384137
0.7308094238751771,1.2892392690778236,-0.7519071313324821,1.8585897352298697,-0.6542207209531965,-0.19594470005234324,0.5581043259384137
-1.1618131413908286,1.427420427218831,1.4810547418855524,-0.4800467041014978,-0.6542207209531965,1.271559022905494,0.5581043259384137
-0.9515200629189922,1.427420427218831,-0.7519071313324821,-0.22019613205451086,-0.6542207209531965,0.33769301738687035,-2.297891487532222
1.1513930573220963,0.7689382044470698,-0.7519071313324821,2.3782877611419244,2.149579063060329,1.1381495935456907,0.5581043259384137
1.1513930573220963,-0.9517500580765804,-0.7519071313324821,-0.7398941579665655,-0.6542207209531965,-0.7295824174915568,-2.297891487532222
-1.1426951299848882,1.427420427218831,1.4241887583429949,-0.4564233578823318,-0.6542207209531965,0.07087415866726357,0.5581043259384137
-0.5309389529688268,0.9372000858635009,1.1053097479753937,-0.22019613205451086,0.3653414465564667,-0.9964012762111636,0.5581043259384137
1.1513930573220963,-0.5766365104274692,-0.7519071313324821,-0.22019613205451086,2.4044688402653542,0.20428358802706698,0.5581043259384137
1.1513930573220963,1.427420427218831,-0.7519071313324821,2.3782877611419244,2.4044688402653542,-0.19594470005234324,0.5581043259384137
-1.1618131413908286,1.427420427218831,-0.7519071313324821,-0.4800467041014978,-0.6542207209531965,-0.5294682734518518,-3.1138890090978726
-1.1618131413908286,1.427420427218831,-0.7519071313324821,-0.4800467041014978,-0.6542207209531965,-0.7295824174915568,0.5581043259384137
-0.11035531952190754,-0.9517500580765804,-0.7519071313324821,-0.7398941579665655,-0.39933094374817096,-0.6762186457476355,0.5581043259384137
-1.3721036963659112,-0.9517500580765804,1.5964838557687837,-0.7398941579665655,0.3653414465564667,0.33769301738687035,-2.297891487532222
-1.3721036963659112,-0.9517500580765804,1.5964838557687837,-0.7398941579665655,-0.6542207209531965,-1.2231973061228294,0.1501055651555881
0.9411025023470135,0.9247868687195964,-0.7519071313324821,1.8585897352298697,1.6397964499607167,-0.46276355877195,0.5581043259384137
-1.1618131413908286,1.427420427218831,1.4330388914901921,-0.4800467041014978,-0.6542207209531965,-0.6762186457476355,-0.25789319562723756
-1.3721036963659112,-0.9517500580765804,1.5964838557687837,-0.7398941579665655,0.3653414465564667,-0.19594470005234324,-1.8898927267493963
1.1513930573220963,0.9118617450538062,-0.7519071313324821,0.6774598424546029,-0.09809590231156196,0.33769301738687035,0.5581043259384137
0.31022831392501166,0.021211054309560884,1.0567268582823914,-0.4800467041014978,-0.6542207209531965,0.07087415866726357,0.5581043259384137
1.1513930573220963,0.15770100566737572,0.05087735272271276,1.5987422813648018,-0.6542207209531965,1.1381495935456907,0.5581043259384137
1.1513930573220963,-0.03097824579811301,-0.7519071313324821,1.5987422813648018,1.6397964499607167,0.33769301738687035,0.5581043259384137
-0.3206458744969902,-0.9517500580765804,-0.7519071313324821,-0.7398941579665655,0.45802891633007253,0.33769301738687035,-1.481889477975714
-1.3721036963659112,-0.9517500580765804,1.5964838557687837,-0.7398941579665655,-0.6542207209531965,-0.9964012762111636,0.5581043259384137
-1.3721036963659112,-0.9517500580765804,1.5964838557687837,-0.7398941579665655,-0.6542207209531965,-0.46276355877195,0.5581043259384137
-1.3721036963659112,-0.9517500580765804,1.5964838557687837,-0.7398941579665655,-0.6542207209531965,-0.19594470005234324,0.5581043259384137
1.1513930573220963,1.3718046104886363,-0.7519071313324821,2.3782877611419244,-0.39933094374817096,-0.7829461892354782,0.5581043259384137
0.7308094238751771,1.1874476480172134,-0.6723051553310974,1.8585897352298697,-0.6542207209531965,1.8051967403447078,-0.18989564615886145
0.5205188689000944,0.863476074898527,-0.7519071313324821,0.5593493477226117,0.6202342824510535,-0.6762186457476355,0.5581043259384137
1.1513930573220963,0.08754598342528308,-0.5204187236811377,1.5987422813648018,-0.6542207209531965,0.07087415866726357,0.5581043259384137
-1.3721036963659112,-0.9517500580765804,1.5964838557687837,-0.7398941579665655,-0.1444381078535842,-0.46276355877195,-1.0738907171928882
-1.3721036963659112,-0.9517500580765804,1.5964838557687837,-0.7398941579665655,-0.6542207209531965,0.33769301738687035,0.5581043259384137
1.1513930573220963,-0.5566681187206156,-0.7519071313324821,-0.22019613205451086,-0.6542207209531965,0.07087415866726357,0.5581043259384137
1.1513930573220963,1.427420427218831,-0.7519071313324821,2.3782877611419244,2.4044688402653542,0.6045118761064772,0.5581043259384137
-0.5309389529688268,1.427420427218831,-0.7519071313324821,0.29949877567562466,-0.34835176483134134,-0.40939978702802865,0.1501055651555881
0.31022831392501166,-0.9517500580765804,-0.7519071313324821,-0.7398941579665655,-0.6542207209531965,-0.8629918468513602,-0.4392259781973822
-0.3206458744969902,1.427420427218831,-0.7519071313324821,0.5593493477226117,-0.39933094374817096,0.7379213054662805,0.5581043259384137
1.1513930573220963,0.7544487448500848,-0.7519071313324821,0.29949877567562466,-0.6542207209531965,-0.5961729881317535,0.5581043259384137
1.1513930573220963,1.427420427218831,-0.7519071313324821,2.3782877611419244,-0.314366665116642,0.4711024467466738,-1.481889477975714
-0.5309389529688268,-0.9517500580765804,-0.7519071313324821,-0.7398941579665655,2.4044688402653542,0.07087415866726357,-1.481889477975714
1.1513930573220963,-0.9517500580765804,0.9602587436730919,-0.7398941579665655,-0.6542207209531965,-0.9964012762111636,0.5581043259384137
1.1513930573220963,0.7938540651955546,0.739069723439584,1.338894827499734,0.11045166935144125,1.4049684522652977,0.5581043259384137
0.7308094238751771,1.427420427218831,0.8705178889303468,1.8585897352298697,-0.04248280870948625,-0.46276355877195,0.5581043259384137
1.1513930573220963,0.5710125156905822,-0.7519071313324821,2.3782877611419244,-0.6542207209531965,-0.7829461892354782,0.5581043259384137
-0.3206458744969902,0.5268786647077077,-0.3917530833698985,-0.22019613205451086,-0.6542207209531965,-0.46276355877195,0.5581043259384137
0.31022831392501166,-0.9517500580765804,-0.7519071313324821,-0.7398941579665655,1.5305584109713573,1.1381495935456907,-0.6658919564100632
0.5205188689000944,-0.46606781962866195,-0.7519071313324821,-0.4800467041014978,-0.6542207209531965,0.07087415866726357,-0.25789319562723756
1.1513930573220963,-0.9517500580765804,-0.7519071313324821,-0.7398941579665655,1.2922192029820856,-0.7295824174915568,0.5581043259384137
0.31022831392501166,0.34808942657262,-0.7519071313324821,0.039651321810556917,-0.6542207209531965,-0.8629918468513602,0.5581043259384137
-1.3721036963659112,-0.9517500580765804,1.5964838557687837,-0.7398941579665655,-0.6542207209531965,0.20428358802706698,0.5581043259384137
1.1513930573220963,-0.16754447158010485,-0.46370274477123263,0.039651321810556917,-0.6542207209531965,0.33769301738687035,0.5581043259384137
-0.11035531952190754,0.588122465383329,0.05015597934808372,0.8191968015876794,-0.39933094374817096,-0.7829461892354782,0.5581043259384137
-0.5309389529688268,1.427420427218831,-0.7519071313324821,0.29949877567562466,-0.6542207209531965,-0.7829461892354782,0.5581043259384137
1.1513930573220963,1.2035244891165078,-0.7519071313324821,2.1184403072768565,-0.09809590231156196,-0.19594470005234324,0.5581043259384137
-1.3721036963659112,-0.9517500580765804,1.5964838557687837,-0.7398941579665655,-0.6542207209531965,-0.46276355877195,0.1501055651555881
-1.3721036963659112,-0.9517500580765804,1.5964838557687837,-0.7398941579665655,-0.6542207209531965,-0.5961729881317535,0.5581043259384137
1.1513930573220963,-0.9517500580765804,-0.7519071313324821,-0.7398941579665655,1.486861971899789,0.12423793041118493,0.5581043259384137
0.7308094238751771,0.46257891405680984,1.2250051137851221,-0.4800467041014978,-0.6542207209531965,-0.19594470005234324,0.5581043259384137
1.1513930573220963,0.10586297166898012,-0.7519071313324821,1.338894827499734,0.6202342824510535,0.33769301738687035,0.5581043259384137
1.1513930573220963,1.1980245463289352,-0.7519071313324821,2.3782877611419244,-0.39933094374817096,1.271559022905494,0.5581043259384137
-0.7412295079439094,-0.9517500580765804,-0.7519071313324821,-0.7398941579665655,-0.6542207209531965,-0.46276355877195,0.5581043259384137
1.1513930573220963,-0.9517500580765804,-0.7519071313324821,-0.7398941579665655,-0.6542207209531965,-0.8629918468513602,0.5581043259384137
1.1513930573220963,-0.9517500580765804,-0.7519071313324821,-0.7398941579665655,1.2922192029820856,-0.46276355877195,-0.6658919564100632
0.31022831392501166,1.427420427218831,1.2446227312003995,1.338894827499734,-0.39933094374817096,0.6045118761064772,0.5581043259384137
1.1513930573220963,-0.5468930369479648,-0.7519071313324821,-0.4800467041014978,2.4044688402653542,0.07087415866726357,0.5581043259384137
0.9411025023470135,0.1558640859983919,-0.7519071313324821,0.29949877567562466,2.0985998841434994,-0.32935412941214665,0.5581043259384137
1.1513930573220963,-0.5712736557142347,-0.22577594563931097,-0.4800467041014978,-0.6542207209531965,-0.9430375044672422,0.5581043259384137
-1.3721036963659112,-0.9517500580765804,1.5964838557687837,-0.7398941579665655,-0.6542207209531965,1.538377881625101,0.5581043259384137
1.1513930573220963,1.427420427218831,-0.7519071313324821,2.3782877611419244,-0.6542207209531965,-0.5694911022597927,0.5581043259384137
-1.3721036963659112,-0.9517500580765804,1.5964838557687837,-0.7398941579665655,-0.6542207209531965,-0.9964012762111636,0.5581043259384137
-1.3721036963659112,-0.9517500580765804,1.5964838557687837,-0.7398941579665655,-0.6542207209531965,-0.4894454446439107,0.5581043259384137
-1.3721036963659112,-0.9517500580765804,1.5964838557687837,-0.7398941579665655,-0.6542207209531965,-0.46276355877195,-2.297891487532222
-1.1618131413908286,1.427420427218831,-0.7519071313324821,-0.4800467041014978,-0.6542207209531965,-0.9964012762111636,0.5581043259384137
-1.1618131413908286,1.427420427218831,1.2916707771058489,-0.4800467041014978,-0.1444381078535842,-0.5961729881317535,0.5581043259384137
1.1513930573220963,0.6097691625169661,-0.7519071313324821,2.3782877611419244,2.4044688402653542,0.6045118761064772,0.5581043259384137
1.1513930573220963,0.4259639358905114,-0.7519071313324821,2.1184403072768565,-0.6542207209531965,0.4711024467466738,0.5581043259384137
-1.3721036963659112,-0.9517500580765804,1.5964838557687837,-0.7398941579665655,-0.04248280870948625,0.33769301738687035,-1.8898927267493963
1.1513930573220963,-0.9517500580765804,-0.7519071313324821,-0.7398941579665655,2.0221326451130355,-0.9964012762111636,0.5581043259384137
-1.3721036963659112,-0.9517500580765804,1.5964838557687837,-0.7398941579665655,-0.3761583116323792,0.33769301738687035,-3.1138890090978726
-1.3721036963659112,-0.9517500580765804,1.5964838557687837,-0.7398941579665655,-0.2718845258008776,-0.9964012762111636,-0.6658919564100632
1.1513930573220963,1.427420427218831,-0.7519071313324821,2.3782877611419244,-0.6542207209531965,1.9386061697045112,0.5581043259384137
-1.3721036963659112,-0.9517500580765804,1.5964838557687837,-0.7398941579665655,-0.6542207209531965,-0.19594470005234324,0.5581043259384137
0.39434403121569384,1.2132151925327153,-0.7519071313324821,1.4428331854093772,-0.6542207209531965,0.07087415866726357,0.5581043259384137
-1.3721036963659112,-0.9517500580765804,1.5964838557687837,-0.7398941579665655,-0.6542207209531965,-0.46276355877195,-1.8898927267493963
-0.9132865636038651,1.427420427218831,-0.7519071313324821,-0.17295255779809812,-0.6542207209531965,2.0720155990643145,-2.705890248315047
1.1513930573220963,0.4565037264306375,-0.7519071313324821,2.3782877611419244,2.149579063060329,0.12423793041118493,0.5581043259384137
-0.9515200629189922,1.427420427218831,-0.7519071313324821,-0.22019613205451086,-0.6542207209531965,0.33769301738687035,-2.705890248315047
-0.7412295079439094,1.427420427218831,-0.7519071313324821,0.039651321810556917,-0.6542207209531965,0.7379213054662805,0.5581043259384137
-0.11035531952190754,1.2188185397055344,-0.7519071313324821,0.5073786096768305,-0.34835176483134134,0.20428358802706698,0.5581043259384137
-0.9515200629189922,-0.9517500580765804,-0.7519071313324821,-0.7398941579665655,2.4044688402653542,-0.5961729881317535,-2.705890248315047
-0.5309389529688268,1.427420427218831,-0.7519071313324821,0.29949877567562466,-0.6542207209531965,-1.1564925914429276,0.5581043259384137
1.1513930573220963,-0.9517500580765804,-0.7519071313324821,-0.7398941579665655,1.6397964499607167,0.33769301738687035,0.5581043259384137
-1.1618131413908286,1.427420427218831,-0.7519071313324821,-0.4800467041014978,-0.6542207209531965,0.33769301738687035,-1.8898927267493963
0.7308094238751771,-0.6021426395103561,-0.7519071313324821,-0.22019613205451086,2.4044688402653542,-0.8629918468513602,0.5581043259384137
-1.3721036963659112,-0.9517500580765804,1.5964838557687837,-0.7398941579665655,-0.6542207209531965,-0.5961729881317535,0.5581043259384137
0.5205188689000944,-0.9517500580765804,1.041508681149144,-0.7398941579665655,-0.6542207209531965,1.1381495935456907,0.5581043259384137
0.09993523545317518,1.427420427218831,-0.7519071313324821,1.079044255452747,1.3849066727556911,0.8713307348260839,0.5581043259384137
0.09993523545317518,-0.736883014905782,0.884658397801171,-0.4800467041014978,-0.3761583116323792,-0.8629918468513602,0.5581043259384137
-1.3721036963659112,-0.9517500580765804,1.5964838557687837,-0.7398941579665655,-0.39933094374817096,-0.8629918468513602,-1.481889477975714
-1.1618131413908286,1.427420427218831,1.1053598990772144,-0.4800467041014978,-0.6542207209531965,-0.9964012762111636,0.5581043259384137
-1.3721036963659112,-0.9517500580765804,1.5964838557687837,-0.7398941579665655,0.21968970834080065,-0.9430375044672422,0.1501055651555881
-0.9515200629189922,-0.9517500580765804,-0.7519071313324821,-0.7398941579665655,-0.6542207209531965,-0.4894454446439107,0.5581043259384137
-1.1618131413908286,1.427420427218831,0.156773197689498,-0.4800467041014978,-0.6542207209531965,0.07087415866726357,0.5581043259384137
-0.5309389529688268,1.427420427218831,-0.7519071313324821,0.29949877567562466,-0.6542207209531965,-0.46276355877195,0.5581043259384137
1.1513930573220963,0.5938988245110158,-0.7519071313324821,1.079044255452747,0.6202342824510535,0.33769301738687035,0.5581043259384137
-1.3721036963659112,-0.9517500580765804,1.5964838557687837,-0.7398941579665655,-0.09809590231156196,-0.46276355877195,0.5581043259384137
-1.3721036963659112,-0.9517500580765804,1.5964838557687837,-0.7398941579665655,-0.3761583116323792,-0.19594470005234324,-1.8898927267493963
-0.7412295079439094,-0.9517500580765804,-0.7519071313324821,-0.7398941579665655,0.11045166935144125,-0.19594470005234324,-2.705890248315047
1.1513930573220963,0.31710922544630094,0.4035636268930358,1.338894827499734,-0.39933094374817096,-0.5961729881317535,0.5581043259384137
-0.11035531952190754,-0.9517500580765804,-0.7519071313324821,-0.7398941579665655,2.4044688402653542,-0.46276355877195,-1.6858911023625551
0.9411025023470135,1.427420427218831,-0.7519071313324821,2.1184403072768565,-0.6542207209531965,0.33769301738687035,0.5581043259384137
0.5205188689000944,-0.9517500580765804,-0.7519071313324821,-0.7398941579665655,1.7927309280216444,1.8051967403447078,0.5581043259384137
-0.11035531952190754,0.7917980449449522,-0.7519071313324821,0.29949877567562466,-0.6542207209531965,-0.9430375044672422,0.5581043259384137
-0.3206458744969902,-0.21352403350624505,0.734422997343111,-0.4800467041014978,-0.6542207209531965,-0.7295824174915568,0.5581043259384137
0.9411025023470135,-0.9517500580765804,-0.7519071313324821,-0.7398941579665655,1.486861971899789,-0.8629918468513602,0.5581043259384137
-0.9515200629189922,-0.9517500580765804,-0.7519071313324821,-0.7398941579665655,-0.39933094374817096,0.6045118761064772,0.5581043259384137
-0.11035531952190754,-0.9517500580765804,-0.7519071313324821,-0.7398941579665655,-0.314366665116642,-0.19594470005234324,-0.25789319562723756
1.1513930573220963,1.427420427218831,-0.7519071313324821,2.3782877611419244,-0.1444381078535842,-0.9430375044672422,0.5581043259384137
-1.0116045206243036,1.427420427218831,0.8194784922866137,-0.29444004354848397,-0.6542207209531965,-0.5961729881317535,-0.08303658386316934
-1.3721036963659112,-0.9517500580765804,1.5964838557687837,-0.7398941579665655,-0.39933094374817096,0.4711024467466738,0.5581043259384137
1.1513930573220963,-0.9517500580765804,-0.7519071313324821,-0.7398941579665655,2.4044688402653542,-0.8629918468513602,0.5581043259384137
0.09993523545317518,-0.9517500580765804,0.6394979581910922,-0.7398941579665655,0.45802891633007253,0.33769301738687035,0.5581043259384137
0.31022831392501166,0.9754021766735002,-0.7519071313324821,0.5593493477226117,1.180993015777934,0.7379213054662805,-0.6658919564100632
1.1513930573220963,-0.9517500580765804,-0.7519071313324821,-0.7398941579665655,-0.3761583116323792,-0.8629918468513602,-0.25789319562723756
0.9411025023470135,0.9242742002480908,-0.7519071313324821,2.1184403072768565,-0.6542207209531965,0.9246945065700053,0.5581043259384137
0.7308094238751771,0.6795741673241085,-0.7519071313324821,1.338894827499734,-0.39933094374817096,0.33769301738687035,0.5581043259384137
-0.11035531952190754,1.427420427218831,-0.7519071313324821,0.8191968015876794,-0.6542207209531965,-0.19594470005234324,-0.18989564615886145
-1.3721036963659112,-0.9517500580765804,1.5964838557687837,-0.7398941579665655,-0.2718845258008776,-0.46276355877195,-1.0738907171928882
0.9411025023470135,-0.9517500580765804,-0.7519071313324821,-0.7398941579665655,2.4044688402653542,-0.5961729881317535,0.5581043259384137
0.09993523545317518,1.427420427218831,-0.7519071313324821,1.079044255452747,0.21968970834080065,-0.7829461892354782,-0.25789319562723756
-1.3721036963659112,-0.9517500580765804,1.5964838557687837,-0.7398941579665655,-0.6542207209531965,-0.9430375044672422,0.5581043259384137
1.1513930573220963,0.8585201736170512,-0.7519071313324821,2.3782877611419244,1.1300138368611043,-0.19594470005234324,0.5581043259384137
0.7908938815804886,-0.9517500580765804,-0.7519071313324821,-0.7398941579665655,-0.6542207209531965,-0.8629918468513602,-1.3653184034663355
0.09993523545317518,0.16058938959400143,-0.7519071313324821,-0.4800467041014978,-0.34835176483134134,-0.9964012762111636,-1.8898927267493963
1.1513930573220963,0.03172945143930986,-0.7519071313324821,0.039651321810556917,2.4044688402653542,0.6045118761064772,0.5581043259384137
1.1513930573220963,-0.9517500580765804,-0.7519071313324821,-0.7398941579665655,2.4044688402653542,0.33769301738687035,0.5581043259384137
-1.3721036963659112,-0.9517500580765804,1.5964838557687837,-0.7398941579665655,-0.39933094374817096,-0.8629918468513602,0.5581043259384137
-0.9515200629189922,-0.9517500580765804,-0.7519071313324821,-0.7398941579665655,0.875124059656079,-0.7295824174915568,-3.1138890090978726
1.1513930573220963,0.7266351246517309,-0.7519071313324821,2.3782877611419244,1.6397964499607167,0.7379213054662805,0.5581043259384137
1.1513930573220963,0.2521602028444787,0.30471866536258213,2.1184403072768565,0.17996650700925526,-0.5961729881317535,0.5581043259384137
-1.1618131413908286,1.427420427218831,1.130165274436451,-0.4800467041014978,-0.6542207209531965,-0.7829461892354782,0.5581043259384137
-0.3206458744969902,-0.6378208298352329,-0.7519071313324821,-0.4800467041014978,0.45802891633007253,0.6045118761064772,-1.481889477975714
0.7308094238751771,-0.9517500580765804,-0.7519071313324821,-0.7398941579665655,2.126406430944537,-0.22262658592430393,0.5581043259384137
-1.3721036963659112,-0.9517500580765804,1.5964838557687837,-0.7398941579665655,-0.6542207209531965,-0.5961729881317535,0.5581043259384137
-0.3206458744969902,-0.9517500580765804,-0.7519071313324821,-0.7398941579665655,-0.6542207209531965,-0.8629918468513602,0.1501055651555881
-1.1618131413908286,1.427420427218831,1.396288313320827,-0.4800467041014978,-0.6542207209531965,0.4711024467466738,-0.25789319562723756
-1.3721036963659112,-0.9517500580765804,1.5964838557687837,-0.7398941579665655,-0.6542207209531965,-0.19594470005234324,0.5581043259384137
0.31022831392501166,1.427420427218831,-0.7519071313324821,1.338894827499734,1.180993015777934,0.33769301738687035,0.5581043259384137
1.1513930573220963,-0.9517500580765804,-0.7519071313324821,-0.7398941579665655,1.6397964499607167,-0.19594470005234324,0.5581043259384137
1.1513930573220963,-0.9517500580765804,-0.7519071313324821,-0.7398941579665655,0.875124059656079,0.7379213054662805,0.5581043259384137
-0.11035531952190754,-0.7290313351963839,-0.7519071313324821,-0.4800467041014978,0.17996650700925526,-0.9964012762111636,-1.481889477975714
-1.3721036963659112,-0.9517500580765804,1.5964838557687837,-0.7398941579665655,-0.6542207209531965,-0.8629918468513602,0.5581043259384137
1.1513930573220963,0.07503138454871405,-0.7519071313324821,1.338894827499734,-0.6542207209531965,0.4711024467466738,0.5581043259384137
-0.5309389529688268,-0.9517500580765804,-0.7519071313324821,-0.7398941579665655,-0.6542207209531965,-0.46276355877195,-2.297891487532222
1.1513930573220963,-0.40463016636839905,-0.7519071313324821,-0.22019613205451086,-0.39933094374817096,-0.06253527069253983,0.5581043259384137
0.09993523545317518,1.405712796980867,-0.7519071313324821,1.079044255452747,-0.6542207209531965,-0.06253527069253983,-0.25789319562723756
-1.3721036963659112,-0.9517500580765804,1.5964838557687837,-0.7398941579665655,-0.3761583116323792,1.9386061697045112,0.5581043259384137
-0.7412295079439094,1.427420427218831,-0.7519071313324821,0.039651321810556917,-0.6542207209531965,-0.5961729881317535,0.5581043259384137
-0.3206458744969902,0.5576866963325955,-0.7519071313324821,-0.4800467041014978,-0.1444381078535842,0.33769301738687035,0.1501055651555881
1.1513930573220963,-0.9517500580765804,1.0563537818081141,-0.7398941579665655,-0.09809590231156196,-0.5961729881317535,0.1501055651555881
-1.1618131413908286,-0.9517500580765804,1.505290120234041,-0.7398941579665655,-0.6542207209531965,-0.889673732723321,0.5581043259384137
-1.3721036963659112,-0.9517500580765804,1.5964838557687837,-0.7398941579665655,-0.6542207209531965,-0.8629918468513602,0.5581043259384137
0.09993523545317518,-0.9517500580765804,-0.7519071313324821,-0.7398941579665655,0.45802891633007253,0.7379213054662805,-0.6658919564100632
0.5205188689000944,0.9640514326850997,-0.7519071313324821,0.8191968015876794,0.025487390719912358,0.33769301738687035,0.1501055651555881
-0.5309389529688268,-0.9517500580765804,1.1326111189456252,-0.7398941579665655,-0.39933094374817096,-0.9964012762111636,0.5581043259384137
0.9411025023470135,1.427420427218831,-0.7519071313324821,2.1184403072768565,2.4044688402653542,0.7379213054662805,0.5581043259384137
-1.1618131413908286,-0.9517500580765804,1.4923006179841884,-0.7398941579665655,-0.6542207209531965,1.9386061697045112,0.5581043259384137
1.1513930573220963,-0.9517500580765804,-0.7519071313324821,-0.7398941579665655,-0.6542207209531965,-0.9430375044672422,0.5581043259384137
0.5205188689000944,-0.9517500580765804,-0.7519071313324821,-0.7398941579665655,-0.6542207209531965,-0.9964012762111636,0.5581043259384137
-0.3206458744969902,-0.9517500580765804,-0.7519071313324821,-0.7398941579665655,-0.6542207209531965,-0.7295824174915568,0.1501055651555881
-0.9515200629189922,-0.9517500580765804,1.5638405443503576,-0.7398941579665655,-0.1444381078535842,1.1381495935456907,0.5581043259384137
0.9411025023470135,0.5745840760421425,-0.7519071313324821,1.338894827499734,0.3653414465564667,-0.32935412941214665,0.5581043259384137
-1.1618131413908286,1.427420427218831,-0.7519071313324821,-0.4800467041014978,-0.314366665116642,0.7379213054662805,0.1501055651555881
0.8990433819532956,-0.9517500580765804,-0.7519071313324821,-0.7398941579665655,1.486861971899789,1.4049684522652977,0.10930524027822004
1.1513930573220963,-0.9517500580765804,-0.7519071313324821,-0.7398941579665655,-0.6542207209531965,0.7379213054662805,-2.297891487532222
-0.3206458744969902,0.4828641859759072,-0.7519071313324821,0.039651321810556917,-0.6542207209531965,-0.19594470005234324,0.5581043259384137
0.31022831392501166,-0.9517500580765804,-0.7519071313324821,-0.7398941579665655,-0.6542207209531965,0.20428358802706698,0.5581043259384137
1.1513930573220963,0.2834519953344134,0.2550707134262555,1.8585897352298697,0.17996650700925526,-0.9964012762111636,0.5581043259384137
-1.3721036963659112,-0.9517500580765804,1.5964838557687837,-0.7398941579665655,-0.6542207209531965,-0.9430375044672422,-0.7241774936647524
-1.3721036963659112,-0.9517500580765804,1.5964838557687837,-0.7398941579665655,-0.3761583116323792,1.9386061697045112,0.5581043259384137
-1.3721036963659112,-0.9517500580765804,1.5964838557687837,-0.7398941579665655,-0.6542207209531965,-0.9430375044672422,0.5581043259384137
1.1513930573220963,-0.5863309874100862,-0.7519071313324821,-0.4800467041014978,2.149579063060329,-0.32935412941214665,0.5581043259384137
-1.1618131413908286,1.427420427218831,-0.7519071313324821,-0.4800467041014978,-0.6542207209531965,-0.9430375044672422,0.5581043259384137
-0.5309389529688268,-0.4759159610174981,-0.7519071313324821,-0.4800467041014978,-0.3761583116323792,-0.7829461892354782,0.5581043259384137
-1.3721036963659112,-0.9517500580765804,1.5964838557687837,-0.7398941579665655,-0.6542207209531965,0.8713307348260839,0.5581043259384137
-1.1618131413908286,1.427420427218831,-0.7519071313324821,-0.4800467041014978,-0.6542207209531965,1.9386061697045112,-1.0738907171928882
1.1513930573220963,0.6553494980396567,-0.7099373239440923,2.3782877611419244,-0.39933094374817096,-0.06253527069253983,0.5581043259384137
-0.5309389529688268,-0.9517500580765804,-0.7519071313324821,-0.7398941579665655,2.4044688402653542,0.4711024467466738,-2.705890248315047
-0.5309389529688268,1.2991818551054843,0.7771811924440206,0.29949877567562466,-0.6542207209531965,-0.9430375044672422,0.5581043259384137
-0.7412295079439094,1.427420427218831,-0.7519071313324821,0.039651321810556917,-0.6542207209531965,-0.32935412941214665,0.5581043259384137
1.1513930573220963,-0.9517500580765804,0.9370876436032971,-0.7398941579665655,-0.314366665116642,-0.5961729881317535,0.5581043259384137
1.1513930573220963,-0.39178599843214884,-0.7519071313324821,1.5987422813648018,-0.6542207209531965,0.4711024467466738,0.5581043259384137
0.09993523545317518,1.427420427218831,0.48619033372838744,1.079044255452747,-0.6542207209531965,1.4049684522652977,0.5581043259384137
0.7308094238751771,0.19880037469825557,-0.7519071313324821,0.29949877567562466,-0.6542207209531965,-0.9964012762111636,0.5581043259384137
-0.11035531952190754,-0.9517500580765804,-0.7519071313324821,-0.7398941579665655,-0.6542207209531965,-0.9964012762111636,0.5581043259384137
1.1513930573220963,-0.9517500580765804,-0.7519071313324821,-0.7398941579665655,-0.6542207209531965,0.6045118761064772,-0.25789319562723756
-0.7412295079439094,1.427420427218831,1.4142171139535222,0.039651321810556917,-0.6542207209531965,0.33769301738687035,0.5581043259384137
1.1513930573220963,-0.9517500580765804,-0.7519071313324821,-0.7398941579665655,0.45802891633007253,0.07087415866726357,0.5581043259384137
0.5205188689000944,-0.9517500580765804,-0.7519071313324821,-0.7398941579665655,1.9675136256183559,-0.9964012762111636,-0.25789319562723756
-1.3721036963659112,-0.9517500580765804,1.5964838557687837,-0.7398941579665655,-0.6542207209531965,-0.6495367598756748,0.5581043259384137
-1.3721036963659112,-0.9517500580765804,1.5964838557687837,-0.7398941579665655,-0.6542207209531965,0.4711024467466738,0.5581043259384137
-1.1618131413908286,1.427420427218831,-0.7519071313324821,-0.4800467041014978,-0.6542207209531965,-0.7829461892354782,-2.705890248315047
-0.5309389529688268,-8.186395841586056e-05,-0.2617918949780493,-0.4800467041014978,-0.6542207209531965,-0.2759903576682253,-1.481889477975714
1.1513930573220963,-0.9517500580765804,-0.7519071313324821,-0.7398941579665655,-0.6542207209531965,0.12423793041118493,0.5581043259384137
-0.11035531952190754,-0.6679656150113353,-0.7519071313324821,-0.22019613205451086,-0.6542207209531965,0.4711024467466738,0.1501055651555881
-1.3721036963659112,-0.9517500580765804,1.5964838557687837,-0.7398941579665655,-0.6542207209531965,-0.7295824174915568,-3.5218877698806983
-1.3721036963659112,-0.9517500580765804,1.5964838557687837,-0.7398941579665655,-0.6542207209531965,-0.46276355877195,-0.6658919564100632
-1.3721036963659112,-0.9517500580765804,1.5964838557687837,-0.7398941579665655,-0.6542207209531965,0.20428358802706698,0.5581043259384137
1.1513930573220963,0.9542128481842206,-0.7519071313324821,2.3782877611419244,1.1300138368611043,0.7379213054662805,0.5581043259384137
0.5205188689000944,-0.9517500580765804,-0.7519071313324821,-0.7398941579665655,-0.1444381078535842,0.7379213054662805,0.5581043259384137
1.1513930573220963,-0.9517500580765804,-0.7519071313324821,-0.7398941579665655,-0.39933094374817096,-0.5428092163878321,0.5581043259384137
1.1513930573220963,0.03224736490740922,0.12243734230494067,0.29949877567562466,-0.6542207209531965,0.07087415866726357,0.5581043259384137
-0.22506086446079598,-0.9517500580765804,-0.7519071313324821,-0.7398941579665655,-0.6542207209531965,-0.7295824174915568,-1.481889477975714
0.5205188689000944,-0.9517500580765804,-0.7519071313324821,-0.7398941579665655,1.3849066727556911,-0.9430375044672422,-0.25789319562723756
-1.3721036963659112,-0.9517500580765804,1.5964838557687837,-0.7398941579665655,-0.6542207209531965,0.4711024467466738,-0.6658919564100632
1.1513930573220963,-0.11444945421704938,-0.673582373859597,0.8191968015876794,-0.6542207209531965,-0.06253527069253983,0.5581043259384137
1.1513930573220963,-0.2517200333154984,-0.43794923203621244,0.29949877567562466,-0.6542207209531965,0.4711024467466738,0.5581043259384137
0.31022831392501166,-0.9517500580765804,-0.7519071313324821,-0.7398941579665655,0.7360913256508896,0.07087415866726357,-0.6658919564100632
-0.3206458744969902,-0.9517500580765804,1.4666263972933167,-0.7398941579665655,-0.6542207209531965,1.6717873109849044,0.5581043259384137
-1.1618131413908286,1.427420427218831,-0.7519071313324821,-0.4800467041014978,2.4044688402653542,0.8713307348260839,-2.297891487532222
-1.3721036963659112,-0.9517500580765804,1.5964838557687837,-0.7398941579665655,-0.6542207209531965,-0.5961729881317535,0.5581043259384137
1.1513930573220963,-0.4641141878346738,0.9096471881407601,-0.4800467041014978,-0.6542207209531965,1.0047401641858873,0.5581043259384137
-1.3721036963659112,-0.9517500580765804,1.5964838557687837,-0.7398941579665655,-0.6542207209531965,1.4049684522652977,0.5581043259384137
1.1513930573220963,0.85079348296185,-0.7519071313324821,2.3782877611419244,1.1300138368611043,0.07087415866726357,0.5581043259384137
-1.3721036963659112,-0.9517500580765804,1.5964838557687837,-0.7398941579665655,-0.6542207209531965,0.07087415866726357,0.5581043259384137
-0.5309389529688268,0.9680514903909551,-0.7519071313324821,0.039651321810556917,-0.6542207209531965,-0.19594470005234324,-1.0738907171928882
0.9411025023470135,1.1533672388484815,-0.663976212864723,1.338894827499734,-0.1444381078535842,0.4711024467466738,0.5581043259384137
1.1513930573220963,-0.32528705590338797,-0.03787166159448868,0.5593493477226117,-0.6542207209531965,1.0047401641858873,0.5581043259384137
1.1513930573220963,-0.9517500580765804,-0.7519071313324821,-0.7398941579665655,-0.34835176483134134,-0.7295824174915568,-0.6658919564100632
0.5205188689000944,1.1223492117676297,-0.7519071313324821,0.039651321810556917,0.4927878645037601,0.33769301738687035,0.5581043259384137
-1.3721036963659112,-0.9517500580765804,1.5964838557687837,-0.7398941579665655,-0.39933094374817096,-0.46276355877195,0.5581043259384137
1.1513930573220963,-0.3809243023330847,-0.7519071313324821,0.29949877567562466,-0.6542207209531965,0.25764735977098835,0.5581043259384137
-1.3721036963659112,-0.9517500580765804,1.5964838557687837,-0.7398941579665655,-0.6542207209531965,1.1381495935456907,0.5581043259384137
-1.3721036963659112,-0.9517500580765804,1.5964838557687837,-0.7398941579665655,-0.6542207209531965,1.8051967403447078,0.5581043259384137
1.1513930573220963,-0.9517500580765804,-0.7519071313324821,-0.7398941579665655,-0.6542207209531965,2.739062745863331,0.5581043259384137
1.1513930573220963,0.8536493107456133,-0.7519071313324821,2.3782877611419244,2.4044688402653542,0.33769301738687035,0.5581043259384137
-1.1618131413908286,1.427420427218831,-0.7519071313324821,-0.4800467041014978,-0.6542207209531965,0.6045118761064772,0.1501055651555881
0.7308094238751771,-0.9517500580765804,-0.7519071313324821,-0.7398941579665655,-0.6542207209531965,-0.9964012762111636,-0.18989564615886145
-0.3206458744969902,0.6406534879623947,1.2792931504632505,-0.4800467041014978,-0.6542207209531965,0.4711024467466738,0.5581043259384137
-1.3721036963659112,-0.9517500580765804,1.5964838557687837,-0.7398941579665655,-0.6542207209531965,-0.7295824174915568,0.5581043259384137
0.9411025023470135,-0.6902102792322448,-0.7519071313324821,0.29949877567562466,1.7247607285922455,-0.5161273305158713,0.5581043259384137
-1.1618131413908286,1.427420427218831,1.399869852384745,-0.4800467041014978,-0.6542207209531965,-0.7295824174915568,0.5581043259384137
1.1513930573220963,-0.9517500580765804,-0.7519071313324821,-0.7398941579665655,2.4044688402653542,0.25764735977098835,0.5581043259384137
1.1513930573220963,-0.3901620935885693,0.7693502254326546,0.8191968015876794,-0.6542207209531965,0.7379213054662805,0.5581043259384137
1.1513930573220963,-0.9517500580765804,-0.7519071313324821,-0.7398941579665655,2.4044688402653542,-0.8629918468513602,0.5581043259384137
1.1513930573220963,1.427420427218831,-0.7519071313324821,2.3782877611419244,-0.6542207209531965,-1.1031288196990063,0.5581043259384137
-0.5309389529688268,-0.9517500580765804,-0.7519071313324821,-0.7398941579665655,0.5692551035342239,0.20428358802706698,-1.481889477975714
1.1513930573220963,-0.21025868531354006,-0.7519071313324821,1.338894827499734,-0.6542207209531965,1.3516046805213762,0.5581043259384137
1.1513930573220963,-0.16167335767880475,-0.7519071313324821,0.5593493477226117,-0.1444381078535842,-0.46276355877195,0.5581043259384137
0.09993523545317518,-0.257530171682428,-0.7519071313324821,0.5593493477226117,-0.04248280870948625,-0.19594470005234324,-0.25789319562723756
-1.3721036963659112,-0.9517500580765804,1.5964838557687837,-0.7398941579665655,-0.6542207209531965,0.07087415866726357,0.5581043259384137
1.1513930573220963,-0.24795067041423904,-0.26727575751051064,0.29949877567562466,0.3653414465564667,0.6045118761064772,0.5581043259384137
-1.1618131413908286,1.427420427218831,-0.7519071313324821,-0.4800467041014978,-0.6542207209531965,0.6045118761064772,-2.705890248315047
0.23375879179800402,0.0704081266637386,-0.7519071313324821,-0.4564233578823318,0.025487390719912358,-0.7029005316195962,-0.25789319562723756
1.1513930573220963,-0.9517500580765804,-0.7519071313324821,-0.7398941579665655,1.1300138368611043,-0.9964012762111636,0.5581043259384137
0.7308094238751771,0.7979505784786308,-0.7519071313324821,1.338894827499734,2.0646147844288,0.07087415866726357,0.5581043259384137
-1.1618131413908286,-0.9517500580765804,-0.7519071313324821,-0.7398941579665655,-0.6542207209531965,-0.19594470005234324,-2.297891487532222
1.1513930573220963,-0.9517500580765804,-0.7519071313324821,-0.7398941579665655,-0.6542207209531965,0.7379213054662805,-2.297891487532222
-0.3206458744969902,-0.9517500580765804,-0.7519071313324821,-0.7398941579665655,-0.6542207209531965,-0.9964012762111636,-1.0738907171928882
-0.3206458744969902,-0.9517500580765804,-0.7519071313324821,-0.7398941579665655,0.21968970834080065,-0.8629918468513602,-1.481889477975714
-0.9515200629189922,1.427420427218831,1.2658100772436156,-0.22019613205451086,-0.6542207209531965,-0.46276355877195,0.5581043259384137
-0.3206458744969902,-0.9517500580765804,-0.7519071313324821,-0.7398941579665655,0.7360913256508896,0.07087415866726357,-1.481889477975714
0.9411025023470135,1.427420427218831,-0.7519071313324821,2.1184403072768565,0.3653414465564667,1.4049684522652977,0.5581043259384137
-0.11035531952190754,-0.9517500580765804,-0.7519071313324821,-0.7398941579665655,2.4044688402653542,-0.46276355877195,-0.6658919564100632
-1.3721036963659112,-0.9517500580765804,1.5964838557687837,-0.7398941579665655,-0.6542207209531965,0.20428358802706698,-1.0738907171928882
-0.11035531952190754,0.8853720356167385,-0.7519071313324821,-0.22019613205451086,-0.6542207209531965,0.33769301738687035,-1.0738907171928882
1.1513930573220963,0.27816514777497264,0.023832063447735193,2.3782877611419244,-0.6542207209531965,0.3910567891307917,0.5581043259384137
-1.3721036963659112,-0.9517500580765804,1.5964838557687837,-0.7398941579665655,-0.39933094374817096,-0.6762186457476355,0.5581043259384137
-0.5309389529688268,-0.9517500580765804,-0.7519071313324821,-0.7398941579665655,-0.6542207209531965,-1.0764469338270457,-2.297891487532222
-0.11035531952190754,-0.9517500580765804,-0.7519071313324821,-0.7398941579665655,2.4044688402653542,-0.8629918468513602,-1.6858911023625551
-1.3721036963659112,-0.9517500580765804,1.5964838557687837,-0.7398941579665655,-0.39933094374817096,-1.1831744773148885,0.5581043259384137
-1.3721036963659112,-0.9517500580765804,1.5964838557687837,-0.7398941579665655,0.26338614741236877,1.6717873109849044,0.5581043259384137
0.31022831392501166,1.427420427218831,-0.7519071313324821,1.338894827499734,-0.6542207209531965,-0.7295824174915568,-0.4392259781973822
-0.8113272007678548,1.427420427218831,-0.7519071313324821,-0.046965535538438706,-0.6542207209531965,-0.5961729881317535,-1.4365562823331777
1.1513930573220963,-0.6888359446046292,-0.7519071313324821,-0.4800467041014978,0.875124059656079,-0.46276355877195,0.5581043259384137
-1.1618131413908286,-0.9517500580765804,-0.7519071313324821,-0.7398941579665655,-0.6542207209531965,-0.4894454446439107,-3.1138890090978726
-0.11035531952190754,1.427420427218831,-0.7519071313324821,0.8191968015876794,-0.6542207209531965,-0.8629918468513602,0.5581043259384137
-0.7412295079439094,1.2946482298996393,-0.059175440637751237,-0.22019613205451086,-0.39933094374817096,-0.32935412941214665,0.5581043259384137
-1.3721036963659112,-0.9517500580765804,1.5964838557687837,-0.7398941579665655,-0.6542207209531965,-0.9430375044672422,0.5581043259384137
0.7308094238751771,-0.9517500580765804,1.3850545495332764,-0.7398941579665655,-0.39933094374817096,0.6045118761064772,0.5581043259384137
-0.7412295079439094,1.0539856912764454,0.6246354577184041,-0.22019613205451086,-0.6542207209531965,-0.9430375044672422,0.5581043259384137
0.7308094238751771,-0.9517500580765804,-0.7519071313324821,-0.7398941579665655,2.4044688402653542,-0.19594470005234324,0.1501055651555881
-1.3721036963659112,-0.9517500580765804,1.5964838557687837,-0.7398941579665655,-0.6542207209531965,-0.8629918468513602,0.5581043259384137
0.7308094238751771,-0.46398666195814436,-0.7519071313324821,-0.4800467041014978,-0.6542207209531965,-0.5961729881317535,0.5581043259384137
1.1513930573220963,-0.9517500580765804,1.0256674998007518,-0.7398941579665655,-0.6542207209531965,-0.32935412941214665,0.5581043259384137
1.1513930573220963,0.43617442621251773,-0.7519071313324821,2.3782877611419244,0.6202342824510535,1.1381495935456907,0.5581043259384137
-0.9515200629189922,1.427420427218831,1.1695121560358988,-0.22019613205451086,-0.6542207209531965,-0.5961729881317535,-1.6858911023625551
-1.3721036963659112,-0.9517500580765804,1.5964838557687837,-0.7398941579665655,-0.6542207209531965,-0.46276355877195,0.5581043259384137
1.1513930573220963,0.7549841810883033,-0.7519071313324821,2.3782877611419244,-0.6542207209531965,0.4711024467466738,0.5581043259384137
0.5205188689000944,1.2751097403019596,-0.7519071313324821,1.338894827499734,-0.6542207209531965,0.6045118761064772,-0.25789319562723756
0.8359559631110953,0.1244129257055692,-0.7519071313324821,1.988515021253363,2.4044688402653542,0.8713307348260839,-0.00289453113682849
-1.3721036963659112,-0.9517500580765804,1.5964838557687837,-0.7398941579665655,-0.6542207209531965,0.6045118761064772,0.5581043259384137
-0.11035531952190754,0.7785557494109915,-0.7519071313324821,-0.4800467041014978,-0.04248280870948625,-0.46276355877195,-1.0738907171928882
1.1513930573220963,-0.9517500580765804,-0.7519071313324821,-0.7398941579665655,-0.09809590231156196,-0.46276355877195,0.1501055651555881
1.1513930573220963,0.6426307585770831,-0.7519071313324821,-0.4800467041014978,-0.6542207209531965,-0.19594470005234324,0.5581043259384137
-0.7412295079439094,1.427420427218831,1.5247495661908488,0.039651321810556917,-0.1444381078535842,-0.19594470005234324,0.5581043259384137
-1.3721036963659112,-0.9517500580765804,1.5964838557687837,-0.7398941579665655,-0.6542207209531965,-0.06253527069253983,0.5581043259384137
0.9411025023470135,0.5627895915791857,-0.05945805637485142,0.29949877567562466,-0.6542207209531965,0.4711024467466738,-1.481889477975714
-1.3721036963659112,-0.9517500580765804,1.5964838557687837,-0.7398941579665655,-0.6542207209531965,-0.7295824174915568,0.5581043259384137
0.69257592456005,-0.36410990336607807,-0.7519071313324821,-0.17295255779809812,-0.6542207209531965,-0.9430375044672422,0.5581043259384137
-0.11035531952190754,-0.9517500580765804,1.4264436114307815,-0.7398941579665655,-0.39933094374817096,-0.7295824174915568,0.5581043259384137
0.31022831392501166,-0.9517500580765804,-0.7519071313324821,-0.7398941579665655,-0.6542207209531965,-0.8629918468513602,0.5581043259384137
1.1513930573220963,-0.36213499403385274,1.2134356307066734,-0.4800467041014978,-0.6542207209531965,0.8713307348260839,0.5581043259384137
1.1513930573220963,-0.9517500580765804,-0.7519071313324821,-0.7398941579665655,-0.39933094374817096,-0.32935412941214665,0.5581043259384137
1.1513930573220963,1.2234171537901288,-0.6340368645111815,2.3782877611419244,-0.6542207209531965,0.6045118761064772,0.5581043259384137
1.1513930573220963,1.427420427218831,-0.6032969759276597,2.3782877611419244,-0.6542207209531965,-0.46276355877195,0.5581043259384137
1.1513930573220963,-0.9517500580765804,-0.7519071313324821,-0.7398941579665655,0.3653414465564667,-0.5961729881317535,0.5581043259384137
0.5205188689000944,0.6337908394995436,-0.7519071313324821,0.5593493477226117,2.0221326451130355,-0.14258092830842187,-0.25789319562723756
1.1513930573220963,1.427420427218831,0.8411316961763944,2.3782877611419244,-0.6542207209531965,-0.8629918468513602,0.5581043259384137
1.1513930573220963,1.245993661697998,-0.7519071313324821,2.3782877611419244,0.5692551035342239,-0.5961729881317535,0.5581043259384137
1.1513930573220963,1.3229950505638424,-0.7519071313324821,2.1184403072768565,2.4044688402653542,0.8713307348260839,0.5581043259384137
0.31022831392501166,1.427420427218831,-0.7519071313324821,1.338894827499734,-0.04248280870948625,-1.129810705570967,-0.25789319562723756
-1.3721036963659112,-0.9517500580765804,1.5964838557687837,-0.7398941579665655,-0.6542207209531965,0.07087415866726357,0.5581043259384137
-1.1618131413908286,1.427420427218831,-0.42367556569014353,-0.4800467041014978,-0.3761583116323792,-0.7829461892354782,0.5581043259384137
1.1513930573220963,0.6415282020880492,-0.7519071313324821,1.8585897352298697,-0.6542207209531965,1.4049684522652977,0.5581043259384137
-1.3721036963659112,-0.9517500580765804,1.5964838557687837,-0.7398941579665655,-0.6542207209531965,1.0047401641858873,0.5581043259384137
-1.3721036963659112,-0.9517500580765804,1.5964838557687837,-0.7398941579665655,-0.6542207209531965,-0.9430375044672422,0.5581043259384137
0.09993523545317518,0.601147424060044,-0.7519071313324821,0.29949877567562466,-0.6542207209531965,-0.06253527069253983,0.5581043259384137
0.5205188689000944,-0.24040223683526238,-0.7519071313324821,-0.4800467041014978,1.5702816123029024,0.25764735977098835,-0.25789319562723756
-1.3721036963659112,-0.9517500580765804,1.5964838557687837,-0.7398941579665655,-0.34835176483134134,0.8713307348260839,0.5581043259384137
0.09993523545317518,-0.9517500580765804,-0.7519071313324821,-0.7398941579665655,2.4044688402653542,0.19094264509108663,0.5581043259384137
-0.3206458744969902,1.032340638893455,-0.7519071313324821,0.5593493477226117,-0.6542207209531965,-0.5961729881317535,-0.6658919564100632
-1.1618131413908286,1.427420427218831,-0.7519071313324821,-0.4800467041014978,-0.6542207209531965,-0.9964012762111636,-1.0738907171928882
1.1513930573220963,1.427420427218831,-0.7519071313324821,2.3782877611419244,-0.6542207209531965,1.1381495935456907,0.5581043259384137
-1.3721036963659112,-0.9517500580765804,1.5964838557687837,-0.7398941579665655,-0.39933094374817096,-0.46276355877195,0.5581043259384137
-0.7412295079439094,-0.07678725574245068,-0.7519071313324821,-0.4800467041014978,-0.6542207209531965,-0.46276355877195,-0.6658919564100632
0.09993523545317518,-0.9517500580765804,-0.7519071313324821,-0.7398941579665655,-0.6542207209531965,-0.8629918468513602,0.5581043259384137
0.7308094238751771,0.8525179771546824,-0.7519071313324821,0.8191968015876794,0.3653414465564667,-0.19594470005234324,0.5581043259384137
-1.3721036963659112,-0.9517500580765804,1.5964838557687837,-0.7398941579665655,0.875124059656079,0.8713307348260839,-2.297891487532222
-1.3721036963659112,-0.9517500580765804,1.5964838557687837,-0.7398941579665655,-0.6542207209531965,-0.5961729881317535,0.5581043259384137
-0.5309389529688268,1.427420427218831,0.5236889881231386,0.29949877567562466,-0.6542207209531965,1.1381495935456907,0.5581043259384137
-1.3721036963659112,-0.9517500580765804,1.5964838557687837,-0.7398941579665655,-0.6542207209531965,0.07087415866726357,0.5581043259384137
-0.9515200629189922,-0.14306401052120019,1.4540460277353453,-0.4800467041014978,-0.6542207209531965,-0.5961729881317535,0.5581043259384137
-0.7412295079439094,-0.19563012302379212,-0.7519071313324821,-0.4800467041014978,-0.6542207209531965,-1.049765047955085,0.5581043259384137
-1.3721036963659112,-0.9517500580765804,1.5964838557687837,-0.7398941579665655,-0.6542207209531965,0.33769301738687035,0.5581043259384137
1.1513930573220963,-0.6499962692429261,-0.7519071313324821,-0.22019613205451086,-0.39933094374817096,0.07087415866726357,0.5581043259384137
-1.3721036963659112,-0.9517500580765804,1.5964838557687837,-0.7398941579665655,-0.34835176483134134,-0.32935412941214665,0.1501055651555881
0.9411025023470135,1.427420427218831,-0.7519071313324821,2.1184403072768565,2.4044688402653542,0.07087415866726357,0.5581043259384137
0.5205188689000944,-0.9517500580765804,-0.7519071313324821,-0.7398941579665655,1.2922192029820856,0.8713307348260839,0.5581043259384137
-0.7412295079439094,1.3013155127508873,-0.4720082436838525,-0.22019613205451086,-0.6542207209531965,-0.46276355877195,0.5581043259384137
-0.7412295079439094,-0.9517500580765804,1.0132833716233847,-0.7398941579665655,-0.6542207209531965,0.33769301738687035,0.5581043259384137
0.09993523545317518,0.6840039922075161,0.4377199451163703,-0.22019613205451086,-0.6542207209531965,-0.46276355877195,0.5581043259384137
-0.9515200629189922,-0.9517500580765804,-0.7519071313324821,-0.7398941579665655,-0.6542207209531965,-0.9964012762111636,0.5581043259384137
1.1513930573220963,-0.9517500580765804,-0.7519071313324821,-0.7398941579665655,1.894686227165742,-0.7295824174915568,0.5581043259384137
-1.3721036963659112,-0.9517500580765804,1.5964838557687837,-0.7398941579665655,-0.6542207209531965,-0.5961729881317535,0.5581043259384137
1.1513930573220963,-0.29791411250686156,-0.5350404401470743,0.29949877567562466,-0.6542207209531965,-0.06253527069253983,0.5581043259384137
-1.1618131413908286,1.427420427218831,-0.7519071313324821,-0.4800467041014978,-0.6542207209531965,-0.9964012762111636,0.5581043259384137
1.1513930573220963,-0.6302698865950493,1.2057714129516048,-0.4800467041014978,-0.6542207209531965,0.07087415866726357,0.5581043259384137
-1.3721036963659112,-0.9517500580765804,1.5964838557687837,-0.7398941579665655,-0.39933094374817096,-0.9430375044672422,0.5581043259384137
-1.3721036963659112,-0.9517500580765804,1.5964838557687837,-0.7398941579665655,-0.6542207209531965,-0.5961729881317535,0.5581043259384137
1.1513930573220963,-0.9517500580765804,-0.7519071313324821,-0.7398941579665655,-0.1444381078535842,-0.8629918468513602,-1.9352259223919324
0.09993523545317518,-0.14614987131346444,0.5187280092623908,0.039651321810556917,-0.09809590231156196,-0.5961729881317535,0.1501055651555881
-1.3721036963659112,-0.9517500580765804,1.5964838557687837,-0.7398941579665655,-0.6542207209531965,-0.5961729881317535,-0.33949384538197364
0.8990433819532956,-0.9517500580765804,-0.7519071313324821,-0.7398941579665655,-0.6542207209531965,-0.9964012762111636,0.10930524027822004
1.1513930573220963,-0.9517500580765804,-0.7519071313324821,-0.7398941579665655,0.17996650700925526,-0.7295824174915568,0.5581043259384137
1.1513930573220963,0.046871990037831573,-0.7519071313324821,1.338894827499734,2.4044688402653542,-0.9430375044672422,0.5581043259384137
1.1513930573220963,-0.21549290658000345,0.24188632127901138,2.1184403072768565,-0.6542207209531965,1.6717873109849044,0.5581043259384137
0.09993523545317518,1.427420427218831,0.6694468934232315,1.079044255452747,-0.6542207209531965,-0.32935412941214665,0.5581043259384137
0.5205188689000944,-0.09157900117707708,-0.7519071313324821,0.5593493477226117,-0.6542207209531965,-0.06253527069253983,0.1501055651555881
1.1513930573220963,0.3032232038687372,-0.7519071313324821,1.338894827499734,-0.6542207209531965,-0.9430375044672422,0.5581043259384137
1.1513930573220963,1.427420427218831,-0.7519071313324821,2.3782877611419244,-0.6542207209531965,-0.46276355877195,0.5581043259384137
1.1513930573220963,-0.9517500580765804,-0.7519071313324821,-0.7398941579665655,-0.6542207209531965,-0.9964012762111636,0.5581043259384137
-1.3721036963659112,-0.9517500580765804,1.5964838557687837,-0.7398941579665655,-0.39933094374817096,-0.7295824174915568,0.5581043259384137
1.1513930573220963,0.6485272659705975,-0.7519071313324821,1.5987422813648018,2.149579063060329,-0.19594470005234324,0.5581043259384137
-0.5309389529688268,-0.9517500580765804,0.9813069348537131,-0.7398941579665655,-0.6542207209531965,-0.7295824174915568,0.5581043259384137
1.1513930573220963,-0.8585744763931086,-0.7519071313324821,-0.4800467041014978,2.4044688402653542,0.7379213054662805,0.5581043259384137
-1.3721036963659112,-0.9517500580765804,1.5964838557687837,-0.7398941579665655,2.4044688402653542,0.7379213054662805,-2.297891487532222
1.1513930573220963,0.4393575736106962,-0.21498972163892208,1.338894827499734,-0.6542207209531965,0.20428358802706698,0.5581043259384137
-1.1618131413908286,1.427420427218831,1.109678382695675,-0.4800467041014978,-0.6542207209531965,-0.7295824174915568,0.5581043259384137
0.9411025023470135,0.7763285783222523,-0.7519071313324821,1.338894827499734,-0.6542207209531965,2.0720155990643145,0.5581043259384137
1.1513930573220963,-0.14745716637064366,-0.7519071313324821,0.3939890423703693,-0.6542207209531965,-0.46276355877195,0.5581043259384137
-1.1618131413908286,1.427420427218831,-0.7519071313324821,-0.4800467041014978,-0.6542207209531965,-0.8629918468513602,0.5581043259384137
-1.3721036963659112,-0.9517500580765804,1.5964838557687837,-0.7398941579665655,0.5692551035342239,-0.9964012762111636,0.5581043259384137
-0.3206458744969902,-0.9517500580765804,-0.7519071313324821,-0.7398941579665655,-0.6542207209531965,0.07087415866726357,0.5581043259384137
0.5205188689000944,0.43492297146266523,-0.7519071313324821,1.5987422813648018,-0.6542207209531965,0.6045118761064772,0.5581043259384137
1.1513930573220963,-0.9517500580765804,-0.7519071313324821,-0.7398941579665655,-0.6542207209531965,-0.9964012762111636,0.5581043259384137
-0.3206458744969902,1.427420427218831,-0.7519071313324821,0.5593493477226117,-0.3761583116323792,-0.8363099609793996,-0.6658919564100632
1.1513930573220963,0.7944377276554649,-0.7519071313324821,2.3782877611419244,-0.34835176483134134,-0.7829461892354782,0.5581043259384137
0.09993523545317518,1.427420427218831,-0.7519071313324821,1.079044255452747,-0.6542207209531965,-0.19594470005234324,0.5581043259384137
-1.091715448566883,1.427420427218831,1.3506405486979265,-0.3934298467525021,-0.6542207209531965,-0.9430375044672422,0.5581043259384137
1.1513930573220963,1.3160523282682148,-0.7519071313324821,2.3782877611419244,2.4044688402653542,-0.06253527069253983,0.5581043259384137
-0.7412295079439094,1.427420427218831,-0.7519071313324821,0.039651321810556917,-0.6542207209531965,0.4711024467466738,-1.481889477975714
0.7308094238751771,1.1173467360630707,-0.7519071313324821,1.5987422813648018,-0.6542207209531965,0.8713307348260839,0.5581043259384137
0.7908938815804886,1.427420427218831,1.493928329992121,1.9328336467238427,1.180993015777934,-0.5961729881317535,-0.08303658386316934
0.5205188689000944,0.880249568698446,-0.7519071313324821,0.29949877567562466,-0.1444381078535842,-0.46276355877195,-1.0738907171928882
-1.3721036963659112,-0.9517500580765804,1.5964838557687837,-0.7398941579665655,-0.6542207209531965,-0.9430375044672422,-0.08303658386316934
0.9411025023470135,-0.5029547300003401,-0.47411258316353494,1.5987422813648018,-0.39933094374817096,0.7379213054662805,0.5581043259384137
1.1513930573220963,1.0544461387035469,-0.7519071313324821,0.29949877567562466,2.0221326451130355,0.4711024467466738,0.1501055651555881
-1.3721036963659112,-0.9517500580765804,1.5964838557687837,-0.7398941579665655,-0.6542207209531965,-0.8629918468513602,-0.9378911302652799
0.8990433819532956,0.9043392260637976,-0.7519071313324821,1.1310149934985283,-0.6542207209531965,-1.1031288196990063,0.5581043259384137
-1.3721036963659112,-0.9517500580765804,1.5964838557687837,-0.7398941579665655,-0.2172655063061979,-0.6228548740037141,-2.705890248315047
1.1513930573220963,0.04064599640179203,-0.7519071313324821,1.5987422813648018,-0.6542207209531965,1.271559022905494,0.5581043259384137
-0.7412295079439094,-0.9517500580765804,-0.7519071313324821,-0.7398941579665655,0.3653414465564667,-0.5961729881317535,-1.8898927267493963
1.1513930573220963,-0.9517500580765804,-0.7519071313324821,-0.7398941579665655,-0.6542207209531965,-0.46276355877195,0.1501055651555881
-1.1618131413908286,1.427420427218831,-0.7519071313324821,-0.4800467041014978,-0.6542207209531965,0.07087415866726357,0.5581043259384137
1.1513930573220963,0.488538956119986,-0.7519071313324821,2.3782877611419244,0.6202342824510535,0.6045118761064772,0.5581043259384137
1.1513930573220963,-0.6810730108034424,-0.7519071313324821,0.039651321810556917,2.149579063060329,0.6045118761064772,0.5581043259384137
-0.4257924137329085,-0.9517500580765804,-0.7519071313324821,-0.7398941579665655,-0.6542207209531965,-0.8629918468513602,-0.5638933882120707
1.1513930573220963,1.427420427218831,1.1388681991180012,2.3782877611419244,-0.6542207209531965,0.6045118761064772,0.5581043259384137
0.31022831392501166,1.2461864861154375,-0.7519071313324821,1.079044255452747,-0.6542207209531965,0.33769301738687035,0.5581043259384137
0.7308094238751771,0.8155228937615474,-0.7519071313324821,0.8191968015876794,-0.39933094374817096,0.33769301738687035,0.5581043259384137
-0.11035531952190754,0.4509099072961274,-0.7519071313324821,0.29949877567562466,-0.6542207209531965,-0.46276355877195,0.5581043259384137
1.1513930573220963,-0.32718764718742555,0.01693431767316913,0.29949877567562466,-0.6542207209531965,0.33769301738687035,0.5581043259384137
1.1513930573220963,-0.8018023384151048,-0.7519071313324821,-0.4800467041014978,-0.6542207209531965,-0.9430375044672422,0.5581043259384137
-0.6511053448826959,-0.9517500580765804,-0.7519071313324821,-0.7398941579665655,-0.6542207209531965,-0.7295824174915568,-2.6476047110603576
0.31022831392501166,0.14453438122620704,0.8537020164637728,-0.4800467041014978,-0.3761583116323792,-0.7295824174915568,0.5581043259384137
0.7308094238751771,-0.6013890110013242,-0.7519071313324821,-0.4800467041014978,-0.34835176483134134,-0.19594470005234324,0.1501055651555881
-0.3206458744969902,-0.45437983014819927,-0.7519071313324821,-0.4800467041014978,-0.04248280870948625,-0.8629918468513602,-1.8898927267493963
1.1513930573220963,0.17032020511428214,-0.7519071313324821,-0.4800467041014978,-0.6542207209531965,-0.5961729881317535,0.5581043259384137
-1.3721036963659112,-0.9517500580765804,1.5964838557687837,-0.7398941579665655,-0.3761583116323792,0.7379213054662805,-0.25789319562723756
-1.1197540209971106,1.427420427218831,1.2664127795776237,-0.4280759660557166,0.875124059656079,-0.9430375044672422,-0.7882929310421678
0.5205188689000944,-0.8185295256603277,-0.7519071313324821,-0.4800467041014978,2.4044688402653542,-0.46276355877195,0.5581043259384137
1.1513930573220963,1.0338798482015417,-0.7519071313324821,0.5593493477226117,-0.6542207209531965,-0.7295824174915568,0.5581043259384137
-0.3206458744969902,1.427420427218831,-0.7519071313324821,0.5593493477226117,-0.6542207209531965,1.0047401641858873,0.5581043259384137
1.1513930573220963,-0.9517500580765804,0.25714390164792456,-0.7398941579665655,-0.6542207209531965,-0.7295824174915568,0.5581043259384137
-1.3721036963659112,-0.9517500580765804,1.5964838557687837,-0.7398941579665655,-0.6542207209531965,-0.19594470005234324,0.5581043259384137
-0.6511053448826959,1.427420427218831,1.1427334739397128,0.1510140708695976,-0.6542207209531965,0.33769301738687035,0.5581043259384137
-1.3721036963659112,-0.9517500580765804,1.5964838557687837,-0.7398941579665655,0.11045166935144125,0.4711024467466738,0.5581043259384137
1.1513930573220963,0.6947072436538774,-0.7519071313324821,1.5987422813648018,-0.314366665116642,-0.9430375044672422,-0.25789319562723756
-0.5309389529688268,-0.9517500580765804,-0.7519071313324821,-0.7398941579665655,-0.1444381078535842,-1.129810705570967,0.5581043259384137
-1.3721036963659112,-0.9517500580765804,1.5964838557687837,-0.7398941579665655,-0.6542207209531965,-0.8629918468513602,0.5581043259384137
-0.6150546702595091,-0.0885589523004675,1.5285770282024975,-0.4280759660557166,-0.6542207209531965,1.4049684522652977,0.10930524027822004
0.31022831392501166,0.9742265915767504,0.9770695906944381,-0.22019613205451086,-0.6542207209531965,-0.7295824174915568,0.5581043259384137
1.1513930573220963,1.427420427218831,1.5152306977908574,2.3782877611419244,-0.1444381078535842,-0.19594470005234324,0.5581043259384137
0.7308094238751771,1.427420427218831,-0.7519071313324821,1.8585897352298697,0.11045166935144125,-0.46276355877195,0.5581043259384137
1.1513930573220963,-0.37777211994752075,-0.7347251608554728,1.079044255452747,-0.1444381078535842,-0.5961729881317535,0.5581043259384137
-1.3721036963659112,-0.9517500580765804,1.5964838557687837,-0.7398941579665655,-0.3761583116323792,0.07087415866726357,0.1501055651555881
1.1513930573220963,-0.7252063402183316,-0.7519071313324821,0.8191968015876794,1.486861971899789,0.33769301738687035,0.5581043259384137
1.1513930573220963,-0.727985115707212,-0.7519071313324821,-0.4800467041014978,-0.1444381078535842,-0.9430375044672422,0.5581043259384137
1.1513930573220963,0.43359403454843304,-0.7519071313324821,0.5593493477226117,-0.6542207209531965,-0.9430375044672422,0.5581043259384137
-0.45446943084181896,1.427420427218831,-0.7132380702944554,0.3939890423703693,-0.6542207209531965,-0.2759903576682253,0.5581043259384137
-0.9515200629189922,1.427420427218831,-0.4107433727989437,-0.22019613205451086,0.875124059656079,2.605653316503528,-1.8898927267493963
1.1513930573220963,0.057933078707638724,-0.4301368930312922,0.4294240616991182,-0.2172655063061979,-0.9964012762111636,0.5581043259384137
-1.3721036963659112,-0.9517500580765804,1.5964838557687837,-0.7398941579665655,-0.6542207209531965,0.7379213054662805,0.5581043259384137
1.1513930573220963,0.7565259428456286,-0.4739201074788358,0.8191968015876794,-0.6542207209531965,-0.46276355877195,0.5581043259384137
-1.3721036963659112,-0.9517500580765804,1.5964838557687837,-0.7398941579665655,-0.1444381078535842,-0.5961729881317535,0.059439173870516004
1.1513930573220963,-0.9517500580765804,-0.7519071313324821,-0.7398941579665655,2.0985998841434994,-0.9964012762111636,0.5581043259384137
0.31022831392501166,-0.9517500580765804,-0.7519071313324821,-0.7398941579665655,2.4044688402653542,-0.382717901156068,-0.6658919564100632
0.09993523545317518,-0.951639532642905,-0.7519071313324821,-0.4800467041014978,0.875124059656079,-0.9430375044672422,-1.481889477975714
1.1513930573220963,0.7541213610129024,-0.7519071313324821,0.8191968015876794,-0.39933094374817096,0.07087415866726357,0.5581043259384137
-1.3721036963659112,-0.9517500580765804,1.5964838557687837,-0.7398941579665655,-0.3761583116323792,-0.9430375044672422,0.5581043259384137
1.1513930573220963,0.21801918263539238,-0.7519071313324821,1.079044255452747,-0.6542207209531965,0.6045118761064772,0.5581043259384137
1.1513930573220963,-0.2947160111089779,-0.7519071313324821,1.079044255452747,-0.6542207209531965,-0.06253527069253983,0.5581043259384137
0.7308094238751771,1.127142237726711,-0.7519071313324821,1.338894827499734,-0.6542207209531965,-0.8629918468513602,0.1501055651555881
0.69257592456005,0.6450340819688252,0.7251082663842194,1.2444045608049896,-0.314366665116642,-0.7295824174915568,0.1501055651555881
-1.1618131413908286,1.427420427218831,1.5068486142455468,-0.4800467041014978,-0.6542207209531965,1.6717873109849044,0.5581043259384137
-0.3206458744969902,-0.22818790017746055,-0.7519071313324821,-0.4800467041014978,-0.34835176483134134,0.07087415866726357,0.1501055651555881
-0.5309389529688268,-0.9517500580765804,-0.7519071313324821,-0.7398941579665655,0.656644922987799,-0.46276355877195,-1.481889477975714
-0.7412295079439094,1.427420427218831,-0.7519071313324821,0.039651321810556917,-0.6542207209531965,-0.9430375044672422,0.5581043259384137
0.5205188689000944,0.7036776722265057,0.8610075945522541,0.039651321810556917,-0.6542207209531965,1.0047401641858873,0.5581043259384137
-1.1618131413908286,1.427420427218831,1.5370085133309879,-0.4800467041014978,-0.6542207209531965,-0.32935412941214665,0.5581043259384137
-0.9515200629189922,1.427420427218831,1.5579243517846992,-0.22019613205451086,-0.6542207209531965,-0.46276355877195,0.5581043259384137
-1.3721036963659112,-0.9517500580765804,1.5964838557687837,-0.7398941579665655,-0.6542207209531965,-0.46276355877195,-0.00289453113682849
1.1513930573220963,-0.9517500580765804,-0.7519071313324821,-0.7398941579665655,2.149579063060329,-0.5961729881317535,0.5581043259384137
-1.1618131413908286,1.427420427218831,1.5822942736172496,-0.4800467041014978,-0.34835176483134134,1.1260214637251715,-0.6658919564100632
0.9411025023470135,0.2683601841810947,-0.4082933587040607,0.5593493477226117,-0.6542207209531965,0.6045118761064772,0.5581043259384137
-0.3206458744969902,0.923334206410735,-0.7519071313324821,0.29949877567562466,-0.39933094374817096,-0.009171498948618476,0.5581043259384137
1.1513930573220963,0.7442350757516908,-0.7519071313324821,0.8191968015876794,-0.6542207209531965,2.2054250284241177,0.5581043259384137
-0.3206458744969902,-0.9517500580765804,-0.7519071313324821,-0.7398941579665655,0.5692551035342239,-0.9430375044672422,-2.297891487532222
-1.1618131413908286,1.427420427218831,1.569960136072232,-0.4800467041014978,-0.39933094374817096,-0.5961729881317535,0.5581043259384137
-1.3721036963659112,-0.9517500580765804,1.5964838557687837,-0.7398941579665655,-0.6542207209531965,-0.6762186457476355,0.5581043259384137
1.1513930573220963,-0.9517500580765804,-0.7519071313324821,-0.7398941579665655,-0.6542207209531965,-0.9430375044672422,0.5581043259384137
1.1513930573220963,1.3005388759209338,-0.46391275175873786,2.3782877611419244,-0.6542207209531965,1.538377881625101,0.5581043259384137
-1.1618131413908286,1.427420427218831,-0.7519071313324821,-0.4800467041014978,-0.6542207209531965,-0.46276355877195,-0.25789319562723756
1.1513930573220963,-0.9517500580765804,-0.7519071313324821,-0.7398941579665655,-0.6542207209531965,-0.9964012762111636,0.5581043259384137
1.1513930573220963,-0.9517500580765804,-0.7519071313324821,-0.7398941579665655,-0.6542207209531965,0.07087415866726357,0.5581043259384137
-1.3721036963659112,-0.9517500580765804,1.5964838557687837,-0.7398941579665655,-0.6542207209531965,-0.32935412941214665,0.5581043259384137
-0.5309389529688268,-0.9517500580765804,-0.7519071313324821,-0.7398941579665655,-0.04248280870948625,-0.9430375044672422,-2.297891487532222
-0.3206458744969902,1.427420427218831,0.44840472547198484,0.5593493477226117,-0.6542207209531965,-0.2759903576682253,0.5581043259384137
-1.3721036963659112,-0.9517500580765804,1.5964838557687837,-0.7398941579665655,-0.6542207209531965,0.6045118761064772,0.5581043259384137
-1.3721036963659112,-0.9517500580765804,1.5964838557687837,-0.7398941579665655,-0.6542207209531965,0.07087415866726357,0.5581043259384137
-0.3206458744969902,-0.9517500580765804,-0.7519071313324821,-0.7398941579665655,-0.6542207209531965,-0.19594470005234324,0.5581043259384137
0.5205188689000944,0.3823416863650768,1.3156584910478906,-0.22019613205451086,-0.6542207209531965,-0.46276355877195,0.5581043259384137
1.1513930573220963,0.8491530011739281,-0.7519071313324821,1.8585897352298697,-0.39933094374817096,-0.7829461892354782,0.5581043259384137
0.06989553009727306,-0.9517500580765804,1.1947839297054434,-0.7398941579665655,-0.6542207209531965,0.6045118761064772,0.5581043259384137
1.1513930573220963,-0.40913664815095496,0.16668039478205748,0.29949877567562466,-0.6542207209531965,0.20428358802706698,0.5581043259384137
1.1513930573220963,-0.9517500580765804,-0.14364943439127523,-0.7398941579665655,-0.6542207209531965,-0.06253527069253983,0.5581043259384137
-1.1197540209971106,1.427420427218831,-0.7519071313324821,-0.4280759660557166,-0.6542207209531965,0.8713307348260839,-2.134690188022749
1.1513930573220963,0.10386275363145064,-0.7519071313324821,1.5987422813648018,1.6397964499607167,-0.32935412941214665,0.5581043259384137
0.31022831392501166,-0.9517500580765804,-0.7519071313324821,-0.7398941579665655,-0.6542207209531965,-0.40939978702802865,-0.6658919564100632
0.9411025023470135,1.1861126649675708,1.027209308698415,0.29949877567562466,-0.6542207209531965,1.1381495935456907,0.5581043259384137
0.5205188689000944,0.8142898305681445,-0.7519071313324821,0.29949877567562466,-0.6542207209531965,0.6045118761064772,-1.8898927267493963
1.1513930573220963,-0.9517500580765804,1.5153817357235486,-0.7398941579665655,-0.39933094374817096,1.9386061697045112,0.5581043259384137
-0.5309389529688268,-0.9517500580765804,-0.7519071313324821,-0.7398941579665655,-0.3761583116323792,-0.9964012762111636,0.5581043259384137
-0.7412295079439094,-0.9517500580765804,-0.7519071313324821,-0.7398941579665655,2.4044688402653542,-0.46276355877195,-2.705890248315047
0.09993523545317518,-0.9517500580765804,-0.7519071313324821,-0.7398941579665655,-0.6542207209531965,-0.9430375044672422,0.5581043259384137
-1.1618131413908286,1.1136054336657548,1.4184413689405075,-0.4800467041014978,-0.314366665116642,-0.32935412941214665,0.5581043259384137
1.1513930573220963,-0.026015310187276132,-0.7519071313324821,2.1184403072768565,1.894686227165742,0.07087415866726357,0.5581043259384137
-1.3721036963659112,-0.9517500580765804,1.5964838557687837,-0.7398941579665655,-0.6542207209531965,-0.9430375044672422,-0.9378911302652799
1.1513930573220963,-0.9517500580765804,-0.7519071313324821,-0.7398941579665655,1.045052616919137,0.33769301738687035,0.5581043259384137
-1.3721036963659112,-0.9517500580765804,1.5964838557687837,-0.7398941579665655,-0.6542207209531965,-0.8629918468513602,0.5581043259384137
1.1513930573220963,0.3283683468545724,-0.7519071313324821,0.29949877567562466,-0.6542207209531965,0.8713307348260839,0.5581043259384137
1.1513930573220963,1.427420427218831,0.35088270929121695,2.3782877611419244,-0.3761583116323792,0.25764735977098835,0.5581043259384137
-1.3721036963659112,-0.9517500580765804,1.5964838557687837,-0.7398941579665655,-0.39933094374817096,0.07087415866726357,0.5581043259384137
1.1513930573220963,-0.3126364908281038,-0.7519071313324821,-0.22019613205451086,-0.6542207209531965,-0.06253527069253983,0.5581043259384137
-1.1618131413908286,1.427420427218831,1.5202159666254722,-0.4800467041014978,0.875124059656079,-0.19594470005234324,-1.481889477975714
-1.3721036963659112,-0.9517500580765804,1.5964838557687837,-0.7398941579665655,-0.6542207209531965,-0.19594470005234324,0.5581043259384137
1.1513930573220963,1.427420427218831,-0.7519071313324821,2.3782877611419244,-0.1444381078535842,-0.7829461892354782,0.5581043259384137
1.1513930573220963,-0.9517500580765804,-0.7519071313324821,-0.7398941579665655,1.3849066727556911,0.33769301738687035,0.5581043259384137
-1.3721036963659112,-0.9517500580765804,1.5964838557687837,-0.7398941579665655,-0.3761583116323792,-0.06253527069253983,-1.8898927267493963
1.1513930573220963,-0.9517500580765804,0.4096714475668357,-0.7398941579665655,-0.6542207209531965,-0.7295824174915568,-1.481889477975714
1.1513930573220963,-0.9517500580765804,-0.7519071313324821,-0.7398941579665655,2.4044688402653542,-0.8629918468513602,0.5581043259384137
0.5205188689000944,-0.9517500580765804,-0.7519071313324821,-0.7398941579665655,-0.04248280870948625,-0.8096280751074388,-0.25789319562723756
-1.3721036963659112,-0.9517500580765804,1.5964838557687837,-0.7398941579665655,-0.6542207209531965,-0.5961729881317535,0.059439173870516004
0.31022831392501166,1.1497946878969392,0.26476748350080914,0.29949877567562466,-0.314366665116642,0.20428358802706698,0.1501055651555881
-1.3721036963659112,-0.9517500580765804,1.5964838557687837,-0.7398941579665655,-0.6542207209531965,0.07087415866726357,0.5581043259384137
-0.11035531952190754,1.427420427218831,-0.7519071313324821,0.8191968015876794,-0.1444381078535842,-0.46276355877195,0.5581043259384137
-1.3721036963659112,-0.9517500580765804,1.5964838557687837,-0.7398941579665655,-0.6542207209531965,-0.40939978702802865,0.5581043259384137
1.1513930573220963,0.6558104516505826,0.3512812510043946,1.338894827499734,-0.6542207209531965,0.07087415866726357,0.5581043259384137
-1.3721036963659112,-0.9517500580765804,1.5964838557687837,-0.7398941579665655,-0.6542207209531965,-0.32935412941214665,0.1501055651555881
0.7308094238751771,-0.9517500580765804,-0.7519071313324821,-0.7398941579665655,1.0141567936612683,-0.19594470005234324,0.1501055651555881
0.9411025023470135,-0.5543938183612717,-0.7519071313324821,-0.4800467041014978,1.7927309280216444,-0.7295824174915568,0.5581043259384137
0.9411025023470135,1.427420427218831,-0.7519071313324821,2.1184403072768565,2.4044688402653542,0.20428358802706698,0.5581043259384137
-1.3721036963659112,-0.9517500580765804,1.5964838557687837,-0.7398941579665655,-0.6542207209531965,-0.8629918468513602,-0.00289453113682849
0.5205188689000944,1.427420427218831,-0.7519071313324821,1.5987422813648018,-0.39933094374817096,-0.32935412941214665,0.5581043259384137
1.1513930573220963,0.32673580098369315,-0.4292687757233249,0.8191968015876794,-0.34835176483134134,0.07087415866726357,0.5581043259384137
-1.3721036963659112,-0.9517500580765804,1.5964838557687837,-0.7398941579665655,-0.6542207209531965,0.8713307348260839,0.5581043259384137
-0.3206458744969902,-0.9517500580765804,-0.7519071313324821,-0.7398941579665655,-0.39933094374817096,-0.8096280751074388,0.5581043259384137
1.1513930573220963,0.8585735925347883,-0.3944333270457716,1.338894827499734,-0.6542207209531965,-0.32935412941214665,0.5581043259384137
-0.11035531952190754,-0.6477576865224415,-0.7519071313324821,-0.4800467041014978,2.4044688402653542,-0.06253527069253983,-0.6658919564100632
1.1513930573220963,-0.9517500580765804,-0.7519071313324821,-0.7398941579665655,2.4044688402653542,0.6045118761064772,0.5581043259384137
0.9411025023470135,0.8334585331991274,-0.7519071313324821,1.8585897352298697,2.4044688402653542,-0.5961729881317535,0.5581043259384137
-1.3721036963659112,-0.9517500580765804,1.5964838557687837,-0.7398941579665655,-0.6542207209531965,0.07087415866726357,0.5581043259384137
0.7308094238751771,1.0953532355835431,-0.7519071313324821,1.338894827499734,2.4044688402653542,1.538377881625101,0.1501055651555881
-0.11035531952190754,1.427420427218831,-0.7519071313324821,0.8191968015876794,-0.6542207209531965,0.5244662184905952,0.5581043259384137
0.9411025023470135,0.5191968720429073,-0.7519071313324821,1.338894827499734,0.875124059656079,-0.5961729881317535,0.5581043259384137
0.09993523545317518,-0.9517500580765804,-0.7519071313324821,-0.7398941579665655,-0.6542207209531965,-0.7295824174915568,-1.8898927267493963
1.1513930573220963,0.58024776149004,-0.08753123213772926,1.8585897352298697,-0.6542207209531965,0.4711024467466738,0.5581043259384137
1.1513930573220963,0.6984574198827707,-0.7519071313324821,2.3782877611419244,1.7247607285922455,1.538377881625101,0.5581043259384137
0.9411025023470135,-0.9517500580765804,-0.7519071313324821,-0.7398941579665655,-0.6542207209531965,-0.8629918468513602,0.5581043259384137
-1.1618131413908286,-0.9517500580765804,-0.7519071313324821,-0.7398941579665655,2.4044688402653542,-0.46276355877195,-2.705890248315047
-1.3721036963659112,-0.9517500580765804,1.5964838557687837,-0.7398941579665655,-0.1444381078535842,-0.46276355877195,-1.0738907171928882
1.1513930573220963,-0.9517500580765804,-0.7519071313324821,-0.7398941579665655,2.149579063060329,-0.7295824174915568,0.5581043259384137
0.7308094238751771,-0.6700278874075625,-0.7519071313324821,-0.4800467041014978,-0.3761583116323792,0.6045118761064772,0.5581043259384137
1.1513930573220963,1.2016293783153347,-0.7519071313324821,1.079044255452747,-0.6542207209531965,0.4711024467466738,0.5581043259384137
1.1513930573220963,1.1161736988179534,-0.7519071313324821,2.1184403072768565,-0.3761583116323792,0.5644890472985361,0.5581043259384137
1.1513930573220963,-0.19488412891930262,-0.7519071313324821,0.5593493477226117,-0.6542207209531965,-0.9430375044672422,0.5581043259384137
-0.3206458744969902,1.427420427218831,1.1053790590549877,0.5593493477226117,-0.1444381078535842,-0.5961729881317535,0.5581043259384137
-0.11035531952190754,-0.9517500580765804,-0.7519071313324821,-0.7398941579665655,-0.6542207209531965,0.7379213054662805,0.5581043259384137
0.9411025023470135,-0.9517500580765804,-0.7519071313324821,-0.7398941579665655,-0.34835176483134134,-0.19594470005234324,-2.705890248315047
-1.3721036963659112,-0.9517500580765804,1.5964838557687837,-0.7398941579665655,-0.6542207209531965,-0.7829461892354782,0.5581043259384137
-1.1618131413908286,1.427420427218831,1.0951894021531319,-0.4800467041014978,1.2922192029820856,0.1776017021551063,0.5581043259384137
0.9411025023470135,0.6278590174707006,-0.7519071313324821,0.5593493477226117,-0.6542207209531965,-0.19594470005234324,0.5581043259384137
0.5205188689000944,-0.7849937607268164,-0.7519071313324821,-0.4800467041014978,-0.6542207209531965,0.7379213054662805,0.5581043259384137
0.7308094238751771,1.1933893081706795,-0.7519071313324821,1.079044255452747,-0.6542207209531965,-0.46276355877195,0.5581043259384137
1.1513930573220963,-0.2109821833235045,0.32029889866039724,1.338894827499734,-0.6542207209531965,-0.46276355877195,0.5581043259384137
-0.3206458744969902,-0.9517500580765804,-0.7519071313324821,-0.7398941579665655,0.5692551035342239,-0.19594470005234324,-1.0738907171928882
-1.1618131413908286,-0.9517500580765804,1.5144183887369231,-0.7398941579665655,-0.6542207209531965,-0.8629918468513602,-0.25789319562723756
1.1513930573220963,0.685251638718531,-0.053489098140021306,1.079044255452747,0.3653414465564667,0.6045118761064772,0.5581043259384137
-1.3721036963659112,-0.9517500580765804,1.5964838557687837,-0.7398941579665655,-0.6542207209531965,-0.06253527069253983,0.5581043259384137
1.1513930573220963,-0.041164715472133004,-0.7519071313324821,0.29949877567562466,-0.39933094374817096,-0.46276355877195,0.5581043259384137
-0.3206458744969902,1.30172882318764,1.0892882776867496,0.29949877567562466,-0.1444381078535842,0.13757887334716526,0.5581043259384137
-1.3721036963659112,-0.9517500580765804,1.5964838557687837,-0.7398941579665655,-0.6542207209531965,2.3388344577839213,0.5581043259384137
-0.5309389529688268,1.362841283850274,-0.47533068501015646,0.29949877567562466,-0.34835176483134134,0.4711024467466738,0.5581043259384137
-1.3721036963659112,-0.9517500580765804,1.5964838557687837,-0.7398941579665655,-0.6542207209531965,-0.19594470005234324,0.5581043259384137
1.1513930573220963,0.6470923417601222,-0.7519071313324821,2.3782877611419244,-0.6542207209531965,0.8713307348260839,0.5581043259384137
0.9411025023470135,1.427420427218831,-0.3479753158637648,2.1184403072768565,1.180993015777934,-0.46276355877195,0.5581043259384137
1.1513930573220963,1.083950562786993,-0.7519071313324821,1.8585897352298697,-0.6542207209531965,1.4049684522652977,0.5581043259384137
-1.3721036963659112,-0.9517500580765804,1.5964838557687837,-0.7398941579665655,-0.6542207209531965,-0.46276355877195,0.5581043259384137
1.1513930573220963,0.6224775238057771,-0.7519071313324821,0.8191968015876794,-0.6542207209531965,0.33769301738687035,0.5581043259384137
-0.11035531952190754,-0.9517500580765804,-0.7519071313324821,-0.7398941579665655,-0.04248280870948625,-0.5961729881317535,-1.481889477975714
-1.3721036963659112,-0.9517500580765804,1.5964838557687837,-0.7398941579665655,-0.39933094374817096,-0.9430375044672422,0.5581043259384137
-1.1618131413908286,1.427420427218831,-0.7519071313324821,-0.4800467041014978,-0.6542207209531965,0.20428358802706698,-0.6658919564100632
-1.1618131413908286,-0.9517500580765804,-0.7519071313324821,-0.7398941579665655,-0.6542207209531965,-0.5961729881317535,-2.705890248315047
-1.1618131413908286,1.427420427218831,0.9288951571200391,-0.4800467041014978,-0.6542207209531965,-0.19594470005234324,0.5581043259384137
-1.1618131413908286,1.427420427218831,-0.7519071313324821,-0.4800467041014978,-0.6542207209531965,0.07087415866726357,-3.1138890090978726
-1.1618131413908286,1.427420427218831,0.16273621269184416,-0.4800467041014978,-0.39933094374817096,0.05753321573128323,0.5581043259384137
1.1513930573220963,-0.9517500580765804,-0.7519071313324821,-0.7398941579665655,-0.6542207209531965,-0.46276355877195,0.5581043259384137
1.1513930573220963,0.28826276636281567,-0.4066977117305734,0.5593493477226117,-0.6542207209531965,-0.32935412941214665,0.5581043259384137
0.09993523545317518,1.427420427218831,0.41262478920220724,1.079044255452747,-0.314366665116642,-0.9430375044672422,0.1501055651555881
1.1513930573220963,-0.47833727291477623,-0.7519071313324821,0.039651321810556917,-0.6542207209531965,-0.8629918468513602,0.5581043259384137
1.1513930573220963,1.427420427218831,-0.7519071313324821,2.3782877611419244,1.6397964499607167,-0.1158990424364612,0.5581043259384137
-0.9515200629189922,1.427420427218831,-0.7519071313324821,-0.22019613205451086,-0.6542207209531965,0.09755604453922424,0.5581043259384137
-1.3721036963659112,-0.9517500580765804,1.5964838557687837,-0.7398941579665655,-0.6542207209531965,-1.129810705570967,0.5581043259384137
-1.1618131413908286,1.427420427218831,-0.7519071313324821,-0.4800467041014978,-0.6542207209531965,0.7379213054662805,-3.1138890090978726
0.7308094238751771,-0.9517500580765804,0.025701110616792994,-0.7398941579665655,-0.6542207209531965,-0.5961729881317535,0.5581043259384137
-1.3721036963659112,-0.9517500580765804,1.5964838557687837,-0.7398941579665655,-0.6542207209531965,-0.9430375044672422,0.5581043259384137
-1.1618131413908286,1.427420427218831,1.5699177772875095,-0.4800467041014978,-0.6542207209531965,0.6045118761064772,-0.6658919564100632
0.5205188689000944,-0.9517500580765804,-0.7519071313324821,-0.7398941579665655,2.4044688402653542,-0.19594470005234324,-0.25789319562723756
-0.11035531952190754,-0.9517500580765804,-0.7519071313324821,-0.7398941579665655,0.17996650700925526,-0.5961729881317535,-1.0738907171928882
-0.7412295079439094,1.427420427218831,0.7364948475352772,0.039651321810556917,-0.6542207209531965,-0.7295824174915568,0.5581043259384137
0.9411025023470135,0.42431854877725594,0.4596761475883198,0.8191968015876794,-0.6542207209531965,-0.19594470005234324,0.5581043259384137
1.1513930573220963,-0.9517500580765804,-0.5582822613758259,-0.7398941579665655,-0.6542207209531965,-0.9430375044672422,0.5581043259384137
-1.3721036963659112,-0.9517500580765804,1.5964838557687837,-0.7398941579665655,0.656644922987799,2.2054250284241177,-0.6658919564100632
-1.1618131413908286,1.427420427218831,-0.7519071313324821,-0.4800467041014978,-0.6542207209531965,0.4711024467466738,-1.8898927267493963
1.1513930573220963,-0.9517500580765804,-0.7519071313324821,-0.7398941579665655,-0.6542207209531965,0.33769301738687035,0.5581043259384137
-0.7412295079439094,0.37001132264309256,-0.7519071313324821,-0.22019613205451086,-0.6542207209531965,-0.9430375044672422,0.5581043259384137
1.1513930573220963,0.9435955397565017,-0.7519071313324821,2.3782877611419244,-0.6542207209531965,0.4711024467466738,0.5581043259384137
1.1513930573220963,-0.04565000785399351,-0.7519071313324821,-0.22019613205451086,-0.6542207209531965,-0.19594470005234324,0.5581043259384137
1.1513930573220963,-0.9517500580765804,0.6531352314237066,-0.7398941579665655,-0.6542207209531965,0.8713307348260839,0.5581043259384137
1.1513930573220963,-0.9517500580765804,-0.7519071313324821,-0.7398941579665655,-0.39933094374817096,0.07087415866726357,0.5581043259384137
-0.3206458744969902,-0.9517500580765804,-0.7519071313324821,-0.7398941579665655,-0.6542207209531965,1.6717873109849044,0.5581043259384137
-0.7412295079439094,0.893084980897929,-0.27584973802540225,-0.22019613205451086,0.3653414465564667,0.20428358802706698,-0.6658919564100632
1.1513930573220963,-0.9517500580765804,-0.7519071313324821,-0.7398941579665655,-0.09809590231156196,-0.46276355877195,0.5581043259384137
-0.5309389529688268,1.427420427218831,-0.7519071313324821,0.29949877567562466,2.4044688402653542,0.20428358802706698,-1.8898927267493963
1.1513930573220963,1.080493983623671,-0.7519071313324821,2.3782877611419244,2.4044688402653542,0.07087415866726357,0.5581043259384137
-1.3721036963659112,-0.9517500580765804,1.5964838557687837,-0.7398941579665655,-0.6542207209531965,-0.8629918468513602,0.5581043259384137
0.7308094238751771,0.3389254800974123,-0.7519071313324821,1.079044255452747,-0.2172655063061979,-0.32935412941214665,-1.8898927267493963
-1.3721036963659112,-0.9517500580765804,1.5964838557687837,-0.7398941579665655,-0.39933094374817096,-0.19594470005234324,0.5581043259384137
-0.11035531952190754,-0.42504061730677867,-0.42893888248361545,-0.4800467041014978,-0.6542207209531965,-0.8629918468513602,0.5581043259384137
1.1513930573220963,-0.9517500580765804,-0.7519071313324821,-0.7398941579665655,2.149579063060329,0.33769301738687035,0.5581043259384137
-0.11035531952190754,-0.9517500580765804,-0.7519071313324821,-0.7398941579665655,-0.09809590231156196,0.07087415866726357,-1.481889477975714
0.5205188689000944,1.427420427218831,-0.7519071313324821,1.5987422813648018,-0.2718845258008776,-0.32935412941214665,-0.00289453113682849
-0.9515200629189922,0.941840460967734,0.7081916461435752,-0.4800467041014978,-0.6542207209531965,-0.5961729881317535,0.5581043259384137
-0.9515200629189922,1.1147499857978325,1.4773305054736054,-0.4800467041014978,-0.6542207209531965,0.07087415866726357,0.1501055651555881
1.1513930573220963,-0.9517500580765804,0.8598635093324074,-0.7398941579665655,-0.6542207209531965,-0.46276355877195,0.5581043259384137
-1.3721036963659112,-0.9517500580765804,1.5964838557687837,-0.7398941579665655,-0.6542207209531965,0.8713307348260839,0.5581043259384137
-0.7412295079439094,1.427420427218831,-0.7519071313324821,0.039651321810556917,-0.6542207209531965,0.4711024467466738,-0.25789319562723756
-0.3206458744969902,0.2931154744903011,-0.7519071313324821,0.039651321810556917,1.180993015777934,-0.5961729881317535,-1.0738907171928882
-1.1618131413908286,1.427420427218831,1.5667972885973722,-0.4800467041014978,-0.39933094374817096,-0.46276355877195,0.5581043259384137
-1.3721036963659112,-0.9517500580765804,1.5964838557687837,-0.7398941579665655,0.3653414465564667,-0.8629918468513602,-0.7241774936647524
-1.3721036963659112,-0.9517500580765804,1.5964838557687837,-0.7398941579665655,-0.6542207209531965,-0.5961729881317535,0.5581043259384137
-0.7412295079439094,-0.12281181259410631,-0.7519071313324821,-0.4800467041014978,-0.6542207209531965,0.07087415866726357,-1.8898927267493963
0.09993523545317518,-0.44600473778906513,1.3869071230549335,-0.4800467041014978,-0.6542207209531965,-0.46276355877195,0.5581043259384137
0.09993523545317518,0.033104758967430724,-0.17100201474398094,-0.4800467041014978,-0.6542207209531965,-0.19594470005234324,0.5581043259384137
1.1513930573220963,-0.9517500580765804,-0.7519071313324821,-0.7398941579665655,-0.6542207209531965,-0.46276355877195,-0.6658919564100632
-1.3721036963659112,-0.9517500580765804,1.5964838557687837,-0.7398941579665655,-0.6542207209531965,-0.19594470005234324,0.5581043259384137
-1.1618131413908286,1.427420427218831,1.3033138930165216,-0.4800467041014978,-0.6542207209531965,0.4711024467466738,0.5581043259384137
1.1513930573220963,0.9322679340351216,-0.7519071313324821,1.079044255452747,-0.6542207209531965,-0.06253527069253983,-0.25789319562723756
1.1513930573220963,-0.6374154989264148,-0.28011401393456603,0.5593493477226117,-0.6542207209531965,1.4850141098811795,0.5581043259384137
0.004350225416980902,0.4066677056801035,0.8115068063805058,-0.4564233578823318,-0.6542207209531965,-0.9430375044672422,0.1501055651555881
1.1513930573220963,-0.23265128865235798,-0.7519071313324821,0.8191968015876794,2.149579063060329,0.07087415866726357,0.5581043259384137
0.09993523545317518,-0.9517500580765804,-0.7519071313324821,-0.7398941579665655,0.11045166935144125,0.07087415866726357,-1.481889477975714
1.1513930573220963,-0.5343964383730149,-0.7519071313324821,1.5987422813648018,-0.6542207209531965,1.4049684522652977,0.5581043259384137
0.9411025023470135,0.7587883485158831,-0.7519071313324821,1.338894827499734,-0.6542207209531965,0.31101113151490967,0.5581043259384137
-1.3721036963659112,-0.9517500580765804,1.5964838557687837,-0.7398941579665655,-0.6542207209531965,0.4711024467466738,0.5581043259384137
1.1513930573220963,0.5256040448802997,-0.7519071313324821,0.5593493477226117,-0.04248280870948625,1.4049684522652977,0.5581043259384137
1.1513930573220963,-0.9517500580765804,-0.7519071313324821,-0.7398941579665655,2.4044688402653542,-0.9964012762111636,0.5581043259384137
1.1513930573220963,-0.8606917178546997,-0.7519071313324821,-0.22019613205451086,2.4044688402653542,0.20428358802706698,0.5581043259384137
-0.7412295079439094,1.427420427218831,-0.7519071313324821,0.039651321810556917,-0.6542207209531965,-0.5961729881317535,-0.6658919564100632
0.9411025023470135,0.15790706562068071,-0.7519071313324821,0.29949877567562466,-0.6542207209531965,-0.46276355877195,0.5581043259384137
0.09993523545317518,1.427420427218831,-0.7519071313324821,1.079044255452747,1.0936031963243587,-0.19594470005234324,-0.25789319562723756
-0.11035531952190754,-0.9517500580765804,-0.7519071313324821,-0.7398941579665655,-0.6542207209531965,-0.9964012762111636,-1.0738907171928882
1.1513930573220963,0.9732610115707993,-0.5747667658126835,2.3782877611419244,-0.6542207209531965,0.07087415866726357,0.5581043259384137
-0.11035531952190754,-0.9517500580765804,-0.7519071313324821,-0.7398941579665655,1.7927309280216444,-0.46276355877195,-1.0738907171928882
-0.7412295079439094,-0.9517500580765804,-0.7519071313324821,-0.7398941579665655,2.4044688402653542,-0.19594470005234324,-2.705890248315047
0.4631673581790269,1.427420427218831,-0.7519071313324821,1.527875360889223,-0.6542207209531965,0.07087415866726357,0.5581043259384137
1.1513930573220963,-0.5900048380901436,0.45086119546094316,-0.4800467041014978,-0.6542207209531965,0.8713307348260839,0.5581043259384137
-0.7412295079439094,-0.2239812009926734,-0.7519071313324821,-0.4800467041014978,-0.6542207209531965,0.07087415866726357,0.5581043259384137
-0.11035531952190754,1.427420427218831,-0.7519071313324821,0.8191968015876794,-0.6542207209531965,-0.7295824174915568,-0.25789319562723756
0.8359559631110953,-0.9517500580765804,-0.7519071313324821,-0.7398941579665655,-0.6542207209531965,-0.9964012762111636,-1.6858911023625551
-0.9515200629189922,1.427420427218831,1.4356582944929808,-0.22019613205451086,-0.6542207209531965,1.6717873109849044,0.5581043259384137
-0.7412295079439094,1.427420427218831,-0.7519071313324821,0.039651321810556917,2.4044688402653542,-0.06253527069253983,-2.246889959437797
1.1513930573220963,-0.5222984311706765,0.2619715472437406,0.5593493477226117,-0.6542207209531965,0.33769301738687035,0.5581043259384137
1.1513930573220963,-0.9517500580765804,-0.7519071313324821,-0.7398941579665655,0.11045166935144125,-0.8629918468513602,0.5581043259384137
-0.3206458744969902,1.252813934369801,0.024811237958910753,0.29949877567562466,-0.6542207209531965,0.07087415866726357,0.5581043259384137
-1.3721036963659112,-0.9517500580765804,1.5964838557687837,-0.7398941579665655,-0.6542207209531965,-0.9964012762111636,-1.8898927267493963
-1.1618131413908286,1.427420427218831,-0.7519071313324821,-0.4800467041014978,-0.6542207209531965,-1.1831744773148885,-2.705890248315047
-1.3721036963659112,-0.9517500580765804,1.5964838557687837,-0.7398941579665655,-0.6542207209531965,-0.46276355877195,0.5581043259384137
-1.3721036963659112,-0.9517500580765804,1.5964838557687837,-0.7398941579665655,-0.34835176483134134,-0.8629918468513602,0.5581043259384137
0.5205188689000944,0.5771815564054009,-0.7519071313324821,-0.4800467041014978,-0.39933094374817096,-1.0764469338270457,0.5581043259384137
-1.3721036963659112,-0.9517500580765804,1.5964838557687837,-0.7398941579665655,-0.34835176483134134,-0.9430375044672422,0.5581043259384137
-1.1618131413908286,1.427420427218831,-0.7519071313324821,-0.4800467041014978,-0.6542207209531965,-0.8629918468513602,-3.1138890090978726
-0.45446943084181896,-0.9517500580765804,1.356162741348676,-0.7398941579665655,-0.3761583116323792,-0.9964012762111636,0.5581043259384137
-1.1618131413908286,1.427420427218831,-0.7519071313324821,-0.4800467041014978,-0.3761583116323792,0.1509198162831456,0.1501055651555881
-1.3721036963659112,-0.9517500580765804,1.5964838557687837,-0.7398941579665655,-0.6542207209531965,1.1381495935456907,0.5581043259384137
0.31022831392501166,-0.9517500580765804,-0.7519071313324821,-0.7398941579665655,-0.6542207209531965,-0.06253527069253983,0.5581043259384137
1.1513930573220963,1.0356728443857133,-0.7519071313324821,2.1184403072768565,0.875124059656079,-0.7295824174915568,0.5581043259384137
-0.6150546702595091,1.427420427218831,-0.7519071313324821,0.19556041776598138,-0.6542207209531965,-0.46276355877195,-0.33949384538197364
0.7308094238751771,-0.9517500580765804,-0.08687504536473173,-0.7398941579665655,-0.6542207209531965,-0.46276355877195,-1.481889477975714
1.1513930573220963,0.2714917705417314,-0.7519071313324821,0.5593493477226117,-0.6542207209531965,-0.9964012762111636,0.5581043259384137
0.9411025023470135,-0.12059870525149664,1.1083681076063103,-0.4800467041014978,-0.6542207209531965,1.9386061697045112,0.5581043259384137
-1.3721036963659112,-0.9517500580765804,1.5964838557687837,-0.7398941579665655,-0.6542207209531965,-0.7295824174915568,0.5581043259384137
0.9411025023470135,-0.9517500580765804,-0.7519071313324821,-0.7398941579665655,2.4044688402653542,-0.46276355877195,0.5581043259384137
0.7308094238751771,1.2313752492037995,1.0773538205982682,0.039651321810556917,-0.6542207209531965,0.6045118761064772,0.5581043259384137
1.1513930573220963,-0.6833198113151797,-0.7519071313324821,-0.4800467041014978,0.3653414465564667,0.33769301738687035,-0.6658919564100632
1.1513930573220963,0.5797649722669165,0.7566132278970261,-0.4800467041014978,0.875124059656079,-0.7295824174915568,0.5581043259384137
0.09993523545317518,0.5544024970773741,-0.7519071313324821,-0.22019613205451086,-0.6542207209531965,-0.8629918468513602,0.5581043259384137
1.1513930573220963,-0.9517500580765804,-0.7519071313324821,-0.7398941579665655,1.894686227165742,-0.46276355877195,0.5581043259384137
-0.9515200629189922,1.427420427218831,1.4025127013291363,-0.22019613205451086,-0.6542207209531965,0.07087415866726357,0.5581043259384137
1.1513930573220963,-0.9517500580765804,-0.7519071313324821,-0.7398941579665655,2.4044688402653542,0.33769301738687035,0.5581043259384137
1.1513930573220963,-0.6211232225955179,-0.7519071313324821,0.29949877567562466,2.149579063060329,0.33769301738687035,0.5581043259384137
-0.11035531952190754,-0.9517500580765804,-0.7519071313324821,-0.7398941579665655,-0.6542207209531965,-0.46276355877195,0.5581043259384137
-1.3721036963659112,-0.9517500580765804,1.5964838557687837,-0.7398941579665655,-0.6542207209531965,0.07087415866726357,0.5581043259384137
1.1513930573220963,-0.18399460109236643,-0.7519071313324821,-0.4800467041014978,-0.3761583116323792,-0.19594470005234324,0.1501055651555881
-0.7412295079439094,-0.9517500580765804,-0.7519071313324821,-0.7398941579665655,-0.6542207209531965,-0.5961729881317535,0.5581043259384137
0.9411025023470135,-0.030854401687159052,-0.01324448130525735,0.29949877567562466,-0.3761583116323792,-0.9430375044672422,0.5581043259384137
0.9411025023470135,0.39241405790952766,-0.7519071313324821,0.29949877567562466,0.11045166935144125,-0.8629918468513602,0.5581043259384137
1.1513930573220963,-0.9517500580765804,-0.7519071313324821,-0.7398941579665655,-0.3761583116323792,-0.5961729881317535,0.5581043259384137
-1.3721036963659112,-0.9517500580765804,1.5964838557687837,-0.7398941579665655,-0.6542207209531965,-0.46276355877195,0.5581043259384137
1.1513930573220963,-0.9517500580765804,-0.7519071313324821,-0.7398941579665655,-0.6542207209531965,-0.9964012762111636,0.5581043259384137
1.1513930573220963,1.2279296006722544,-0.7519071313324821,2.3782877611419244,-0.39933094374817096,1.0047401641858873,0.5581043259384137
-0.9515200629189922,-0.9517500580765804,1.488568024456214,-0.7398941579665655,0.11045166935144125,-0.8629918468513602,0.5581043259384137
-0.9515200629189922,-0.9517500580765804,-0.7519071313324821,-0.7398941579665655,0.3653414465564667,-0.46276355877195,-3.1138890090978726
1.1513930573220963,0.1927065498905982,0.7387815977479955,0.29949877567562466,0.3653414465564667,1.9386061697045112,0.5581043259384137
-0.9515200629189922,-0.9517500580765804,1.578979590351556,-0.7398941579665655,-0.6542207209531965,-0.8629918468513602,-0.18989564615886145
1.1513930573220963,-0.9517500580765804,-0.7519071313324821,-0.7398941579665655,-0.1444381078535842,-0.8629918468513602,-2.8078888165130396
1.1513930573220963,-0.9517500580765804,1.3826446178949214,-0.7398941579665655,-0.6542207209531965,-0.19594470005234324,0.5581043259384137
-0.11035531952190754,1.427420427218831,0.7706843924896861,0.8191968015876794,-0.6542207209531965,0.4711024467466738,0.5581043259384137
-0.3206458744969902,-0.9517500580765804,-0.7519071313324821,-0.7398941579665655,2.4044688402653542,-0.19594470005234324,-1.481889477975714
-1.3721036963659112,-0.9517500580765804,1.5964838557687837,-0.7398941579665655,-0.6542207209531965,-0.46276355877195,0.5581043259384137
1.1513930573220963,-0.9517500580765804,-0.7519071313324821,-0.7398941579665655,1.894686227165742,-0.9430375044672422,0.5581043259384137
1.1513930573220963,-0.9517500580765804,-0.7519071313324821,-0.7398941579665655,-0.6542207209531965,0.33769301738687035,0.5581043259384137
0.9411025023470135,-0.9517500580765804,-0.7519071313324821,-0.7398941579665655,-0.39933094374817096,-0.8629918468513602,0.5581043259384137
-1.1618131413908286,-0.9517500580765804,1.563673301677697,-0.7398941579665655,-0.3761583116323792,-0.8629918468513602,-2.705890248315047
0.7308094238751771,1.1635801965595831,-0.7519071313324821,1.5987422813648018,-0.6542207209531965,-0.9830603332751833,0.5581043259384137
0.5205188689000944,-0.9517500580765804,-0.7519071313324821,-0.7398941579665655,-0.34835176483134134,-0.9430375044672422,0.1501055651555881
-1.1618131413908286,-0.9517500580765804,-0.7519071313324821,-0.7398941579665655,-0.6542207209531965,0.33769301738687035,0.5581043259384137
-1.3721036963659112,-0.9517500580765804,1.5964838557687837,-0.7398941579665655,-0.6542207209531965,0.7379213054662805,0.5581043259384137
0.31022831392501166,-0.9517500580765804,-0.7519071313324821,-0.7398941579665655,-0.39933094374817096,-0.6228548740037141,0.5581043259384137
-1.3721036963659112,-0.9517500580765804,1.5964838557687837,-0.7398941579665655,-0.6542207209531965,-0.7295824174915568,0.5581043259384137
0.7308094238751771,-0.9517500580765804,-0.7519071313324821,-0.7398941579665655,1.3849066727556911,-0.9964012762111636,-0.18989564615886145
-1.1618131413908286,1.427420427218831,-0.7519071313324821,-0.4800467041014978,-0.6542207209531965,-0.5961729881317535,-2.297891487532222
-1.3721036963659112,-0.9517500580765804,1.5964838557687837,-0.7398941579665655,-0.6542207209531965,0.33769301738687035,-1.8898927267493963
-1.3721036963659112,-0.9517500580765804,1.5964838557687837,-0.7398941579665655,-0.6542207209531965,-1.2231973061228294,0.5581043259384137
0.7308094238751771,-0.9517500580765804,-0.7519071313324821,-0.7398941579665655,-0.1444381078535842,-0.9430375044672422,0.5581043259384137
-1.1197540209971106,1.427420427218831,-0.7519071313324821,-0.4280759660557166,-0.6542207209531965,-0.9964012762111636,-3.032288359343136
-0.9515200629189922,-0.0010387265494569873,1.3800052371776101,-0.4800467041014978,-0.6542207209531965,-0.46276355877195,0.5581043259384137
-0.7412295079439094,1.427420427218831,1.4347894661063152,0.039651321810556917,-0.39933094374817096,0.33769301738687035,0.5581043259384137
-1.1618131413908286,1.427420427218831,1.4495772318241469,-0.4800467041014978,-0.6542207209531965,-0.46276355877195,-1.481889477975714
-1.3721036963659112,-0.9517500580765804,1.5964838557687837,-0.7398941579665655,-0.6542207209531965,-0.5961729881317535,0.5581043259384137
0.23375879179800402,0.5540053044562553,0.13978510415904813,0.6774598424546029,-0.2718845258008776,-0.9430375044672422,0.1501055651555881
0.9411025023470135,-0.9429511879595465,-0.7519071313324821,-0.22019613205451086,1.045052616919137,0.07087415866726357,0.5581043259384137
0.31022831392501166,-0.9517500580765804,-0.7519071313324821,-0.7398941579665655,-0.6542207209531965,-0.32935412941214665,0.5581043259384137
1.1513930573220963,-0.9516394041309363,-0.7519071313324821,-0.4800467041014978,2.4044688402653542,0.6045118761064772,0.5581043259384137
-0.7412295079439094,0.8597498448312724,-0.7519071313324821,-0.4800467041014978,-0.6542207209531965,-0.5961729881317535,-2.297891487532222
0.31022831392501166,-0.9517500580765804,-0.7519071313324821,-0.7398941579665655,1.7927309280216444,-0.7295824174915568,0.5581043259384137
1.1513930573220963,0.9062732085553294,0.026493560571508677,1.079044255452747,-0.39933094374817096,0.4711024467466738,-1.0738907171928882
-1.1426951299848882,1.427420427218831,-0.25765140900071687,-0.4564233578823318,-0.6542207209531965,-0.7829461892354782,0.5581043259384137
-1.3721036963659112,-0.9517500580765804,1.5964838557687837,-0.7398941579665655,-0.6542207209531965,-0.5961729881317535,0.5581043259384137
-1.3721036963659112,-0.9517500580765804,1.5964838557687837,-0.7398941579665655,-0.39933094374817096,-0.06253527069253983,0.5581043259384137
-1.3721036963659112,-0.9517500580765804,1.5964838557687837,-0.7398941579665655,-0.6542207209531965,-1.2231973061228294,-0.6658919564100632
-1.3721036963659112,-0.9517500580765804,1.5964838557687837,-0.7398941579665655,-0.6542207209531965,0.4711024467466738,0.5581043259384137
-1.3721036963659112,-0.9517500580765804,1.5964838557687837,-0.7398941579665655,-0.6542207209531965,-0.7295824174915568,0.5581043259384137
-1.3721036963659112,-0.9517500580765804,1.5964838557687837,-0.7398941579665655,-0.6542207209531965,0.7379213054662805,0.5581043259384137
1.1513930573220963,-0.9517500580765804,-0.7519071313324821,-0.7398941579665655,0.7360913256508896,-0.9430375044672422,0.5581043259384137
0.9411025023470135,-0.9517500580765804,-0.7519071313324821,-0.7398941579665655,-0.2718845258008776,-0.9964012762111636,-1.8898927267493963
-1.1618131413908286,1.427420427218831,-0.7519071313324821,-0.4800467041014978,-0.34835176483134134,-0.5961729881317535,-2.297891487532222
-1.3721036963659112,-0.9517500580765804,1.5964838557687837,-0.7398941579665655,-0.6542207209531965,-0.9964012762111636,0.059439173870516004
1.1513930573220963,-0.9517500580765804,-0.7519071313324821,-0.7398941579665655,1.3849066727556911,-0.9964012762111636,0.5581043259384137
0.9411025023470135,-0.9517500580765804,-0.7519071313324821,-0.7398941579665655,2.4044688402653542,-0.7295824174915568,0.5581043259384137
0.7308094238751771,1.427420427218831,-0.7519071313324821,1.8585897352298697,1.7247607285922455,-0.19594470005234324,0.1501055651555881
1.1513930573220963,-0.9517500580765804,-0.7519071313324821,-0.7398941579665655,1.3849066727556911,-0.5428092163878321,0.5581043259384137
-0.3206458744969902,1.427420427218831,-0.7519071313324821,0.5593493477226117,-0.6542207209531965,1.1381495935456907,0.5581043259384137
1.1513930573220963,0.3567032964648914,-0.7519071313324821,1.5987422813648018,-0.6542207209531965,0.07087415866726357,0.5581043259384137
-0.7412295079439094,1.427420427218831,-0.7519071313324821,0.039651321810556917,-0.6542207209531965,0.07087415866726357,-0.6658919564100632
1.1513930573220963,-0.9517500580765804,-0.7519071313324821,-0.7398941579665655,2.4044688402653542,-0.9430375044672422,0.5581043259384137
-0.5309389529688268,-0.9517500580765804,-0.7519071313324821,-0.7398941579665655,2.4044688402653542,0.6045118761064772,-2.297891487532222
-1.3721036963659112,-0.9517500580765804,1.5964838557687837,-0.7398941579665655,-0.2718845258008776,-0.46276355877195,0.10930524027822004
1.1513930573220963,0.9931848034530804,-0.7519071313324821,1.5987422813648018,-0.6542207209531965,-0.19594470005234324,0.5581043259384137
1.1513930573220963,-0.9517500580765804,-0.7519071313324821,-0.7398941579665655,1.894686227165742,0.33769301738687035,0.5581043259384137
-1.3721036963659112,-0.9517500580765804,1.5964838557687837,-0.7398941579665655,-0.39933094374817096,-0.5961729881317535,0.5581043259384137
-1.3721036963659112,-0.9517500580765804,1.5964838557687837,-0.7398941579665655,0.5692551035342239,-0.7295824174915568,0.5581043259384137
-0.9515200629189922,1.427420427218831,-0.7519071313324821,-0.22019613205451086,-0.6542207209531965,0.6045118761064772,-2.297891487532222
-1.3721036963659112,-0.9517500580765804,1.5964838557687837,-0.7398941579665655,-0.39933094374817096,-0.8363099609793996,0.5581043259384137
-1.3721036963659112,-0.9517500580765804,1.5964838557687837,-0.7398941579665655,-0.6542207209531965,-0.7295824174915568,0.5581043259384137
-0.7412295079439094,-0.9517500580765804,-0.7519071313324821,-0.7398941579665655,-0.6542207209531965,-0.5961729881317535,-2.297891487532222
-1.3721036963659112,-0.9517500580765804,1.5964838557687837,-0.7398941579665655,-0.6542207209531965,-0.9430375044672422,0.5581043259384137
-1.1618131413908286,1.427420427218831,-0.7519071313324821,-0.4800467041014978,-0.09809590231156196,0.33769301738687035,-1.8898927267493963
-1.3721036963659112,-0.9517500580765804,1.5964838557687837,-0.7398941579665655,-0.6542207209531965,-0.46276355877195,0.5581043259384137
-0.9515200629189922,-0.21126781060840033,-0.7519071313324821,-0.4800467041014978,-0.6542207209531965,-0.9964012762111636,0.5581043259384137
1.1513930573220963,0.4905000537934729,-0.7519071313324821,-0.22019613205451086,-0.6542207209531965,-0.19594470005234324,0.5581043259384137
1.1513930573220963,-0.2149383168561486,-0.3422526989874907,-0.22019613205451086,-0.6542207209531965,-0.8629918468513602,0.5581043259384137
0.09993523545317518,0.8022100478615544,-0.7519071313324821,1.079044255452747,-0.314366665116642,-0.7295824174915568,-0.6658919564100632
0.09993523545317518,0.6921702655558378,0.5512867135023225,0.5593493477226117,-0.09809590231156196,-0.7295824174915568,0.5581043259384137
1.1513930573220963,0.3754048552384088,-0.7519071313324821,-0.22019613205451086,-0.09809590231156196,0.33769301738687035,0.5581043259384137
1.1513930573220963,-0.9517500580765804,-0.7519071313324821,-0.7398941579665655,0.875124059656079,-0.8629918468513602,0.5581043259384137
-1.3721036963659112,-0.9517500580765804,1.5964838557687837,-0.7398941579665655,-0.6542207209531965,-0.46276355877195,-0.25789319562723756
-0.5309389529688268,-0.04711985309355799,0.5392295334157591,-0.4800467041014978,-0.6542207209531965,-0.06253527069253983,0.5581043259384137
-0.11035531952190754,1.427420427218831,1.4806933744314976,0.8191968015876794,2.149579063060329,-0.46276355877195,0.5581043259384137
1.1513930573220963,-0.2643049847287484,-0.7519071313324821,-0.4800467041014978,-0.6542207209531965,0.20428358802706698,0.5581043259384137
1.1513930573220963,-0.9517500580765804,-0.7519071313324821,-0.7398941579665655,2.149579063060329,-0.7295824174915568,0.5581043259384137
1.1513930573220963,1.2155214864493684,0.11253621019927545,2.3782877611419244,-0.6542207209531965,0.6045118761064772,0.5581043259384137
1.1513930573220963,-0.7394458520531687,-0.7519071313324821,-0.22019613205451086,-0.6542207209531965,-0.32935412941214665,0.5581043259384137
-0.11035531952190754,-0.9517500580765804,-0.7519071313324821,-0.7398941579665655,1.7927309280216444,-0.35603601528410733,-1.481889477975714
1.1513930573220963,0.2101675955900064,-0.7519071313324821,2.3782877611419244,2.4044688402653542,-0.32935412941214665,0.5581043259384137
0.31022831392501166,-0.9517500580765804,1.3559181969428618,-0.7398941579665655,1.8483440216237197,-0.32935412941214665,0.5581043259384137
0.9411025023470135,0.7242576725286206,-0.7519071313324821,1.079044255452747,0.26338614741236877,-0.19594470005234324,0.5581043259384137
1.1513930573220963,-0.9517500580765804,-0.7519071313324821,-0.7398941579665655,-0.1444381078535842,0.07087415866726357,0.5581043259384137
-1.1618131413908286,1.427420427218831,-0.7519071313324821,-0.4800467041014978,0.3653414465564667,-0.5961729881317535,-2.297891487532222
0.31022831392501166,1.191383512706161,0.39441791755037686,0.5593493477226117,-0.6542207209531965,1.8051967403447078,0.5581043259384137
-1.3721036963659112,-0.9517500580765804,1.5964838557687837,-0.7398941579665655,-0.2718845258008776,-0.9430375044672422,-0.25789319562723756
1.1513930573220963,0.6424008248941236,-0.7519071313324821,2.3782877611419244,1.180993015777934,0.33769301738687035,0.1501055651555881
-1.3721036963659112,-0.9517500580765804,1.5964838557687837,-0.7398941579665655,-0.6542207209531965,-0.7829461892354782,0.5581043259384137
0.09993523545317518,1.427420427218831,0.7536657868687123,1.079044255452747,-0.39933094374817096,-0.7295824174915568,0.5581043259384137
1.1513930573220963,-0.056431392244030515,-0.7519071313324821,1.5987422813648018,-0.6542207209531965,-0.46276355877195,0.5581043259384137
1.1513930573220963,1.427420427218831,-0.7519071313324821,2.3782877611419244,-0.314366665116642,-0.9430375044672422,0.5581043259384137
-0.5309389529688268,-0.9517500580765804,-0.7519071313324821,-0.7398941579665655,-0.6542207209531965,-0.9430375044672422,-1.481889477975714
1.1513930573220963,-0.9517500580765804,-0.7519071313324821,-0.7398941579665655,0.875124059656079,-0.46276355877195,0.5581043259384137
0.7308094238751771,-0.9517500580765804,1.0932899735973847,-0.7398941579665655,-0.6542207209531965,-0.32935412941214665,0.5581043259384137
-1.1618131413908286,1.427420427218831,-0.7519071313324821,-0.4800467041014978,-0.6542207209531965,-0.8629918468513602,-3.1138890090978726
-1.3721036963659112,-0.9517500580765804,1.5964838557687837,-0.7398941579665655,-0.6542207209531965,1.538377881625101,0.5581043259384137
-1.3721036963659112,-0.9517500580765804,1.5964838557687837,-0.7398941579665655,-0.1444381078535842,-0.5961729881317535,0.5581043259384137
0.5205188689000944,-0.9517500580765804,-0.7519071313324821,-0.7398941579665655,-0.6542207209531965,-0.8629918468513602,-2.297891487532222
1.1513930573220963,-0.9517500580765804,-0.7519071313324821,-0.7398941579665655,-0.39933094374817096,-0.8629918468513602,-1.8898927267493963
-1.3721036963659112,-0.9517500580765804,1.5964838557687837,-0.7398941579665655,-0.6542207209531965,-0.7829461892354782,-1.0738907171928882
-1.3721036963659112,-0.9517500580765804,1.5964838557687837,-0.7398941579665655,-0.2172655063061979,-0.46276355877195,-0.25789319562723756
-1.1426951299848882,1.427420427218831,1.060873531726179,-0.4564233578823318,-0.6542207209531965,-0.8629918468513602,0.5581043259384137
1.1513930573220963,1.427420427218831,0.13211180661613736,2.3782877611419244,-0.6542207209531965,-0.5961729881317535,0.5581043259384137
0.31022831392501166,-0.20997849156290277,-0.7519071313324821,-0.4800467041014978,0.025487390719912358,0.33769301738687035,0.5581043259384137
0.31022831392501166,1.427420427218831,-0.7519071313324821,1.338894827499734,-0.6542207209531965,-0.9430375044672422,0.5581043259384137
-1.0116045206243036,1.427420427218831,-0.7519071313324821,-0.29444004354848397,-0.2172655063061979,-0.9430375044672422,0.5581043259384137
0.31022831392501166,-0.9517500580765804,-0.7519071313324821,-0.7398941579665655,0.656644922987799,-0.46276355877195,-0.6658919564100632
1.1513930573220963,0.46087130341897825,-0.7519071313324821,-0.22019613205451086,-0.6542207209531965,0.33769301738687035,0.5581043259384137
-1.3721036963659112,-0.9517500580765804,1.5964838557687837,-0.7398941579665655,-0.6542207209531965,-0.19594470005234324,0.5581043259384137
-0.7412295079439094,-0.9517500580765804,-0.7519071313324821,-0.7398941579665655,-0.6542207209531965,-0.8629918468513602,0.1501055651555881
-0.3206458744969902,1.2883314199515936,-0.7519071313324821,0.5593493477226117,2.4044688402653542,-1.129810705570967,-1.8898927267493963
-1.3721036963659112,-0.9517500580765804,1.5964838557687837,-0.7398941579665655,-0.6542207209531965,-0.46276355877195,0.5581043259384137
-1.3721036963659112,-0.9517500580765804,1.5964838557687837,-0.7398941579665655,-0.6542207209531965,-0.06253527069253983,0.5581043259384137
-0.9515200629189922,1.427420427218831,-0.7519071313324821,-0.22019613205451086,0.3653414465564667,-0.9964012762111636,-2.297891487532222
-1.1618131413908286,1.427420427218831,1.5275112510024706,-0.4800467041014978,-0.6542207209531965,0.33769301738687035,0.5581043259384137
1.1513930573220963,-0.28397679111843177,0.570425882069154,0.5593493477226117,-0.6542207209531965,0.7379213054662805,0.5581043259384137
-1.3721036963659112,-0.9517500580765804,1.5964838557687837,-0.7398941579665655,-0.6542207209531965,-0.46276355877195,0.5581043259384137
-0.9515200629189922,-0.9517500580765804,-0.7519071313324821,-0.7398941579665655,-0.6542207209531965,-0.8629918468513602,0.5581043259384137
1.1513930573220963,0.15189911706803755,-0.7519071313324821,1.5987422813648018,-0.6542207209531965,1.0047401641858873,0.5581043259384137
1.1513930573220963,-0.9517500580765804,-0.7519071313324821,-0.7398941579665655,-0.6542207209531965,-0.06253527069253983,0.5581043259384137
1.1513930573220963,-0.9517500580765804,-0.7519071313324821,-0.7398941579665655,-0.6542207209531965,-0.06253527069253983,0.5581043259384137
1.1513930573220963,0.0181970304948193,-0.7519071313324821,0.5593493477226117,0.6202342824510535,0.33769301738687035,0.5581043259384137
-1.3721036963659112,-0.9517500580765804,1.5964838557687837,-0.7398941579665655,-0.39933094374817096,-0.8629918468513602,0.5581043259384137
1.1513930573220963,0.5581929956942404,-0.7519071313324821,1.338894827499734,-0.6542207209531965,-0.19594470005234324,-0.25789319562723756
-0.11035531952190754,-0.9517500580765804,-0.7519071313324821,-0.7398941579665655,-0.6542207209531965,-0.5961729881317535,-1.8898927267493963
0.8359559631110953,0.9598266451438594,0.9614078280275545,0.4294240616991182,-0.04248280870948625,-0.7295824174915568,-0.00289453113682849
0.9411025023470135,-0.9517500580765804,-0.7519071313324821,-0.7398941579665655,0.875124059656079,0.07087415866726357,0.5581043259384137
-0.5309389529688268,1.427420427218831,1.2432716877791046,0.29949877567562466,-0.6542207209531965,-0.7829461892354782,0.5581043259384137
-0.11035531952190754,-0.3747766604571235,-0.7519071313324821,-0.4800467041014978,0.7360913256508896,-0.7829461892354782,-0.6658919564100632
-0.5309389529688268,0.6498552360251907,-0.7519071313324821,0.29949877567562466,-0.6542207209531965,-0.19594470005234324,-2.297891487532222
0.7308094238751771,-0.40860296596807355,-0.7519071313324821,-0.4800467041014978,1.7927309280216444,-0.4894454446439107,0.5581043259384137
-0.5309389529688268,0.36281682124081904,1.5452598948058598,-0.4800467041014978,-0.6542207209531965,1.4049684522652977,0.5581043259384137
0.9411025023470135,-0.9517500580765804,-0.7519071313324821,-0.7398941579665655,-0.6542207209531965,-0.8629918468513602,0.5581043259384137
-0.7412295079439094,1.2967207118574273,-0.7519071313324821,-0.22019613205451086,-0.6542207209531965,0.07087415866726357,-0.6658919564100632
-0.5309389529688268,-0.9517500580765804,1.1919987575074047,-0.7398941579665655,0.5692551035342239,-0.5961729881317535,-0.4392259781973822
1.1513930573220963,-0.9517500580765804,-0.7519071313324821,-0.7398941579665655,2.4044688402653542,-0.5961729881317535,0.5581043259384137
1.1513930573220963,-0.9517500580765804,-0.7519071313324821,-0.7398941579665655,1.894686227165742,-0.5961729881317535,0.5581043259384137
-0.11035531952190754,0.9893567476276329,-0.7519071313324821,-0.4800467041014978,-0.09809590231156196,-0.19594470005234324,-1.481889477975714
-0.7412295079439094,0.6005776429413427,0.3595125532604661,-0.22019613205451086,-0.6542207209531965,-0.7829461892354782,0.5581043259384137
-0.11035531952190754,-0.9517500580765804,-0.7519071313324821,-0.7398941579665655,-0.39933094374817096,-0.5961729881317535,-0.6658919564100632
0.5205188689000944,1.0863146016019145,-0.7519071313324821,1.5987422813648018,-0.6542207209531965,-0.19594470005234324,0.5581043259384137
-0.3206458744969902,1.427420427218831,-0.7519071313324821,0.5593493477226117,-0.6542207209531965,-0.9430375044672422,0.5581043259384137
1.1513930573220963,-0.9517500580765804,-0.7519071313324821,-0.7398941579665655,2.4044688402653542,-0.46276355877195,0.5581043259384137
-1.0116045206243036,1.427420427218831,-0.7519071313324821,-0.29444004354848397,-0.6542207209531965,-1.1831744773148885,-3.288745620861941
0.09993523545317518,0.09174069734411702,1.188371903129922,0.039651321810556917,-0.6542207209531965,0.07087415866726357,0.5581043259384137
0.7308094238751771,-0.477731351807465,1.2341244879436994,-0.4800467041014978,-0.6542207209531965,-0.7295824174915568,0.5581043259384137
-1.3721036963659112,-0.9517500580765804,1.5964838557687837,-0.7398941579665655,-0.6542207209531965,-0.9964012762111636,0.5581043259384137
1.1513930573220963,-0.9517500580765804,-0.7519071313324821,-0.7398941579665655,-0.04248280870948625,0.33769301738687035,0.5581043259384137
-0.5309389529688268,-0.9517500580765804,-0.7519071313324821,-0.7398941579665655,-0.6542207209531965,-1.0230831620831242,-2.705890248315047
0.7308094238751771,-0.9517500580765804,0.8090170548665542,-0.7398941579665655,-0.39933094374817096,-0.32935412941214665,0.5581043259384137
-0.11035531952190754,-0.5007553612430962,-0.7519071313324821,-0.22019613205451086,-0.6542207209531965,-0.9430375044672422,0.5581043259384137
1.1513930573220963,-0.9517500580765804,-0.7519071313324821,-0.7398941579665655,2.4044688402653542,-0.46276355877195,0.5581043259384137
-1.1618131413908286,1.427420427218831,0.8691311459630763,-0.4800467041014978,-0.6542207209531965,-0.5961729881317535,0.5581043259384137
1.1513930573220963,0.6398499488428727,-0.7519071313324821,0.039651321810556917,-0.6542207209531965,-0.06253527069253983,0.5581043259384137
0.7908938815804886,-0.9517500580765804,-0.7519071313324821,-0.7398941579665655,-0.6542207209531965,-0.8629918468513602,0.5581043259384137
-1.1618131413908286,1.427420427218831,1.5017748502931987,-0.4800467041014978,-0.6542207209531965,0.36437490325883104,0.5581043259384137
0.31022831392501166,0.8246291588080522,-0.7519071313324821,0.039651321810556917,-0.6542207209531965,-0.9964012762111636,0.5581043259384137
1.1513930573220963,-0.9517500580765804,-0.7519071313324821,-0.7398941579665655,2.149579063060329,1.298240908777455,0.5581043259384137
0.09993523545317518,1.427420427218831,-0.308647822925206,1.079044255452747,-0.3761583116323792,-0.26264941473224496,0.5581043259384137
0.31022831392501166,1.2190179464517992,-0.7519071313324821,1.338894827499734,-0.6542207209531965,0.6045118761064772,0.5581043259384137
-1.1618131413908286,-0.9517500580765804,-0.7519071313324821,-0.7398941579665655,0.875124059656079,0.33769301738687035,-2.297891487532222
1.1513930573220963,0.4675656961191748,-0.06204587865099685,1.079044255452747,-0.6542207209531965,0.31101113151490967,0.5581043259384137
1.1513930573220963,-0.5253957749861689,-0.7519071313324821,0.5593493477226117,-0.1444381078535842,-0.46276355877195,0.5581043259384137
0.9411025023470135,0.5517001140400752,-0.7519071313324821,0.039651321810556917,-0.6542207209531965,-0.46276355877195,0.5581043259384137
0.5205188689000944,-0.9517500580765804,-0.7519071313324821,-0.7398941579665655,1.180993015777934,-0.889673732723321,0.5581043259384137
0.5205188689000944,-0.36148668540441997,0.8795961187305168,-0.22019613205451086,-0.6542207209531965,-0.4894454446439107,0.5581043259384137
0.7308094238751771,-0.9517500580765804,0.9961155552460285,-0.7398941579665655,-0.6542207209531965,-0.46276355877195,0.5581043259384137
0.31022831392501166,-0.6276645532787375,-0.7519071313324821,-0.22019613205451086,0.7360913256508896,0.33769301738687035,-0.6658919564100632
-0.36270499489070823,0.7124395144602625,1.3851648188692542,-0.11625777414486754,-0.6542207209531965,0.07087415866726357,0.5581043259384137
-1.3721036963659112,-0.9517500580765804,1.5964838557687837,-0.7398941579665655,-0.04248280870948625,0.07087415866726357,0.5581043259384137
-0.7412295079439094,1.427420427218831,0.5224810326752605,0.039651321810556917,-0.6542207209531965,-0.9163556185952816,0.5581043259384137
-1.1618131413908286,1.427420427218831,-0.7519071313324821,-0.4800467041014978,-0.6542207209531965,-1.0764469338270457,0.5581043259384137
0.5205188689000944,-0.9517500580765804,-0.7519071313324821,-0.7398941579665655,2.0985998841434994,0.07087415866726357,-0.25789319562723756
0.7308094238751771,-0.9517500580765804,-0.7519071313324821,-0.7398941579665655,-0.6542207209531965,-0.46276355877195,0.5581043259384137
-0.7412295079439094,1.427420427218831,-0.7519071313324821,0.039651321810556917,-0.6542207209531965,-0.9430375044672422,0.5581043259384137
-1.3721036963659112,-0.9517500580765804,1.5964838557687837,-0.7398941579665655,-0.6542207209531965,-0.7295824174915568,0.5581043259384137
-1.3721036963659112,-0.9517500580765804,1.5964838557687837,-0.7398941579665655,-0.6542207209531965,-1.049765047955085,0.5581043259384137
1.1513930573220963,-0.9517500580765804,-0.7519071313324821,-0.7398941579665655,-0.04248280870948625,-0.9964012762111636,0.5581043259384137
-0.9515200629189922,1.427420427218831,-0.7519071313324821,-0.22019613205451086,-0.6542207209531965,-0.8629918468513602,0.5581043259384137
-1.1618131413908286,1.427420427218831,-0.7519071313324821,-0.4800467041014978,-0.6542207209531965,-0.19594470005234324,-3.1138890090978726
1.1513930573220963,-0.9517500580765804,-0.7519071313324821,-0.7398941579665655,-0.6542207209531965,-0.5961729881317535,0.5581043259384137
0.31022831392501166,-0.9517500580765804,-0.7519071313324821,-0.7398941579665655,-0.39933094374817096,-0.9964012762111636,0.5581043259384137
1.1513930573220963,-0.9517500580765804,-0.7519071313324821,-0.7398941579665655,0.6202342824510535,-0.5428092163878321,0.5581043259384137
0.5205188689000944,0.9699873867247203,0.8032244185573534,0.5593493477226117,-0.6542207209531965,0.7379213054662805,0.5581043259384137
-0.5309389529688268,1.427420427218831,-0.7519071313324821,0.29949877567562466,-0.09809590231156196,-0.19594470005234324,-0.25789319562723756
0.7308094238751771,-0.9517500580765804,-0.7519071313324821,-0.7398941579665655,0.4927878645037601,-0.9964012762111636,0.1501055651555881
-1.3721036963659112,-0.9517500580765804,1.5964838557687837,-0.7398941579665655,-0.6542207209531965,-0.4761045017079304,0.5581043259384137
1.1513930573220963,0.2609026203381521,-0.12531969827233885,1.5987422813648018,-0.6542207209531965,0.07087415866726357,0.5581043259384137
-1.0566666021549103,1.427420427218831,-0.7519071313324821,-0.35012141807800434,-0.6542207209531965,-0.9430375044672422,-2.246889959437797
0.5205188689000944,-0.9517500580765804,1.4112894316533666,-0.7398941579665655,-0.6542207209531965,-0.46276355877195,0.5581043259384137
0.06989553009727306,-0.9517500580765804,-0.7519071313324821,-0.7398941579665655,2.4044688402653542,-0.46276355877195,-1.3653184034663355
0.8710048095230681,-0.9517500580765804,-0.7519071313324821,-0.7398941579665655,1.0936031963243587,-0.9964012762111636,0.059439173870516004
-0.9515200629189922,-0.9517500580765804,-0.7519071313324821,-0.7398941579665655,-0.2172655063061979,-0.46276355877195,-1.8898927267493963
0.8990433819532956,0.23637319426514958,-0.4619391576083688,0.8191968015876794,-0.34835176483134134,-0.7029005316195962,0.5581043259384137
0.4631673581790269,0.8464609574818632,-0.7519071313324821,0.3939890423703693,-0.6542207209531965,-0.32935412941214665,0.5581043259384137
-0.11035531952190754,-0.9517500580765804,-0.7519071313324821,-0.7398941579665655,2.4044688402653542,-0.46276355877195,-1.0738907171928882
-1.3721036963659112,-0.9517500580765804,1.5964838557687837,-0.7398941579665655,-0.6542207209531965,-0.7295824174915568,0.5581043259384137
0.7308094238751771,-0.9517500580765804,-0.7519071313324821,-0.7398941579665655,-0.39933094374817096,-0.9430375044672422,0.5581043259384137
-1.3721036963659112,-0.9517500580765804,1.5964838557687837,-0.7398941579665655,-0.6542207209531965,1.1381495935456907,0.5581043259384137
-0.11035531952190754,0.7586083871609131,0.9550153712124537,0.039651321810556917,-0.39933094374817096,-0.7829461892354782,0.5581043259384137
-0.11035531952190754,0.5471841179896063,-0.7519071313324821,-0.4800467041014978,-0.6542207209531965,-0.46276355877195,-3.1138890090978726
-1.1618131413908286,1.427420427218831,-0.7519071313324821,-0.4800467041014978,-0.6542207209531965,-0.5961729881317535,-3.1138890090978726
-0.11035531952190754,-0.9517500580765804,-0.7519071313324821,-0.7398941579665655,-0.314366665116642,-0.46276355877195,0.1501055651555881
-1.1618131413908286,-0.9517500580765804,-0.7519071313324821,-0.7398941579665655,-0.6542207209531965,-0.46276355877195,-3.1138890090978726
-1.1618131413908286,1.427420427218831,-0.7519071313324821,-0.4800467041014978,-0.34835176483134134,-0.8629918468513602,-0.25789319562723756
-0.3206458744969902,-0.9517500580765804,-0.7519071313324821,-0.7398941579665655,0.45802891633007253,-0.19594470005234324,-2.297891487532222
-1.3721036963659112,-0.9517500580765804,1.5964838557687837,-0.7398941579665655,-0.6542207209531965,-0.8629918468513602,-0.25789319562723756
1.1513930573220963,0.7462432025732495,-0.7519071313324821,2.1184403072768565,2.4044688402653542,-1.049765047955085,0.5581043259384137
-1.1618131413908286,-0.9517500580765804,-0.7519071313324821,-0.7398941579665655,-0.6542207209531965,-0.19594470005234324,-2.705890248315047
1.1513930573220963,-0.9517500580765804,-0.7519071313324821,-0.7398941579665655,1.894686227165742,0.07087415866726357,0.5581043259384137
1.1513930573220963,-0.8332371423748484,-0.7519071313324821,-0.4800467041014978,-0.6542207209531965,-0.7295824174915568,0.5581043259384137
-0.7412295079439094,1.427420427218831,-0.7519071313324821,0.039651321810556917,-0.6542207209531965,-0.7829461892354782,0.5581043259384137
0.31022831392501166,1.095818218238508,0.06847451955471623,1.079044255452747,-0.6542207209531965,-0.46276355877195,0.5581043259384137
-1.3721036963659112,-0.9517500580765804,1.5964838557687837,-0.7398941579665655,-0.6542207209531965,1.538377881625101,0.5581043259384137
1.1513930573220963,-0.6440880747028682,-0.7519071313324821,0.29949877567562466,-0.6542207209531965,-0.7295824174915568,-0.6658919564100632
1.1513930573220963,-0.9517500580765804,-0.7519071313324821,-0.7398941579665655,2.149579063060329,-0.06253527069253983,0.5581043259384137
0.31022831392501166,1.084876218518996,-0.7519071313324821,0.29949877567562466,-0.6542207209531965,-0.7562643033635175,0.5581043259384137
1.1513930573220963,-0.9517500580765804,-0.7519071313324821,-0.7398941579665655,-0.6542207209531965,0.07087415866726357,0.5581043259384137
-1.3721036963659112,-0.9517500580765804,1.5964838557687837,-0.7398941579665655,0.11045166935144125,-0.32935412941214665,-1.481889477975714
0.5205188689000944,0.8959580907568964,-0.7519071313324821,1.079044255452747,-0.39933094374817096,-0.8629918468513602,0.5581043259384137
-0.9515200629189922,-0.9517500580765804,-0.7519071313324821,-0.7398941579665655,-0.6542207209531965,0.07087415866726357,0.5581043259384137
1.1513930573220963,0.15910337826488885,-0.7519071313324821,0.039651321810556917,-0.39933094374817096,0.6045118761064772,0.5581043259384137
-0.3206458744969902,-0.9517500580765804,-0.7519071313324821,-0.7398941579665655,0.7360913256508896,0.07087415866726357,-1.8898927267493963
0.8990433819532956,0.32375187714864173,-0.7519071313324821,0.8191968015876794,-0.2172655063061979,-0.19594470005234324,0.10930524027822004
-0.9515200629189922,-0.9517500580765804,-0.7519071313324821,-0.7398941579665655,0.17996650700925526,0.07087415866726357,-2.705890248315047
-1.0566666021549103,1.427420427218831,0.3325581570561177,-0.35012141807800434,-0.6542207209531965,-0.9430375044672422,-0.00289453113682849
1.1513930573220963,-0.9517500580765804,-0.7519071313324821,-0.7398941579665655,2.149579063060329,0.07087415866726357,0.5581043259384137
0.9219844909410732,-0.9517500580765804,1.2582004064946153,-0.7398941579665655,-0.09809590231156196,-0.5961729881317535,0.5581043259384137
0.9411025023470135,0.18063873168689362,-0.7519071313324821,-0.4800467041014978,1.6397964499607167,0.07087415866726357,0.5581043259384137
-0.9515200629189922,-0.9517500580765804,-0.7519071313324821,-0.7398941579665655,2.4044688402653542,-1.129810705570967,-3.1138890090978726
-1.3721036963659112,-0.9517500580765804,1.5964838557687837,-0.7398941579665655,-0.6542207209531965,-0.9964012762111636,-3.1138890090978726
-0.9515200629189922,0.33906379748160975,-0.7519071313324821,-0.22019613205451086,-0.6542207209531965,-0.8629918468513602,0.5581043259384137
0.5205188689000944,-0.9517500580765804,-0.7519071313324821,-0.7398941579665655,1.3849066727556911,0.07087415866726357,-0.25789319562723756
0.7308094238751771,-0.9517500580765804,-0.7519071313324821,-0.7398941579665655,2.0221326451130355,-0.5961729881317535,-0.25789319562723756
0.5205188689000944,1.2942188542332937,-0.7519071313324821,1.338894827499734,-0.39933094374817096,-0.19594470005234324,0.5581043259384137
-0.5309389529688268,0.56028215639032,1.4368399417113316,0.039651321810556917,-0.6542207209531965,1.0047401641858873,0.5581043259384137
-1.3721036963659112,-0.9517500580765804,1.5964838557687837,-0.7398941579665655,-0.6542207209531965,-0.5961729881317535,0.1501055651555881
-1.1618131413908286,1.427420427218831,1.5439761097749642,-0.4800467041014978,-0.39933094374817096,-1.0230831620831242,0.5581043259384137
-1.1618131413908286,1.427420427218831,-0.7519071313324821,-0.4800467041014978,-0.6542207209531965,0.33769301738687035,-3.5218877698806983
1.1513930573220963,-0.9517500580765804,-0.7519071313324821,-0.7398941579665655,-0.39933094374817096,-0.32935412941214665,0.5581043259384137
-1.3721036963659112,-0.9517500580765804,1.5964838557687837,-0.7398941579665655,-0.2718845258008776,-0.7295824174915568,0.1501055651555881
0.7908938815804886,-0.9517500580765804,-0.7519071313324821,-0.7398941579665655,2.4044688402653542,-0.8629918468513602,-0.08303658386316934
-1.3721036963659112,-0.9517500580765804,1.5964838557687837,-0.7398941579665655,-0.6542207209531965,-0.7295824174915568,-0.25789319562723756
0.7308094238751771,0.7947103185837416,-0.3984779322030478,0.29949877567562466,-0.6542207209531965,-0.7295824174915568,0.5581043259384137
-0.11035531952190754,-0.9517500580765804,-0.7519071313324821,-0.7398941579665655,-0.6542207209531965,-0.4894454446439107,-2.705890248315047
-1.3721036963659112,-0.9517500580765804,1.5964838557687837,-0.7398941579665655,-0.6542207209531965,-0.8629918468513602,0.5581043259384137
-1.1618131413908286,1.427420427218831,-0.7519071313324821,-0.4800467041014978,-0.6542207209531965,-0.46276355877195,-2.297891487532222
-1.1618131413908286,-0.9517500580765804,0.36693034744153974,-0.7398941579665655,-0.6542207209531965,-0.8629918468513602,0.5581043259384137
0.8990433819532956,0.3936323723131549,1.2654631152147782,-0.11625777414486754,-0.2718845258008776,1.4049684522652977,0.10930524027822004
-0.6150546702595091,-0.9517500580765804,-0.7519071313324821,-0.7398941579665655,-0.6542207209531965,-0.4894454446439107,-3.032288359343136
1.1513930573220963,0.3409393653684836,-0.7519071313324821,2.3782877611419244,-0.34835176483134134,-0.19594470005234324,-1.8898927267493963
0.4631673581790269,-0.9517500580765804,-0.7519071313324821,-0.7398941579665655,-0.04248280870948625,-0.5961729881317535,0.1501055651555881
-1.1618131413908286,1.427420427218831,1.365800924192202,-0.4800467041014978,-0.6542207209531965,0.8713307348260839,0.5581043259384137
1.1513930573220963,-0.9517500580765804,-0.7519071313324821,-0.7398941579665655,2.4044688402653542,-0.5961729881317535,0.5581043259384137
-1.3721036963659112,-0.9517500580765804,1.5964838557687837,-0.7398941579665655,2.4044688402653542,-0.9430375044672422,-1.6858911023625551
0.09993523545317518,-0.523261508620668,0.6514447116220272,-0.22019613205451086,-0.39933094374817096,0.8713307348260839,0.5581043259384137
-1.3721036963659112,-0.9517500580765804,1.5964838557687837,-0.7398941579665655,2.4044688402653542,-0.9964012762111636,-3.1138890090978726
0.7308094238751771,0.4644979994171497,0.5766258043085765,1.079044255452747,-0.39933094374817096,0.4711024467466738,0.5581043259384137
1.1513930573220963,-0.9517500580765804,-0.7519071313324821,-0.7398941579665655,0.3653414465564667,-0.19594470005234324,0.5581043259384137
1.1513930573220963,0.4972361915076606,-0.7519071313324821,0.29949877567562466,-0.6542207209531965,0.4711024467466738,0.5581043259384137
-0.9515200629189922,1.427420427218831,-0.7519071313324821,-0.22019613205451086,-0.6542207209531965,0.6045118761064772,-2.705890248315047
-1.1197540209971106,1.427420427218831,1.544047252744988,-0.4280759660557166,-0.6542207209531965,-0.5961729881317535,0.10930524027822004
0.7308094238751771,-0.9517500580765804,-0.7519071313324821,-0.7398941579665655,-0.6542207209531965,-0.5961729881317535,0.5581043259384137
0.9411025023470135,-0.9517500580765804,-0.7519071313324821,-0.7398941579665655,1.7927309280216444,-0.5961729881317535,0.5581043259384137
-0.5309389529688268,-0.583196442505061,-0.7519071313324821,-0.4800467041014978,-0.6542207209531965,-0.46276355877195,0.5581043259384137
0.09993523545317518,-0.9517500580765804,1.4753414300181649,-0.7398941579665655,-0.6542207209531965,0.7379213054662805,0.5581043259384137
1.1513930573220963,-0.9517500580765804,-0.7519071313324821,-0.7398941579665655,-0.6542207209531965,-0.9964012762111636,-2.297891487532222
-0.9515200629189922,1.427420427218831,-0.7519071313324821,-0.22019613205451086,-0.6542207209531965,-0.06253527069253983,0.5581043259384137
-1.3721036963659112,-0.9517500580765804,1.5964838557687837,-0.7398941579665655,-0.6542207209531965,-0.9430375044672422,0.5581043259384137
0.9411025023470135,1.1139036779414677,-0.7519071313324821,1.8585897352298697,-0.6542207209531965,0.07087415866726357,0.5581043259384137
-0.5309389529688268,-0.9517500580765804,1.306941489644713,-0.7398941579665655,-0.6542207209531965,-0.9430375044672422,0.5581043259384137
1.1513930573220963,-0.9517500580765804,-0.7519071313324821,-0.7398941579665655,0.875124059656079,-0.7562643033635175,-0.6658919564100632
-1.1618131413908286,1.427420427218831,-0.7519071313324821,-0.4800467041014978,-0.6542207209531965,-0.19594470005234324,-2.705890248315047
-0.9515200629189922,-0.9517500580765804,-0.7519071313324821,-0.7398941579665655,0.11045166935144125,0.7379213054662805,-2.297891487532222
0.39434403121569384,0.9440086443049435,-0.7519071313324821,0.8191968015876794,0.26338614741236877,-0.19594470005234324,0.5581043259384137
1.1513930573220963,-0.9517500580765804,-0.7519071313324821,-0.7398941579665655,-0.314366665116642,-0.8629918468513602,-3.1138890090978726
-0.5309389529688268,-0.9517500580765804,-0.7519071313324821,-0.7398941579665655,-0.6542207209531965,-0.8629918468513602,-2.297891487532222
0.31022831392501166,0.3131176736651511,0.4273041769901574,-0.4800467041014978,-0.6542207209531965,0.33769301738687035,0.5581043259384137
0.5205188689000944,-0.36014952595482336,-0.7519071313324821,1.5987422813648018,-0.2172655063061979,-0.06253527069253983,-0.25789319562723756
-1.3721036963659112,-0.9517500580765804,1.5964838557687837,-0.7398941579665655,-0.6542207209531965,-0.32935412941214665,0.5581043259384137
1.1513930573220963,-0.9517500580765804,-0.7519071313324821,-0.7398941579665655,-0.6542207209531965,-0.8629918468513602,0.1501055651555881
0.7308094238751771,-0.9517500580765804,-0.7519071313324821,-0.7398941579665655,-0.6542207209531965,0.33769301738687035,0.5581043259384137
-0.9515200629189922,-0.9517500580765804,-0.7519071313324821,-0.7398941579665655,-0.6542207209531965,0.07087415866726357,-2.297891487532222
-1.3721036963659112,-0.9517500580765804,1.5964838557687837,-0.7398941579665655,-0.1444381078535842,0.4711024467466738,0.5581043259384137
0.31022831392501166,0.011997400614178798,-0.7519071313324821,0.5593493477226117,-0.6542207209531965,-0.9163556185952816,0.5581043259384137
0.09993523545317518,0.18421141452863635,0.017800171125079665,-0.22019613205451086,-0.6542207209531965,-0.9964012762111636,0.5581043259384137
0.7308094238751771,-0.9517500580765804,-0.5382787395626482,-0.7398941579665655,-0.6542207209531965,-0.9430375044672422,-0.18989564615886145
0.9411025023470135,1.427420427218831,0.2299290965623635,2.1184403072768565,-0.39933094374817096,-0.7295824174915568,0.5581043259384137
1.1513930573220963,-0.9517500580765804,-0.7519071313324821,-0.7398941579665655,2.4044688402653542,-0.9964012762111636,0.5581043259384137
-1.3721036963659112,-0.9517500580765804,1.5964838557687837,-0.7398941579665655,-0.39933094374817096,0.33769301738687035,0.5581043259384137
1.1513930573220963,-0.9517500580765804,-0.7519071313324821,-0.7398941579665655,-0.6542207209531965,-0.9964012762111636,0.5581043259384137
-1.3721036963659112,-0.9517500580765804,1.5964838557687837,-0.7398941579665655,-0.6542207209531965,-1.0764469338270457,0.5581043259384137
-1.3721036963659112,-0.9517500580765804,1.5964838557687837,-0.7398941579665655,-0.6542207209531965,0.20428358802706698,0.5581043259384137
1.1513930573220963,0.8603339341656058,-0.7519071313324821,2.1184403072768565,-0.6542207209531965,0.07087415866726357,0.5581043259384137
-1.3721036963659112,-0.9517500580765804,1.5964838557687837,-0.7398941579665655,-0.6542207209531965,-0.889673732723321,0.5581043259384137
-0.9515200629189922,-0.9517500580765804,-0.7519071313324821,-0.7398941579665655,-0.6542207209531965,-0.9964012762111636,0.5581043259384137
-0.3206458744969902,1.427420427218831,-0.7519071313324821,0.5593493477226117,-0.6542207209531965,-1.1431516485069473,-1.0738907171928882
0.31022831392501166,-0.9517500580765804,-0.7519071313324821,-0.7398941579665655,2.4044688402653542,0.07087415866726357,-1.0738907171928882
0.14199435584689316,1.427420427218831,-0.7519071313324821,1.1310149934985283,-0.6542207209531965,-0.9430375044672422,0.5581043259384137
-1.3721036963659112,-0.9517500580765804,1.5964838557687837,-0.7398941579665655,0.7051955023930212,-1.24987919199479,0.1501055651555881
0.14199435584689316,-0.9517500580765804,-0.7519071313324821,-0.7398941579665655,2.4044688402653542,-0.9964012762111636,-0.7882929310421678
-0.7412295079439094,-0.9424008603349419,-0.7519071313324821,-0.22019613205451086,-0.6542207209531965,0.4711024467466738,0.5581043259384137
0.5205188689000944,-0.9517500580765804,-0.7519071313324821,-0.7398941579665655,-0.6542207209531965,-0.46276355877195,0.5581043259384137
-1.3721036963659112,-0.9517500580765804,1.5964838557687837,-0.7398941579665655,-0.6542207209531965,-0.8629918468513602,0.5581043259384137
-1.3721036963659112,-0.9517500580765804,1.5964838557687837,-0.7398941579665655,0.875124059656079,-0.9430375044672422,0.5581043259384137
0.5205188689000944,0.43316942103072725,0.4860341553115304,0.039651321810556917,-0.6542207209531965,-0.9430375044672422,0.5581043259384137
-0.7412295079439094,0.9362828894771592,-0.7519071313324821,-0.4800467041014978,-0.6542207209531965,-0.969719390339203,0.5581043259384137
0.4631673581790269,-0.9517500580765804,-0.7519071313324821,-0.7398941579665655,1.9675136256183559,-0.32935412941214665,-0.6658919564100632
-1.1618131413908286,1.427420427218831,-0.7519071313324821,-0.4800467041014978,-0.6542207209531965,-0.7829461892354782,0.5581043259384137
-0.11035531952190754,0.2509075498749461,1.4808238657992674,-0.4800467041014978,-0.6542207209531965,-0.46276355877195,0.5581043259384137
-1.1426951299848882,1.427420427218831,1.5278288023946154,-0.4564233578823318,-0.3761583116323792,0.6045118761064772,0.5581043259384137
-1.1618131413908286,1.427420427218831,1.268113976779097,-0.4800467041014978,-0.6542207209531965,-0.46276355877195,0.5581043259384137
1.1513930573220963,-0.9517500580765804,-0.7519071313324821,-0.7398941579665655,1.045052616919137,-0.9964012762111636,0.5581043259384137
-1.3721036963659112,-0.9517500580765804,1.5964838557687837,-0.7398941579665655,-0.6542207209531965,-0.5961729881317535,-1.9352259223919324
-1.1618131413908286,1.427420427218831,-0.7519071313324821,-0.4800467041014978,-0.3761583116323792,-0.19594470005234324,-1.8898927267493963
0.9411025023470135,1.427420427218831,-0.7519071313324821,2.1184403072768565,-0.6542207209531965,0.33769301738687035,-3.1138890090978726
-1.3721036963659112,-0.9517500580765804,1.5964838557687837,-0.7398941579665655,-0.1444381078535842,-0.06253527069253983,0.5581043259384137
0.5205188689000944,-0.26146056788118094,-0.7519071313324821,-0.22019613205451086,0.7360913256508896,-0.9964012762111636,0.1501055651555881
-0.5309389529688268,-0.9517500580765804,-0.7519071313324821,-0.7398941579665655,0.875124059656079,-0.5961729881317535,-2.297891487532222
1.1513930573220963,1.3337876443403944,-0.7519071313324821,2.3782877611419244,2.4044688402653542,0.33769301738687035,0.5581043259384137
-0.11035531952190754,-0.9517500580765804,-0.7519071313324821,-0.7398941579665655,0.3653414465564667,-0.7295824174915568,0.1501055651555881
1.1513930573220963,-0.9517500580765804,-0.7519071313324821,-0.7398941579665655,2.126406430944537,-0.9964012762111636,0.5581043259384137
0.9411025023470135,-0.6137444076755441,-0.11571410041017105,-0.4800467041014978,-0.6542207209531965,-0.8629918468513602,0.5581043259384137
-0.11035531952190754,-0.9517500580765804,-0.7519071313324821,-0.7398941579665655,1.0936031963243587,-0.5961729881317535,-0.6658919564100632
0.7308094238751771,-0.9517500580765804,-0.7519071313324821,-0.7398941579665655,0.3653414465564667,-0.889673732723321,0.1501055651555881
1.1513930573220963,-0.531620475553576,-0.7519071313324821,-0.4800467041014978,-0.3761583116323792,0.07087415866726357,0.5581043259384137
-0.7412295079439094,-0.9517500580765804,-0.7519071313324821,-0.7398941579665655,-0.09809590231156196,-0.19594470005234324,-2.705890248315047
1.1513930573220963,1.048705470127932,-0.22306590822621017,1.079044255452747,1.1300138368611043,-0.8629918468513602,0.5581043259384137
0.5205188689000944,0.7343893828698679,-0.7519071313324821,0.8191968015876794,-0.6542207209531965,0.4711024467466738,0.5581043259384137
-0.5309389529688268,-0.9517500580765804,-0.7519071313324821,-0.7398941579665655,-0.6542207209531965,-0.9430375044672422,0.5581043259384137
-0.5309389529688268,-0.9517500580765804,-0.7519071313324821,-0.7398941579665655,-0.09809590231156196,0.07087415866726357,-1.481889477975714
1.1513930573220963,-0.9517500580765804,0.12921732415042597,-0.7398941579665655,-0.6542207209531965,-0.7295824174915568,0.5581043259384137
-0.11035531952190754,-0.9517500580765804,-0.7519071313324821,-0.7398941579665655,1.894686227165742,1.4049684522652977,-1.481889477975714
1.1513930573220963,0.9162958094592435,-0.7519071313324821,-0.22019613205451086,-0.6542207209531965,-0.19594470005234324,0.5581043259384137
-1.1618131413908286,1.427420427218831,-0.7519071313324821,-0.4800467041014978,-0.1444381078535842,-1.1831744773148885,-1.8898927267493963
-1.3721036963659112,-0.9517500580765804,1.5964838557687837,-0.7398941579665655,-0.6542207209531965,-0.19594470005234324,0.5581043259384137
-0.7412295079439094,1.427420427218831,-0.7519071313324821,0.039651321810556917,0.875124059656079,-0.19594470005234324,-1.481889477975714
1.1513930573220963,0.644879323992313,-0.3488297857538568,2.1184403072768565,-0.39933094374817096,-0.5961729881317535,0.5581043259384137
1.1513930573220963,-0.9517500580765804,-0.7519071313324821,-0.7398941579665655,2.0985998841434994,-0.9964012762111636,0.5581043259384137
-1.3721036963659112,-0.9517500580765804,1.5964838557687837,-0.7398941579665655,-0.6542207209531965,-0.19594470005234324,0.5581043259384137
0.7308094238751771,0.6240428751683519,-0.7519071313324821,1.8585897352298697,-0.1444381078535842,-0.8363099609793996,0.5581043259384137
0.7308094238751771,1.427420427218831,-0.7519071313324821,1.8585897352298697,2.4044688402653542,-0.46276355877195,0.1501055651555881
-1.3721036963659112,-0.9517500580765804,1.5964838557687837,-0.7398941579665655,-0.3761583116323792,-0.9430375044672422,0.5581043259384137
0.5205188689000944,0.9139612802966556,-0.7519071313324821,0.5593493477226117,-0.34835176483134134,-0.46276355877195,-2.705890248315047
-0.5309389529688268,1.0237758712146219,-0.7519071313324821,0.039651321810556917,1.0936031963243587,0.07087415866726357,-0.6658919564100632
0.5205188689000944,1.2467766831795104,-0.7519071313324821,1.079044255452747,-0.6542207209531965,0.4711024467466738,0.5581043259384137
0.09993523545317518,0.758485047126337,0.8050400262657122,-0.22019613205451086,-0.6542207209531965,-0.46276355877195,0.5581043259384137
-1.3721036963659112,-0.9517500580765804,1.5964838557687837,-0.7398941579665655,-0.1444381078535842,-0.8629918468513602,0.5581043259384137
1.1513930573220963,-0.9517500580765804,-0.7519071313324821,-0.7398941579665655,0.875124059656079,-0.5961729881317535,0.5581043259384137
0.09993523545317518,0.9352088198276456,-0.7519071313324821,-0.22019613205451086,-0.6542207209531965,-0.19594470005234324,-0.6658919564100632
1.1513930573220963,-0.9517500580765804,-0.7519071313324821,-0.7398941579665655,1.6397964499607167,0.07087415866726357,0.5581043259384137
-0.7412295079439094,-0.9517500580765804,-0.7519071313324821,-0.7398941579665655,-0.6542207209531965,-0.7295824174915568,0.5581043259384137
-1.3721036963659112,-0.9517500580765804,1.5964838557687837,-0.7398941579665655,-0.6542207209531965,0.4711024467466738,0.5581043259384137
1.1513930573220963,-0.9517500580765804,-0.7519071313324821,-0.7398941579665655,-0.6542207209531965,-0.7295824174915568,0.5581043259384137
1.1513930573220963,-0.011757950954365791,-0.7519071313324821,0.039651321810556917,1.2574602548083977,0.6045118761064772,0.1501055651555881
-1.3721036963659112,-0.9517500580765804,1.5964838557687837,-0.7398941579665655,-0.6542207209531965,0.4711024467466738,0.5581043259384137
-0.7412295079439094,-0.9517500580765804,-0.7519071313324821,-0.7398941579665655,0.3653414465564667,-0.46276355877195,-2.297891487532222
0.09993523545317518,-0.9517500580765804,-0.7519071313324821,-0.7398941579665655,1.9675136256183559,-0.46276355877195,-1.481889477975714
1.1513930573220963,-0.9517500580765804,-0.7519071313324821,-0.7398941579665655,2.4044688402653542,0.07087415866726357,0.5581043259384137
1.1513930573220963,-0.7976674633424514,-0.4712583969467893,-0.22019613205451086,-0.6542207209531965,-0.06253527069253983,-3.1138890090978726
-1.3721036963659112,-0.9517500580765804,1.5964838557687837,-0.7398941579665655,-0.04248280870948625,0.017510386923342204,0.5581043259384137
-1.1618131413908286,1.427420427218831,1.461895524076969,-0.4800467041014978,-0.39933094374817096,0.07087415866726357,0.5581043259384137
-0.9515200629189922,1.427420427218831,1.2671219684391428,-0.22019613205451086,0.875124059656079,-0.9430375044672422,-0.18989564615886145
-0.5309389529688268,1.427420427218831,-0.19373229636403205,0.29949877567562466,0.875124059656079,-0.9430375044672422,-1.4365562823331777
0.09993523545317518,1.4034107611427262,-0.7519071313324821,0.8191968015876794,1.6397964499607167,6.741345626657433,-0.25789319562723756
0.9411025023470135,-0.9517500580765804,-0.7519071313324821,-0.7398941579665655,-0.6542207209531965,-0.8629918468513602,-2.705890248315047
0.7308094238751771,-0.9517500580765804,-0.7519071313324821,-0.7398941579665655,-0.1444381078535842,-0.46276355877195,0.5581043259384137
0.69257592456005,-0.9517500580765804,-0.7519071313324821,-0.7398941579665655,0.7051955023930212,-0.7295824174915568,0.1501055651555881
0.31022831392501166,-0.9517500580765804,-0.7519071313324821,-0.7398941579665655,-0.2172655063061979,-0.9964012762111636,-3.929886530663524
-1.3721036963659112,-0.9517500580765804,1.5964838557687837,-0.7398941579665655,-0.1444381078535842,-1.129810705570967,0.5581043259384137
0.5906165617240398,0.7965568769624947,-0.7519071313324821,0.6459630868896882,-0.6542207209531965,-0.5961729881317535,-0.4392259781973822
-1.3721036963659112,-0.9517500580765804,1.5964838557687837,-0.7398941579665655,-0.6542207209531965,-0.46276355877195,0.5581043259384137
0.09993523545317518,-0.9517500580765804,-0.7519071313324821,-0.7398941579665655,0.656644922987799,-0.7295824174915568,-1.0738907171928882
0.09993523545317518,1.427420427218831,-0.7519071313324821,1.079044255452747,-0.39933094374817096,-1.049765047955085,0.5581043259384137
1.1513930573220963,-0.9517500580765804,0.8536971704163451,-0.7398941579665655,-0.6542207209531965,-0.7829461892354782,0.5581043259384137
-0.9515200629189922,1.3439707616668894,0.7615477828133561,-0.4800467041014978,-0.6542207209531965,-0.46276355877195,0.5581043259384137
-1.3721036963659112,-0.9517500580765804,1.5964838557687837,-0.7398941579665655,2.4044688402653542,-0.5961729881317535,-2.5834892736829427
0.31022831392501166,-0.9517500580765804,-0.7519071313324821,-0.7398941579665655,2.4044688402653542,-0.7295824174915568,-0.6658919564100632
-1.3721036963659112,-0.9517500580765804,1.5964838557687837,-0.7398941579665655,0.875124059656079,-0.5961729881317535,-2.297891487532222
1.1513930573220963,-0.9517500580765804,-0.7519071313324821,-0.7398941579665655,-0.09809590231156196,-0.9964012762111636,-0.6658919564100632
0.09993523545317518,1.427420427218831,-0.712504515419954,1.079044255452747,2.4044688402653542,-0.7829461892354782,0.1501055651555881
-0.11035531952190754,1.427420427218831,-0.7519071313324821,0.8191968015876794,-0.39933094374817096,0.4711024467466738,0.5581043259384137
-1.3721036963659112,-0.9517500580765804,1.5964838557687837,-0.7398941579665655,-0.6542207209531965,-0.9430375044672422,0.5581043259384137
0.9411025023470135,-0.02901799814461529,-0.5381010411956272,1.338894827499734,0.3653414465564667,0.7379213054662805,0.5581043259384137
1.1513930573220963,-0.9517500580765804,-0.7519071313324821,-0.7398941579665655,1.894686227165742,0.07087415866726357,0.5581043259384137
1.1513930573220963,0.5848100858544049,-0.5899856378723888,0.9609337607207559,-0.6542207209531965,-0.8629918468513602,0.5581043259384137
-0.7412295079439094,-0.9517500580765804,-0.7519071313324821,-0.7398941579665655,0.11045166935144125,-0.7562643033635175,-2.297891487532222
0.31022831392501166,-0.262749917536586,-0.2229057282656227,-0.4800467041014978,-0.6542207209531965,-0.7295824174915568,0.5581043259384137
-0.3206458744969902,1.1914351458560823,0.3496305459878524,0.29949877567562466,-0.6542207209531965,-0.5961729881317535,0.5581043259384137
-0.7412295079439094,-0.9517500580765804,-0.7519071313324821,-0.7398941579665655,2.4044688402653542,-0.8629918468513602,-2.705890248315047
-0.5309389529688268,-0.9517500580765804,-0.7519071313324821,-0.7398941579665655,-0.6542207209531965,-0.5428092163878321,0.1501055651555881
-0.7412295079439094,-0.9517500580765804,-0.7519071313324821,-0.7398941579665655,2.4044688402653542,-0.46276355877195,-2.297891487532222
-0.3206458744969902,-0.9517500580765804,-0.7519071313324821,-0.7398941579665655,-0.6542207209531965,-0.5961729881317535,0.5581043259384137
-1.1618131413908286,-0.9517500580765804,-0.7519071313324821,-0.7398941579665655,-0.39933094374817096,0.33769301738687035,0.5581043259384137
0.5205188689000944,0.9716420692563482,-0.7519071313324821,0.29949877567562466,-0.1444381078535842,0.07087415866726357,0.5581043259384137
-1.3721036963659112,-0.9517500580765804,1.5964838557687837,-0.7398941579665655,-0.6542207209531965,-0.9430375044672422,-2.4338910744598303
-0.11035531952190754,-0.9517500580765804,-0.7519071313324821,-0.7398941579665655,0.3653414465564667,-0.46276355877195,0.5581043259384137
0.20508177468909342,-0.9517500580765804,-0.7519071313324821,-0.7398941579665655,-0.6542207209531965,-0.8629918468513602,-2.8078888165130396
1.1513930573220963,0.8737975603191523,-0.7519071313324821,2.3782877611419244,2.4044688402653542,-0.19594470005234324,0.5581043259384137
1.1513930573220963,1.427420427218831,-0.7519071313324821,2.3782877611419244,-0.6542207209531965,-0.46276355877195,-0.25789319562723756
-0.3206458744969902,-0.9517500580765804,-0.7519071313324821,-0.7398941579665655,1.180993015777934,-0.7295824174915568,-1.0738907171928882
0.5205188689000944,0.9135333060515864,0.16117221400726303,0.4294240616991182,-0.6542207209531965,-0.9430375044672422,-0.00289453113682849
-0.11035531952190754,-0.09516743038954896,-0.055586318819360915,-0.4800467041014978,-0.6542207209531965,-0.5428092163878321,-0.6658919564100632
-0.9515200629189922,-0.9517500580765804,-0.7519071313324821,-0.7398941579665655,-0.3761583116323792,0.33769301738687035,-3.1138890090978726
0.09993523545317518,0.1605387589601222,-0.7519071313324821,0.039651321810556917,-0.6542207209531965,-0.19594470005234324,0.5581043259384137
-0.3206458744969902,-0.9517500580765804,-0.7519071313324821,-0.7398941579665655,-0.04248280870948625,-0.19594470005234324,-1.481889477975714
-1.3721036963659112,-0.9517500580765804,1.5964838557687837,-0.7398941579665655,0.11045166935144125,-0.46276355877195,0.5581043259384137
-1.3721036963659112,-0.9517500580765804,1.5964838557687837,-0.7398941579665655,-0.3761583116323792,-0.8629918468513602,0.5581043259384137
-0.3206458744969902,1.427420427218831,-0.7519071313324821,0.5593493477226117,-0.6542207209531965,-0.46276355877195,0.5581043259384137
1.1513930573220963,0.7358751148187587,-0.5361634597560013,1.5987422813648018,-0.6542207209531965,-0.19594470005234324,0.5581043259384137
0.31022831392501166,-0.9517500580765804,0.7149837977865415,-0.7398941579665655,-0.6542207209531965,-0.5961729881317535,0.5581043259384137
1.1513930573220963,-0.9517500580765804,-0.7519071313324821,-0.7398941579665655,1.0141567936612683,-0.46276355877195,0.1501055651555881
1.1513930573220963,-0.9517500580765804,-0.7519071313324821,-0.7398941579665655,-0.6542207209531965,-0.9430375044672422,0.5581043259384137
-0.5309389529688268,1.427420427218831,-0.7519071313324821,0.29949877567562466,-0.6542207209531965,-0.7562643033635175,0.5581043259384137
0.7308094238751771,-0.9517500580765804,0.7622435910109943,-0.7398941579665655,-0.6542207209531965,-0.46276355877195,0.5581043259384137
0.7308094238751771,1.2505708951255194,-0.7519071313324821,1.338894827499734,-0.39933094374817096,-0.46276355877195,0.5581043259384137
0.09993523545317518,-0.9517500580765804,-0.7519071313324821,-0.7398941579665655,2.4044688402653542,-0.5961729881317535,-1.0738907171928882
0.31022831392501166,-0.9517500580765804,-0.7519071313324821,-0.7398941579665655,1.1300138368611043,0.07087415866726357,-0.6658919564100632
1.1513930573220963,-0.003792513472166196,-0.7519071313324821,1.5987422813648018,-0.6542207209531965,2.0720155990643145,0.5581043259384137
-0.3206458744969902,-0.24865191466092157,-0.7519071313324821,-0.22019613205451086,-0.6542207209531965,-0.9964012762111636,0.1501055651555881
0.5906165617240398,0.7642263231748135,-0.7519071313324821,1.6853591387137974,2.4044688402653542,-0.7295824174915568,-0.4392259781973822
1.1513930573220963,-0.9517500580765804,-0.7519071313324821,-0.7398941579665655,2.4044688402653542,-0.9964012762111636,0.5581043259384137
1.1513930573220963,-0.9517500580765804,-0.7519071313324821,-0.7398941579665655,0.11045166935144125,0.07087415866726357,0.5581043259384137
0.9411025023470135,0.7924043677420166,-0.7519071313324821,0.5593493477226117,-0.6542207209531965,0.07087415866726357,0.5581043259384137
1.1513930573220963,-0.9517500580765804,-0.7519071313324821,-0.7398941579665655,0.17996650700925526,-0.8629918468513602,-2.705890248315047
-1.3721036963659112,-0.9517500580765804,1.5964838557687837,-0.7398941579665655,0.875124059656079,-0.46276355877195,-2.705890248315047
-0.9515200629189922,1.427420427218831,-0.7519071313324821,-0.22019613205451086,-0.6542207209531965,-0.8629918468513602,0.5581043259384137
-1.3721036963659112,-0.9517500580765804,1.5964838557687837,-0.7398941579665655,-0.39933094374817096,1.4049684522652977,0.5581043259384137
1.1513930573220963,0.22142972991838109,-0.7519071313324821,0.29949877567562466,0.3653414465564667,-0.5961729881317535,0.5581043259384137
0.14199435584689316,1.427420427218831,-0.7519071313324821,1.1310149934985283,2.4044688402653542,-0.9430375044672422,-0.33949384538197364
0.5205188689000944,-0.9517500580765804,-0.7519071313324821,-0.7398941579665655,1.7247607285922455,-0.7295824174915568,-0.25789319562723756
-0.7412295079439094,0.11077347989492926,-0.7519071313324821,-0.22019613205451086,-0.6542207209531965,-0.9430375044672422,-1.481889477975714
0.31022831392501166,-0.1889159889547464,-0.7519071313324821,-0.4800467041014978,-0.09809590231156196,-0.19594470005234324,-0.25789319562723756
0.09993523545317518,-0.9517500580765804,-0.7519071313324821,-0.7398941579665655,-0.1444381078535842,0.07087415866726357,-1.0738907171928882
0.31022831392501166,0.002093459139075575,0.49738884206212913,0.5593493477226117,-0.6542207209531965,-0.8629918468513602,0.5581043259384137
-1.3721036963659112,-0.9517500580765804,1.5964838557687837,-0.7398941579665655,-0.6542207209531965,-0.8096280751074388,0.5581043259384137
-0.11035531952190754,-0.9517500580765804,-0.7519071313324821,-0.7398941579665655,-0.04248280870948625,0.07087415866726357,0.5581043259384137
-1.1618131413908286,-0.9517500580765804,-0.7519071313324821,-0.7398941579665655,0.875124059656079,-0.5961729881317535,-2.705890248315047
-0.7412295079439094,-0.9517500580765804,-0.7519071313324821,-0.7398941579665655,0.875124059656079,-0.19594470005234324,-2.297891487532222
1.1513930573220963,-0.9517500580765804,-0.7519071313324821,-0.7398941579665655,-0.6542207209531965,-0.5961729881317535,-0.25789319562723756
-0.11035531952190754,-0.9517500580765804,-0.7519071313324821,-0.7398941579665655,-0.34835176483134134,-1.0764469338270457,0.5581043259384137
1.1513930573220963,-0.29295267438253225,-0.7519071313324821,0.29949877567562466,0.875124059656079,-0.46276355877195,0.5581043259384137
0.5205188689000944,-0.9517500580765804,-0.7519071313324821,-0.7398941579665655,-0.2718845258008776,-0.5961729881317535,0.5581043259384137
1.1513930573220963,0.2829648350891519,-0.7519071313324821,2.3782877611419244,-0.6542207209531965,-0.19594470005234324,0.5581043259384137
1.1513930573220963,-0.9517500580765804,-0.7519071313324821,-0.7398941579665655,-0.6542207209531965,-0.7295824174915568,0.5581043259384137
0.09993523545317518,-0.9517500580765804,-0.7519071313324821,-0.7398941579665655,-0.6542207209531965,-0.7295824174915568,0.5581043259384137
-1.3721036963659112,-0.9517500580765804,1.5964838557687837,-0.7398941579665655,-0.6542207209531965,0.6045118761064772,0.5581043259384137
-0.5309389529688268,1.427420427218831,1.4791952833766677,0.29949877567562466,-0.6542207209531965,-0.46276355877195,0.5581043259384137
1.1513930573220963,-0.9517500580765804,-0.7519071313324821,-0.7398941579665655,1.2922192029820856,-0.5961729881317535,0.5581043259384137
-1.3721036963659112,-0.9517500580765804,1.5964838557687837,-0.7398941579665655,-0.6542207209531965,-0.9964012762111636,-1.8898927267493963
-1.1426951299848882,1.427420427218831,1.4863175168779625,-0.4564233578823318,-0.6542207209531965,-0.7295824174915568,0.5581043259384137
0.9411025023470135,-0.4226117044300457,1.0328305884772657,-0.22019613205451086,-0.6542207209531965,0.07087415866726357,0.5581043259384137
-0.36270499489070823,1.427420427218831,-0.7519071313324821,0.5073786096768305,-0.6542207209531965,-0.9430375044672422,-0.7882929310421678
-1.3721036963659112,-0.9517500580765804,1.5964838557687837,-0.7398941579665655,-0.34835176483134134,-0.7295824174915568,-0.6658919564100632
-0.3206458744969902,-0.9517500580765804,-0.7519071313324821,-0.7398941579665655,0.7360913256508896,-0.19594470005234324,-1.0738907171928882
-0.9515200629189922,1.427420427218831,-0.7519071313324821,-0.22019613205451086,-0.6542207209531965,0.07087415866726357,0.5581043259384137
-1.3721036963659112,-0.9517500580765804,1.5964838557687837,-0.7398941579665655,-0.3761583116323792,-0.9430375044672422,0.5581043259384137
-0.9515200629189922,1.3393030018375192,-0.7519071313324821,-0.4800467041014978,-0.6542207209531965,-0.19594470005234324,0.5581043259384137
-0.5309389529688268,1.263546356481446,-0.7519071313324821,0.039651321810556917,0.11045166935144125,0.33769301738687035,-1.481889477975714
-0.11035531952190754,-0.9517500580765804,0.9470262330097311,-0.7398941579665655,-0.6542207209531965,-0.7829461892354782,0.5581043259384137
-0.11035531952190754,1.427420427218831,-0.4082652156177059,0.8191968015876794,-0.6542207209531965,-0.5961729881317535,0.1501055651555881
1.1513930573220963,0.6678530204097479,-0.7519071313324821,2.1184403072768565,-0.6542207209531965,-0.46276355877195,0.5581043259384137
0.8990433819532956,-0.9517500580765804,-0.7519071313324821,-0.7398941579665655,-0.6542207209531965,-0.8629918468513602,-2.134690188022749
0.5205188689000944,1.427420427218831,-0.7519071313324821,1.5987422813648018,-0.6542207209531965,-0.8363099609793996,0.5581043259384137
-0.22506086446079598,-0.9517500580765804,-0.7519071313324821,-0.7398941579665655,-0.6542207209531965,-0.9964012762111636,0.5581043259384137
-1.3721036963659112,-0.9517500580765804,1.5964838557687837,-0.7398941579665655,-0.6542207209531965,-0.8096280751074388,0.5581043259384137
0.9411025023470135,0.4674153123437194,0.166385989555349,1.079044255452747,1.180993015777934,-0.19594470005234324,0.5581043259384137
-0.11035531952190754,-0.9517500580765804,-0.7519071313324821,-0.7398941579665655,-0.6542207209531965,-0.8629918468513602,0.5581043259384137
1.1513930573220963,-0.9517500580765804,-0.7519071313324821,-0.7398941579665655,2.4044688402653542,0.07087415866726357,0.5581043259384137
-0.683877997222842,-0.9517500580765804,-0.7519071313324821,-0.7398941579665655,-0.6542207209531965,-1.1431516485069473,0.1501055651555881
1.1513930573220963,-0.5406044862018173,1.000914069919942,-0.4800467041014978,-0.6542207209531965,-0.35603601528410733,0.5581043259384137
-0.7412295079439094,-0.9517500580765804,-0.7519071313324821,-0.7398941579665655,-0.6542207209531965,-0.32935412941214665,0.5581043259384137
1.1513930573220963,0.7448258854760494,-0.34337776419487,2.3782877611419244,-0.6542207209531965,-0.889673732723321,0.5581043259384137
-0.11035531952190754,-0.9517500580765804,-0.7519071313324821,-0.7398941579665655,-0.6542207209531965,-0.9964012762111636,0.5581043259384137
0.7308094238751771,0.4801090476738695,0.684046974496087,1.079044255452747,-0.39933094374817096,1.271559022905494,0.5581043259384137
-1.3721036963659112,-0.9517500580765804,1.5964838557687837,-0.7398941579665655,2.4044688402653542,-0.9430375044672422,-1.6858911023625551
-1.3721036963659112,-0.9517500580765804,1.5964838557687837,-0.7398941579665655,-0.39933094374817096,-0.19594470005234324,0.5581043259384137
-1.3721036963659112,-0.9517500580765804,1.5964838557687837,-0.7398941579665655,-0.1444381078535842,-0.46276355877195,0.5581043259384137
0.09993523545317518,-0.642110244417052,-0.7519071313324821,-0.4800467041014978,0.4927878645037601,-0.19594470005234324,-1.0738907171928882
-1.3721036963659112,-0.9517500580765804,1.5964838557687837,-0.7398941579665655,-0.39933094374817096,0.4711024467466738,0.5581043259384137
-1.3721036963659112,-0.9517500580765804,1.5964838557687837,-0.7398941579665655,-0.6542207209531965,-0.9964012762111636,-1.481889477975714
-1.1618131413908286,1.427420427218831,1.3627049199856454,-0.4800467041014978,-0.6542207209531965,0.4711024467466738,0.5581043259384137
-0.5309389529688268,1.427420427218831,-0.7519071313324821,0.29949877567562466,-0.6542207209531965,-0.8629918468513602,0.5581043259384137
0.9411025023470135,-0.9517500580765804,-0.7519071313324821,-0.7398941579665655,1.7247607285922455,-0.9964012762111636,0.5581043259384137
-1.1618131413908286,1.427420427218831,-0.7519071313324821,-0.4800467041014978,-0.6542207209531965,-0.46276355877195,-1.481889477975714
0.5205188689000944,1.427420427218831,-0.7519071313324821,1.5987422813648018,-0.6542207209531965,-0.5961729881317535,0.5581043259384137
-1.3721036963659112,-0.9517500580765804,1.5964838557687837,-0.7398941579665655,-0.6542207209531965,-0.8629918468513602,0.5581043259384137
-0.9515200629189922,1.427420427218831,-0.7519071313324821,-0.22019613205451086,-0.39933094374817096,-0.5961729881317535,0.5581043259384137
-1.1618131413908286,1.427420427218831,-0.29593489994525723,-0.4800467041014978,-0.39933094374817096,-0.19594470005234324,0.5581043259384137
-0.7412295079439094,1.427420427218831,0.9637956039898612,0.039651321810556917,-0.6542207209531965,-0.46276355877195,0.5581043259384137
-1.3721036963659112,-0.9517500580765804,1.5964838557687837,-0.7398941579665655,-0.6542207209531965,-0.7295824174915568,0.5581043259384137
0.9411025023470135,0.4036093674747985,-0.7519071313324821,-0.22019613205451086,0.5692551035342239,-0.9964012762111636,0.1501055651555881
-0.5309389529688268,-0.8274541802572297,1.099618088956568,-0.4800467041014978,-0.6542207209531965,1.538377881625101,0.5581043259384137
1.1513930573220963,-0.9517500580765804,0.40500723628109386,-0.7398941579665655,0.875124059656079,-0.5961729881317535,0.5581043259384137
1.1513930573220963,0.23770378224674116,-0.7519071313324821,0.5593493477226117,-0.6542207209531965,-0.19594470005234324,0.5581043259384137
-1.3721036963659112,-0.9517500580765804,1.5964838557687837,-0.7398941579665655,-0.6542207209531965,0.4711024467466738,0.5581043259384137
0.9411025023470135,-0.9517500580765804,-0.7519071313324821,-0.7398941579665655,-0.6542207209531965,-0.46276355877195,0.5581043259384137
-1.3721036963659112,-0.9517500580765804,1.5964838557687837,-0.7398941579665655,-0.6542207209531965,-0.8629918468513602,0.5581043259384137
0.09993523545317518,-0.9517500580765804,-0.3603034643030408,-0.7398941579665655,-0.1444381078535842,0.7379213054662805,0.5581043259384137
1.1513930573220963,0.16877348930595784,0.4256956944905217,-0.4800467041014978,-0.39933094374817096,-0.46276355877195,0.5581043259384137
-1.3721036963659112,-0.9517500580765804,1.5964838557687837,-0.7398941579665655,-0.6542207209531965,0.20428358802706698,0.5581043259384137
1.1513930573220963,-0.3663225347816275,-0.7519071313324821,-0.4800467041014978,-0.6542207209531965,0.07087415866726357,0.5581043259384137
-0.9515200629189922,1.427420427218831,1.3179951688185438,-0.22019613205451086,-0.6542207209531965,-1.049765047955085,0.5581043259384137
1.1513930573220963,0.5583213994141223,1.1683201452703957,0.5593493477226117,-0.3761583116323792,0.4711024467466738,0.5581043259384137
1.1513930573220963,1.427420427218831,-0.112810394095723,2.3782877611419244,2.4044688402653542,-0.9643830131648108,0.5581043259384137
-1.3721036963659112,-0.9517500580765804,1.5964838557687837,-0.7398941579665655,-0.2172655063061979,0.33769301738687035,0.059439173870516004
-0.3206458744969902,-0.9517500580765804,-0.7519071313324821,-0.7398941579665655,-0.04248280870948625,-0.5961729881317535,-1.0738907171928882
-1.3721036963659112,-0.9517500580765804,1.5964838557687837,-0.7398941579665655,-0.6542207209531965,-0.9430375044672422,0.5581043259384137
-0.5309389529688268,-0.9517500580765804,-0.12280112075092042,-0.7398941579665655,-0.6542207209531965,-0.9430375044672422,0.5581043259384137
0.5205188689000944,-0.9517500580765804,-0.7519071313324821,-0.7398941579665655,2.4044688402653542,0.07087415866726357,-0.25789319562723756
0.5205188689000944,-0.9517500580765804,1.0751718901426968,-0.7398941579665655,-0.6542207209531965,-0.9964012762111636,0.1501055651555881
1.1513930573220963,0.7013065905019997,0.7350123168993385,1.8585897352298697,-0.6542207209531965,0.20428358802706698,0.5581043259384137
0.09993523545317518,-0.9517500580765804,-0.7519071313324821,-0.7398941579665655,-0.6542207209531965,-0.19594470005234324,0.5581043259384137
0.09993523545317518,-0.9517500580765804,-0.7519071313324821,-0.7398941579665655,1.5305584109713573,-0.46276355877195,-1.0738907171928882
-0.5309389529688268,1.427420427218831,-0.7519071313324821,0.29949877567562466,-0.6542207209531965,-0.8629918468513602,0.5581043259384137
-1.3721036963659112,-0.9517500580765804,1.5964838557687837,-0.7398941579665655,-0.6542207209531965,-1.129810705570967,0.10930524027822004
1.1513930573220963,-0.525754031988623,-0.7519071313324821,2.3782877611419244,-0.6542207209531965,-0.46276355877195,-3.1138890090978726
-1.1618131413908286,-0.9517500580765804,-0.7519071313324821,-0.7398941579665655,2.4044688402653542,-0.19594470005234324,-3.1138890090978726
1.1513930573220963,-0.07765978770294847,1.4497555157346498,0.29949877567562466,0.11045166935144125,1.0047401641858873,0.5581043259384137
-1.3721036963659112,-0.9517500580765804,1.5964838557687837,-0.7398941579665655,-0.6542207209531965,0.07087415866726357,0.5581043259384137
-0.3206458744969902,-0.9517500580765804,-0.7519071313324821,-0.7398941579665655,0.5692551035342239,-0.8629918468513602,-1.8898927267493963
-1.1618131413908286,1.427420427218831,-0.7519071313324821,-0.4800467041014978,-0.6542207209531965,-0.9964012762111636,-2.297891487532222
1.1513930573220963,-0.9517500580765804,-0.7519071313324821,-0.7398941579665655,2.4044688402653542,0.6045118761064772,0.5581043259384137
0.31022831392501166,1.105509848676067,-0.7519071313324821,1.338894827499734,0.5692551035342239,1.1381495935456907,-0.9378911302652799
1.1513930573220963,1.1087077096464837,-0.7519071313324821,1.8585897352298697,-0.6542207209531965,-0.5961729881317535,0.5581043259384137
-0.11035531952190754,1.2725405379735728,-0.7519071313324821,0.8191968015876794,-0.6542207209531965,-0.7295824174915568,0.5581043259384137
-0.3206458744969902,1.427420427218831,-0.7519071313324821,0.5593493477226117,-0.04248280870948625,-0.5961729881317535,-1.481889477975714
-0.3206458744969902,-0.9517500580765804,-0.7519071313324821,-0.7398941579665655,2.4044688402653542,-0.46276355877195,-1.8898927267493963
0.09993523545317518,-0.9517500580765804,-0.7519071313324821,-0.7398941579665655,2.4044688402653542,-0.5961729881317535,-1.0738907171928882
0.8990433819532956,-0.08632269203229642,-0.7519071313324821,-0.4280759660557166,0.3653414465564667,-0.06253527069253983,0.5581043259384137
0.9411025023470135,0.22798330250951998,0.2958528934204683,1.079044255452747,-0.39933094374817096,-0.9964012762111636,0.5581043259384137
-0.3206458744969902,0.8571726681655496,1.0738899928325634,-0.22019613205451086,-0.6542207209531965,-0.46276355877195,0.1501055651555881
-1.3721036963659112,-0.9517500580765804,1.5964838557687837,-0.7398941579665655,-0.39933094374817096,-0.8629918468513602,0.5581043259384137
-0.5309389529688268,-0.2877288703698751,-0.7519071313324821,-0.4800467041014978,1.7927309280216444,-0.5961729881317535,-1.8898927267493963
1.1513930573220963,1.303704384016979,-0.5867838489991841,2.3782877611419244,1.3849066727556911,0.20428358802706698,0.5581043259384137
1.1513930573220963,-0.9517500580765804,0.6877318126912179,-0.7398941579665655,-0.6542207209531965,1.1381495935456907,-1.0738907171928882
-1.3721036963659112,-0.9517500580765804,1.5964838557687837,-0.7398941579665655,-0.6542207209531965,-0.5961729881317535,0.5581043259384137
0.31022831392501166,-0.24329978113770015,0.5598424422286246,0.039651321810556917,-0.6542207209531965,-1.049765047955085,0.5581043259384137
1.1513930573220963,-0.9517500580765804,-0.7519071313324821,-0.7398941579665655,0.875124059656079,-0.5961729881317535,0.5581043259384137
-0.22506086446079598,1.427420427218831,-0.7519071313324821,0.6774598424546029,0.875124059656079,-0.8629918468513602,-1.481889477975714
1.1513930573220963,-0.623411075654037,-0.7519071313324821,0.039651321810556917,-0.6542207209531965,-0.46276355877195,0.5581043259384137
-1.3721036963659112,-0.9517500580765804,1.5964838557687837,-0.7398941579665655,-0.6542207209531965,-0.8629918468513602,0.5581043259384137
1.1513930573220963,-0.9517500580765804,-0.7519071313324821,-0.7398941579665655,-0.39933094374817096,-0.8629918468513602,-3.1138890090978726
-0.5309389529688268,1.427420427218831,1.3438971794458179,0.29949877567562466,-0.6542207209531965,-0.5961729881317535,0.059439173870516004
-0.11035531952190754,-0.6522366511604101,1.0474810496294362,-0.4800467041014978,-0.3761583116323792,-0.5961729881317535,0.5581043259384137
-1.1618131413908286,1.427420427218831,-0.7519071313324821,-0.4800467041014978,-0.6542207209531965,-0.19594470005234324,0.5581043259384137
1.1513930573220963,-0.9517500580765804,-0.7519071313324821,-0.7398941579665655,1.180993015777934,-0.7295824174915568,0.1501055651555881
-1.3721036963659112,-0.9517500580765804,1.5964838557687837,-0.7398941579665655,-0.6542207209531965,-0.7295824174915568,0.5581043259384137
0.31022831392501166,0.48126220098847167,-0.7519071313324821,-0.22019613205451086,-0.6542207209531965,-0.19594470005234324,0.5581043259384137
0.7308094238751771,-0.9517500580765804,-0.7519071313324821,-0.7398941579665655,-0.6542207209531965,-0.46276355877195,0.5581043259384137
-1.3721036963659112,-0.9517500580765804,1.5964838557687837,-0.7398941579665655,-0.6542207209531965,-0.8629918468513602,-0.5638933882120707
0.31022831392501166,-0.282976056893008,0.35294406549023677,0.5593493477226117,-0.3761583116323792,-0.8096280751074388,0.1501055651555881
-0.9515200629189922,1.2747073014852368,-0.7519071313324821,-0.22019613205451086,0.11045166935144125,-0.7295824174915568,0.5581043259384137
-0.11035531952190754,-0.9517500580765804,-0.7519071313324821,-0.7398941579665655,-0.6542207209531965,0.07087415866726357,0.5581043259384137
0.7308094238751771,-0.9517500580765804,-0.7519071313324821,-0.7398941579665655,-0.6542207209531965,-0.8629918468513602,-2.297891487532222
1.1513930573220963,0.9529534076268786,-0.7519071313324821,1.4428331854093772,-0.6542207209531965,0.33769301738687035,0.5581043259384137
-0.3206458744969902,-0.9517500580765804,-0.7519071313324821,-0.7398941579665655,2.4044688402653542,-0.8629918468513602,-1.0738907171928882
0.9411025023470135,0.076398401398479,-0.7519071313324821,0.039651321810556917,-0.1444381078535842,-0.32935412941214665,0.5581043259384137
0.9411025023470135,1.427420427218831,-0.7519071313324821,2.1184403072768565,-0.6542207209531965,-0.8629918468513602,0.5581043259384137
-1.1618131413908286,1.427420427218831,-0.7519071313324821,-0.4800467041014978,-0.6542207209531965,-0.5961729881317535,-1.481889477975714
-1.3721036963659112,-0.9517500580765804,1.5964838557687837,-0.7398941579665655,-0.2172655063061979,-0.8629918468513602,0.5581043259384137
-0.5309389529688268,0.9927817978685811,-0.17053734516224586,-0.22019613205451086,-0.39933094374817096,-0.8629918468513602,0.5581043259384137
1.1513930573220963,-0.9517500580765804,-0.7519071313324821,-0.7398941579665655,-0.39933094374817096,-0.5961729881317535,0.5581043259384137
-0.9515200629189922,1.427420427218831,-0.7519071313324821,-0.22019613205451086,-0.6542207209531965,-0.19594470005234324,-1.8898927267493963
1.1513930573220963,0.24045990023900002,0.2932643084155183,2.3782877611419244,-0.6542207209531965,-0.19594470005234324,0.5581043259384137
1.1513930573220963,0.36714316956120496,-0.7519071313324821,0.29949877567562466,-0.6542207209531965,-0.9430375044672422,0.5581043259384137
1.1513930573220963,-0.9517500580765804,-0.7519071313324821,-0.7398941579665655,0.11045166935144125,-0.5961729881317535,0.5581043259384137
0.31022831392501166,-0.9517500580765804,-0.7519071313324821,-0.7398941579665655,1.3849066727556911,-0.7295824174915568,0.5581043259384137
-1.3721036963659112,-0.9517500580765804,1.5964838557687837,-0.7398941579665655,0.3653414465564667,-0.46276355877195,0.1501055651555881
-1.3721036963659112,-0.9517500580765804,1.5964838557687837,-0.7398941579665655,-0.6542207209531965,-0.9430375044672422,0.5581043259384137
-1.3721036963659112,-0.9517500580765804,1.5964838557687837,-0.7398941579665655,0.875124059656079,-1.129810705570967,-2.297891487532222
0.6466937065844949,-0.9517500580765804,-0.7519071313324821,-0.7398941579665655,2.4044688402653542,-0.5961729881317535,-0.33949384538197364
-1.3721036963659112,-0.9517500580765804,1.5964838557687837,-0.7398941579665655,-0.09809590231156196,-0.9430375044672422,-0.6658919564100632
0.9411025023470135,1.15332442573336,-0.51943787643,1.5987422813648018,-0.6542207209531965,1.538377881625101,0.5581043259384137
0.09993523545317518,1.427420427218831,-0.7519071313324821,1.079044255452747,2.4044688402653542,-0.7295824174915568,0.1501055651555881
-0.5309389529688268,-0.9517500580765804,-0.7519071313324821,-0.7398941579665655,1.180993015777934,-0.8629918468513602,-2.297891487532222
-1.3721036963659112,-0.9517500580765804,1.5964838557687837,-0.7398941579665655,-0.6542207209531965,0.7379213054662805,0.10930524027822004
0.9411025023470135,1.427420427218831,0.6279015671423587,2.1184403072768565,-0.6542207209531965,-0.7829461892354782,0.5581043259384137
-1.3721036963659112,-0.9517500580765804,1.5964838557687837,-0.7398941579665655,-0.6542207209531965,0.07087415866726357,0.5581043259384137
1.1513930573220963,-0.9227261092160405,-0.7519071313324821,-0.4800467041014978,-0.6542207209531965,0.20428358802706698,0.5581043259384137
0.9411025023470135,0.7630960116915985,-0.7519071313324821,0.29949877567562466,-0.6542207209531965,0.07087415866726357,0.5581043259384137
-1.3721036963659112,-0.9517500580765804,1.5964838557687837,-0.7398941579665655,-0.6542207209531965,-0.9430375044672422,0.5581043259384137
-0.9515200629189922,-0.9517500580765804,1.4548748941657081,-0.7398941579665655,-0.6542207209531965,-0.7295824174915568,0.5581043259384137
1.1513930573220963,-0.9517500580765804,-0.7519071313324821,-0.7398941579665655,-0.09809590231156196,-0.5961729881317535,0.5581043259384137
1.1513930573220963,-0.9517500580765804,-0.7519071313324821,-0.7398941579665655,2.4044688402653542,-0.19594470005234324,0.5581043259384137
1.1513930573220963,-0.08619236627005432,-0.7519071313324821,1.079044255452747,0.6202342824510535,0.7379213054662805,0.5581043259384137
-1.3721036963659112,-0.9517500580765804,1.5964838557687837,-0.7398941579665655,-0.6542207209531965,-0.9430375044672422,-2.297891487532222
1.1513930573220963,-0.9517500580765804,-0.7519071313324821,-0.7398941579665655,-0.6542207209531965,-0.35603601528410733,0.5581043259384137
0.7308094238751771,-0.9517500580765804,-0.7519071313324821,-0.7398941579665655,2.4044688402653542,-0.8629918468513602,-0.25789319562723756
1.1513930573220963,-0.21043270399895211,-0.7519071313324821,1.079044255452747,-0.6542207209531965,-0.5961729881317535,0.5581043259384137
0.8359559631110953,1.427420427218831,-0.6011792508869783,1.988515021253363,0.875124059656079,1.4049684522652977,-0.00289453113682849
0.9411025023470135,-0.9517500580765804,1.2596854284341206,-0.7398941579665655,-0.6542207209531965,-0.8096280751074388,0.5581043259384137
1.1513930573220963,-0.9517500580765804,-0.7519071313324821,-0.7398941579665655,-0.6542207209531965,-0.46276355877195,0.5581043259384137
1.1513930573220963,-0.9517500580765804,-0.7519071313324821,-0.7398941579665655,2.0646147844288,-0.5428092163878321,0.1501055651555881
0.9411025023470135,-0.9517500580765804,-0.7519071313324821,-0.7398941579665655,-0.6542207209531965,-0.8096280751074388,0.5581043259384137
1.1513930573220963,-0.9517500580765804,-0.7519071313324821,-0.7398941579665655,-0.6542207209531965,-0.5961729881317535,0.5581043259384137
0.31022831392501166,1.427420427218831,-0.7519071313324821,1.338894827499734,-0.6542207209531965,-1.1031288196990063,0.5581043259384137
-0.9515200629189922,1.427420427218831,0.7679921684885473,-0.22019613205451086,-0.6542207209531965,0.6045118761064772,0.5581043259384137
0.9219844909410732,0.31687976625744263,-0.7519071313324821,2.0948169610576906,-0.6542207209531965,-0.40939978702802865,0.5581043259384137
-0.11035531952190754,-0.9517500580765804,-0.7519071313324821,-0.7398941579665655,2.4044688402653542,-0.46276355877195,-1.481889477975714
-1.1618131413908286,1.427420427218831,1.5054475162243017,-0.4800467041014978,-0.39933094374817096,-0.9430375044672422,0.5581043259384137
-0.9515200629189922,-0.9517500580765804,-0.7519071313324821,-0.7398941579665655,-0.1444381078535842,-0.19594470005234324,-2.297891487532222
0.9219844909410732,1.1870577085354506,-0.7519071313324821,1.527875360889223,-0.6542207209531965,-0.06253527069253983,0.1501055651555881
0.9411025023470135,-0.9517500580765804,-0.7519071313324821,-0.7398941579665655,-0.1444381078535842,-0.19594470005234324,0.5581043259384137
0.31022831392501166,-0.9517500580765804,-0.7519071313324821,-0.7398941579665655,-0.6542207209531965,-0.8629918468513602,0.1501055651555881
1.1513930573220963,0.05946266778283081,-0.7519071313324821,0.29949877567562466,-0.6542207209531965,0.07087415866726357,0.5581043259384137
0.9411025023470135,-0.20280131747462757,-0.7519071313324821,-0.4800467041014978,-0.39933094374817096,-0.5961729881317535,0.5581043259384137
0.31022831392501166,-0.9517500580765804,-0.7519071313324821,-0.7398941579665655,0.875124059656079,-0.19594470005234324,-0.6658919564100632
1.1513930573220963,1.1433218773285123,-0.7519071313324821,1.338894827499734,-0.6542207209531965,-0.8096280751074388,0.5581043259384137
0.09993523545317518,1.1407545418567093,-0.7519071313324821,0.29949877567562466,0.875124059656079,-0.9964012762111636,-0.6658919564100632
-0.9515200629189922,1.427420427218831,-0.7519071313324821,-0.22019613205451086,-0.6542207209531965,-0.8629918468513602,-1.6858911023625551
1.1513930573220963,-0.3610217410022193,-0.6688705373699085,0.039651321810556917,-0.6542207209531965,-0.32935412941214665,0.5581043259384137
-1.1618131413908286,1.427420427218831,-0.7519071313324821,-0.4800467041014978,-0.6542207209531965,-0.46276355877195,-1.8898927267493963
-0.5309389529688268,1.427420427218831,1.441097416953372,0.29949877567562466,-0.6542207209531965,1.1381495935456907,0.5581043259384137
0.31022831392501166,-0.9517500580765804,-0.7519071313324821,-0.7398941579665655,-0.6542207209531965,-0.2552377797085183,-1.8898927267493963
-1.3721036963659112,-0.9517500580765804,1.5964838557687837,-0.7398941579665655,-0.6542207209531965,-0.7829461892354782,0.5581043259384137
1.1513930573220963,-0.9517500580765804,-0.7519071313324821,-0.7398941579665655,-0.1444381078535842,-0.32935412941214665,0.5581043259384137
1.1513930573220963,-0.4606282196892357,-0.7519071313324821,-0.22019613205451086,-0.39933094374817096,-0.5428092163878321,0.5581043259384137
-0.5309389529688268,0.584950519743061,1.2366583250326468,0.29949877567562466,-0.39933094374817096,-0.8629918468513602,0.5581043259384137
-0.7412295079439094,-0.9517500580765804,-0.7519071313324821,-0.7398941579665655,0.17996650700925526,-0.46276355877195,-0.6658919564100632
-0.11035531952190754,-0.9517500580765804,-0.7519071313324821,-0.7398941579665655,-0.6542207209531965,-0.9964012762111636,-0.25789319562723756
-1.3721036963659112,-0.9517500580765804,1.5964838557687837,-0.7398941579665655,-0.6542207209531965,-0.9430375044672422,0.5581043259384137
-1.3721036963659112,-0.9517500580765804,1.5964838557687837,-0.7398941579665655,-0.6542207209531965,-0.32935412941214665,0.5581043259384137
-1.1618131413908286,-0.9517500580765804,-0.7519071313324821,-0.7398941579665655,-0.6542207209531965,0.07087415866726357,-3.1138890090978726
-1.1618131413908286,1.427420427218831,0.9890537872133041,-0.4800467041014978,-0.6542207209531965,-0.14258092830842187,0.5581043259384137
-1.3721036963659112,-0.9517500580765804,1.5964838557687837,-0.7398941579665655,-0.6542207209531965,-0.46276355877195,0.5581043259384137
-0.11035531952190754,-0.9517500580765804,-0.7519071313324821,-0.7398941579665655,2.4044688402653542,-0.8629918468513602,-1.481889477975714
-0.7412295079439094,-0.20527448119431935,0.40806190700723516,-0.4800467041014978,-0.34835176483134134,-0.5961729881317535,-0.25789319562723756
-1.3721036963659112,-0.9517500580765804,1.5964838557687837,-0.7398941579665655,-0.6542207209531965,-0.9964012762111636,0.5581043259384137
1.1513930573220963,-0.9517500580765804,-0.7519071313324821,-0.7398941579665655,0.875124059656079,-0.8629918468513602,0.5581043259384137
-1.3721036963659112,-0.9517500580765804,1.5964838557687837,-0.7398941579665655,-0.39933094374817096,-0.9964012762111636,0.5581043259384137
-0.3206458744969902,1.1381512165013936,-0.7519071313324821,0.29949877567562466,-0.6542207209531965,-0.46276355877195,0.5581043259384137
-1.1426951299848882,1.427420427218831,1.0852139854288003,-0.4564233578823318,-0.6542207209531965,-0.9430375044672422,0.5581043259384137
1.1513930573220963,0.5141899786275792,-0.7519071313324821,0.29949877567562466,1.5702816123029024,-0.06253527069253983,0.5581043259384137
0.8710048095230681,-0.9517500580765804,-0.7519071313324821,-0.7398941579665655,1.5305584109713573,-0.8629918468513602,0.059439173870516004
-1.3721036963659112,-0.9517500580765804,1.5964838557687837,-0.7398941579665655,-0.6542207209531965,-0.9430375044672422,0.5581043259384137
0.09993523545317518,1.427420427218831,-0.7519071313324821,1.079044255452747,2.4044688402653542,-0.7295824174915568,-0.25789319562723756
-0.7412295079439094,-8.186395841586056e-05,-0.7519071313324821,-0.4800467041014978,-0.6542207209531965,-0.8629918468513602,0.5581043259384137
-1.0116045206243036,1.427420427218831,-0.7519071313324821,-0.29444004354848397,-0.6542207209531965,-0.46276355877195,-1.3653184034663355
0.9411025023470135,1.1405043391779766,-0.5803502484110518,1.8585897352298697,2.4044688402653542,-0.32935412941214665,0.1501055651555881
-1.1618131413908286,1.427420427218831,-0.7519071313324821,-0.4800467041014978,-0.6542207209531965,-0.5961729881317535,0.5581043259384137
-1.3721036963659112,-0.9517500580765804,1.5964838557687837,-0.7398941579665655,-0.6542207209531965,-0.46276355877195,0.1501055651555881
-0.9515200629189922,1.427420427218831,-0.7519071313324821,-0.22019613205451086,2.4044688402653542,0.07087415866726357,-2.297891487532222
-1.3721036963659112,-0.9517500580765804,1.5964838557687837,-0.7398941579665655,-0.6542207209531965,-0.46276355877195,0.5581043259384137
-1.3721036963659112,-0.9517500580765804,1.5964838557687837,-0.7398941579665655,-0.6542207209531965,-0.5961729881317535,-3.1138890090978726
-1.1426951299848882,1.427420427218831,1.559369799137538,-0.4564233578823318,-0.6542207209531965,1.1381495935456907,0.5581043259384137
0.7308094238751771,-0.1953637990868052,-0.3739150583926066,1.8585897352298697,0.875124059656079,-0.32935412941214665,0.5581043259384137
-1.3721036963659112,-0.9517500580765804,1.5964838557687837,-0.7398941579665655,-0.6542207209531965,-0.9430375044672422,-3.1138890090978726
1.1513930573220963,-0.9517500580765804,-0.7519071313324821,-0.7398941579665655,0.3653414465564667,-0.5961729881317535,-0.6658919564100632
0.7308094238751771,-0.7004595690450568,0.9430304268751113,-0.22019613205451086,-0.6542207209531965,-0.5961729881317535,-1.481889477975714
0.7308094238751771,0.5561230055850251,1.0195310006600156,0.29949877567562466,-0.3761583116323792,-0.46276355877195,0.5581043259384137
-0.4257924137329085,1.427420427218831,-0.7519071313324821,0.4294240616991182,-0.6542207209531965,-1.049765047955085,0.5581043259384137
0.7308094238751771,0.5019445105763047,-0.47477276369101384,-0.4800467041014978,0.26338614741236877,-0.19594470005234324,0.5581043259384137
0.5205188689000944,-0.9517500580765804,-0.7519071313324821,-0.7398941579665655,1.2574602548083977,-0.9964012762111636,-0.6658919564100632
-1.1618131413908286,1.427420427218831,-0.7519071313324821,-0.4800467041014978,-0.6542207209531965,-0.46276355877195,-3.1138890090978726
-1.1618131413908286,-0.9517500580765804,-0.7519071313324821,-0.7398941579665655,-0.6542207209531965,-0.19594470005234324,-3.929886530663524
-0.7412295079439094,0.8100587311590003,0.6109027822907478,-0.4800467041014978,-0.39933094374817096,-0.9964012762111636,0.5581043259384137
0.09993523545317518,0.08128160069326625,-0.7519071313324821,0.5593493477226117,2.4044688402653542,-0.46276355877195,-0.25789319562723756
-1.3721036963659112,-0.9517500580765804,1.5964838557687837,-0.7398941579665655,-0.6542207209531965,-0.9964012762111636,-0.6658919564100632
1.1513930573220963,0.3094179332420127,-0.7519071313324821,-0.4800467041014978,0.11045166935144125,-0.8629918468513602,0.5581043259384137
0.7308094238751771,0.5824068192096017,0.7475919668083257,-0.22019613205451086,-0.1444381078535842,-0.9430375044672422,0.5581043259384137
-0.7412295079439094,-0.9517500580765804,-0.7519071313324821,-0.7398941579665655,-0.6542207209531965,-0.46276355877195,0.5581043259384137
-1.3721036963659112,-0.9517500580765804,1.5964838557687837,-0.7398941579665655,-0.6542207209531965,0.6045118761064772,-3.4810874450033302
-1.3721036963659112,-0.9517500580765804,1.5964838557687837,-0.7398941579665655,-0.6542207209531965,-0.8629918468513602,-0.25789319562723756
-1.1618131413908286,1.427420427218831,-0.7519071313324821,-0.4800467041014978,-0.6542207209531965,-0.9964012762111636,-3.1138890090978726
-1.1618131413908286,1.427420427218831,-0.7519071313324821,-0.4800467041014978,-0.6542207209531965,-0.9430375044672422,0.5581043259384137
0.7308094238751771,-0.9517500580765804,-0.7519071313324821,-0.7398941579665655,1.5305584109713573,0.33769301738687035,0.1501055651555881
0.09993523545317518,-0.9517500580765804,-0.7519071313324821,-0.7398941579665655,0.21968970834080065,-0.5428092163878321,-1.0738907171928882
-1.3721036963659112,-0.9517500580765804,1.5964838557687837,-0.7398941579665655,-0.1444381078535842,-0.8629918468513602,0.5581043259384137
0.9411025023470135,-0.6146695704895696,0.23293771522518578,-0.22019613205451086,-0.6542207209531965,1.1381495935456907,0.5581043259384137
-1.1618131413908286,1.427420427218831,-0.7519071313324821,-0.4800467041014978,-0.6542207209531965,-0.889673732723321,-1.481889477975714
-1.3721036963659112,-0.9517500580765804,1.5964838557687837,-0.7398941579665655,-0.6542207209531965,-0.7295824174915568,0.5581043259384137
-0.11035531952190754,0.13831495295303506,1.4384485733392915,-0.35012141807800434,-0.6542207209531965,0.6045118761064772,-1.124892245287313
1.1513930573220963,0.41555764019245267,-0.7519071313324821,-0.3934298467525021,0.875124059656079,-0.9964012762111636,0.5581043259384137
-1.3721036963659112,-0.9517500580765804,1.5964838557687837,-0.7398941579665655,-0.6542207209531965,-0.5961729881317535,-1.481889477975714
-0.7412295079439094,1.427420427218831,0.2835195662876634,0.039651321810556917,-0.6542207209531965,-0.9430375044672422,0.5581043259384137
1.1513930573220963,-0.9517500580765804,-0.7519071313324821,-0.7398941579665655,-0.6542207209531965,-0.5961729881317535,0.5581043259384137
-1.3721036963659112,-0.9517500580765804,1.5964838557687837,-0.7398941579665655,-0.3761583116323792,-0.8096280751074388,0.5581043259384137
-1.3721036963659112,-0.9517500580765804,1.5964838557687837,-0.7398941579665655,-0.6542207209531965,-0.9964012762111636,-0.25789319562723756
-1.1618131413908286,1.427420427218831,1.5923054032870163,-0.4800467041014978,-0.6542207209531965,-0.9430375044672422,0.5581043259384137
0.9411025023470135,-0.9517500580765804,-0.7519071313324821,-0.7398941579665655,0.3653414465564667,-0.9430375044672422,0.5581043259384137
-0.7412295079439094,1.427420427218831,-0.7519071313324821,0.039651321810556917,-0.6542207209531965,-1.1031288196990063,0.5581043259384137
-0.5309389529688268,1.427420427218831,-0.7519071313324821,0.29949877567562466,-0.6542207209531965,-0.9430375044672422,0.5581043259384137
1.1513930573220963,1.427420427218831,-0.7519071313324821,2.3782877611419244,2.0221326451130355,-0.32935412941214665,0.5581043259384137
-1.3721036963659112,-0.9517500580765804,1.5964838557687837,-0.7398941579665655,-0.3761583116323792,-0.46276355877195,0.5581043259384137
0.09993523545317518,1.427420427218831,-0.7519071313324821,1.079044255452747,0.025487390719912358,-0.8096280751074388,0.5581043259384137
-1.3721036963659112,-0.9517500580765804,1.5964838557687837,-0.7398941579665655,-0.6542207209531965,-0.9430375044672422,0.5581043259384137
1.1513930573220963,-0.7242632073124659,-0.09430689328809479,-0.4800467041014978,-0.39933094374817096,-1.129810705570967,0.5581043259384137
-1.3721036963659112,-0.9517500580765804,1.5964838557687837,-0.7398941579665655,-0.6542207209531965,-0.19594470005234324,0.1501055651555881
0.09993523545317518,-0.9517500580765804,-0.7519071313324821,-0.7398941579665655,2.4044688402653542,-0.5961729881317535,-1.0738907171928882
-0.11035531952190754,-0.6088696057840064,-0.7519071313324821,-0.4800467041014978,-0.6542207209531965,-0.5961729881317535,0.5581043259384137
0.09993523545317518,1.427420427218831,-0.4186413423197761,1.079044255452747,0.656644922987799,-0.46276355877195,0.5581043259384137
-1.3721036963659112,-0.9517500580765804,1.5964838557687837,-0.7398941579665655,0.21968970834080065,-1.1031288196990063,-1.0738907171928882
0.7308094238751771,-0.9517500580765804,1.2771308856595964,-0.7398941579665655,-0.6542207209531965,-0.46276355877195,0.5581043259384137
1.1513930573220963,-0.007410506152456063,-0.7519071313324821,2.1184403072768565,2.126406430944537,-0.46276355877195,0.5581043259384137
1.1513930573220963,-0.9517500580765804,-0.7519071313324821,-0.7398941579665655,1.8483440216237197,-0.46276355877195,0.5581043259384137
-0.7412295079439094,1.427420427218831,-0.21397747781022544,0.039651321810556917,-0.6542207209531965,-0.35603601528410733,0.5581043259384137
-0.2906061691410883,1.427420427218831,-0.7519071313324821,0.596468185287679,-0.6542207209531965,-0.46276355877195,-1.3653184034663355
1.1513930573220963,-0.6205550367412758,0.3708566955663132,-0.22019613205451086,-0.6542207209531965,-0.7829461892354782,0.5581043259384137
0.7308094238751771,-0.677875542527897,-0.7519071313324821,-0.4800467041014978,0.17996650700925526,-0.9964012762111636,0.1501055651555881
-1.3721036963659112,-0.9517500580765804,1.5964838557687837,-0.7398941579665655,-0.6542207209531965,-0.9430375044672422,0.5581043259384137
-1.1618131413908286,1.427420427218831,0.04273308655886065,-0.4800467041014978,-0.6542207209531965,-0.9964012762111636,0.5581043259384137
0.5205188689000944,0.9162459983393365,-0.7519071313324821,-0.22019613205451086,-0.6542207209531965,-0.7562643033635175,0.1501055651555881
0.9219844909410732,1.0870109417074325,-0.7519071313324821,2.0948169610576906,0.11045166935144125,-0.46276355877195,0.1501055651555881
-1.1618131413908286,1.427420427218831,-0.7519071313324821,-0.4800467041014978,-0.6542207209531965,-0.7295824174915568,0.5581043259384137
-0.11035531952190754,-0.9517500580765804,-0.7519071313324821,-0.7398941579665655,0.17996650700925526,-0.9964012762111636,-0.6658919564100632
-0.5309389529688268,1.427420427218831,-0.032066339045509304,0.29949877567562466,-0.6542207209531965,-0.32935412941214665,0.5581043259384137
-0.3206458744969902,1.427420427218831,1.304521609253322,0.5593493477226117,0.11045166935144125,-0.8629918468513602,0.5581043259384137
1.1513930573220963,-0.9517500580765804,-0.7519071313324821,-0.7398941579665655,-0.3761583116323792,-0.5961729881317535,-1.8898927267493963
1.1513930573220963,0.11251766068674378,-0.7519071313324821,-0.4800467041014978,0.26338614741236877,-0.46276355877195,0.5581043259384137
1.1513930573220963,1.427420427218831,-0.7519071313324821,2.3782877611419244,2.4044688402653542,-0.8629918468513602,0.5581043259384137
0.9411025023470135,-0.9517500580765804,-0.7519071313324821,-0.7398941579665655,-0.6542207209531965,-0.7562643033635175,0.5581043259384137
0.9411025023470135,-0.9517500580765804,-0.7519071313324821,-0.7398941579665655,0.3653414465564667,-1.089787876763026,0.5581043259384137
1.1513930573220963,-0.20308964246413078,-0.7519071313324821,0.8191968015876794,-0.6542207209531965,1.271559022905494,0.5581043259384137
1.1513930573220963,1.2486778718364104,-0.7519071313324821,1.811346160973457,2.0985998841434994,0.7379213054662805,0.5581043259384137
-0.3206458744969902,-0.9517500580765804,-0.7519071313324821,-0.7398941579665655,0.875124059656079,0.07087415866726357,-1.0738907171928882
0.09993523545317518,0.29105186731125143,-0.7519071313324821,-0.22019613205451086,0.45802891633007253,-0.7562643033635175,-1.0738907171928882
0.5205188689000944,-0.9517500580765804,-0.2180136545420407,-0.7398941579665655,-0.39933094374817096,-0.9430375044672422,0.5581043259384137
-1.1618131413908286,1.427420427218831,-0.7519071313324821,-0.4800467041014978,-0.6542207209531965,-0.9430375044672422,0.5581043259384137
-1.3721036963659112,-0.9517500580765804,1.5964838557687837,-0.7398941579665655,-0.09809590231156196,-0.8629918468513602,-1.481889477975714
0.9411025023470135,0.9891962736891486,-0.7519071313324821,1.5987422813648018,-0.6542207209531965,0.4711024467466738,0.5581043259384137
1.1513930573220963,0.12711864225937902,-0.5937104046542596,0.29949877567562466,-0.6542207209531965,-1.049765047955085,0.5581043259384137
0.31022831392501166,0.9388747007750818,-0.7519071313324821,0.5593493477226117,-0.6542207209531965,-0.9430375044672422,0.5581043259384137
-0.7412295079439094,-0.9517500580765804,-0.7519071313324821,-0.7398941579665655,2.4044688402653542,-0.9964012762111636,-2.705890248315047
-1.3721036963659112,-0.9517500580765804,1.5964838557687837,-0.7398941579665655,-0.39933094374817096,-0.8629918468513602,0.5581043259384137
0.7308094238751771,0.2571536093034761,-0.7519071313324821,0.039651321810556917,0.11045166935144125,-0.5428092163878321,0.5581043259384137
1.1513930573220963,-0.09111962350326476,-0.7519071313324821,0.29949877567562466,1.3849066727556911,0.33769301738687035,0.5581043259384137
0.7308094238751771,-0.9517500580765804,0.0230953907173747,-0.7398941579665655,-0.6542207209531965,-0.19594470005234324,-2.705890248315047
1.1513930573220963,-0.9517500580765804,-0.7519071313324821,-0.7398941579665655,-0.6542207209531965,-0.9964012762111636,0.5581043259384137
-1.3721036963659112,-0.9517500580765804,1.5964838557687837,-0.7398941579665655,-0.6542207209531965,-0.5961729881317535,0.5581043259384137
-0.11035531952190754,-0.9517500580765804,-0.7519071313324821,-0.7398941579665655,0.7360913256508896,-0.40939978702802865,-1.0738907171928882
-0.11035531952190754,1.427420427218831,-0.7519071313324821,0.8191968015876794,-0.6542207209531965,-0.9964012762111636,0.5581043259384137
0.31022831392501166,1.427420427218831,-0.23606438221111947,1.338894827499734,-0.6542207209531965,-0.46276355877195,0.5581043259384137
0.31022831392501166,0.9937616094618587,-0.7519071313324821,0.8191968015876794,-0.39933094374817096,-0.6762186457476355,0.5581043259384137
-1.3721036963659112,-0.9517500580765804,1.5964838557687837,-0.7398941579665655,-0.34835176483134134,-0.9964012762111636,-3.1138890090978726
-1.1618131413908286,1.427420427218831,1.525521603207157,-0.4800467041014978,-0.6542207209531965,0.07087415866726357,0.5581043259384137
-1.3721036963659112,-0.9517500580765804,1.5964838557687837,-0.7398941579665655,-0.6542207209531965,-0.9430375044672422,0.5581043259384137
-1.1618131413908286,1.427420427218831,-0.7519071313324821,-0.4800467041014978,-0.6542207209531965,-0.7295824174915568,0.5581043259384137
1.1513930573220963,-0.352160722064632,-0.7519071313324821,-0.4800467041014978,-0.6542207209531965,-0.5961729881317535,0.5581043259384137
0.8359559631110953,-0.9517500580765804,-0.7519071313324821,-0.7398941579665655,2.4044688402653542,-0.8629918468513602,-0.00289453113682849
0.09993523545317518,-0.9517500580765804,1.1966961683448945,-0.7398941579665655,-0.6542207209531965,-0.06253527069253983,0.5581043259384137
1.1513930573220963,-0.9517500580765804,0.8361339785142473,-0.7398941579665655,0.11045166935144125,-0.9964012762111636,0.5581043259384137
-1.3721036963659112,-0.9517500580765804,1.5964838557687837,-0.7398941579665655,-0.6542207209531965,-0.9964012762111636,-3.1138890090978726
1.1513930573220963,1.2690770991053946,-0.7519071313324821,2.3782877611419244,0.3653414465564667,0.8713307348260839,0.5581043259384137
1.1513930573220963,-0.9517500580765804,-0.7519071313324821,-0.7398941579665655,-0.6542207209531965,-0.46276355877195,-1.0738907171928882
1.1513930573220963,-0.9517500580765804,-0.7519071313324821,-0.7398941579665655,-0.1444381078535842,-0.5961729881317535,0.5581043259384137
-1.1618131413908286,1.427420427218831,-0.7519071313324821,-0.4800467041014978,-0.6542207209531965,-0.9964012762111636,-1.481889477975714
-1.3721036963659112,-0.9517500580765804,1.5964838557687837,-0.7398941579665655,-0.6542207209531965,-0.19594470005234324,-0.9378911302652799
1.1513930573220963,-0.9517500580765804,1.0342594987855709,-0.7398941579665655,-0.6542207209531965,-0.7295824174915568,0.5581043259384137
0.9411025023470135,-0.9517500580765804,-0.7519071313324821,-0.7398941579665655,-0.2718845258008776,-0.9964012762111636,-1.481889477975714
0.9411025023470135,1.0588244806262062,0.14826573113927421,1.5987422813648018,-0.6542207209531965,-0.8096280751074388,0.5581043259384137
0.5205188689000944,1.2178394322113495,-0.5015947734822878,1.338894827499734,-0.39933094374817096,-0.8096280751074388,0.5581043259384137
1.1513930573220963,-0.9517500580765804,-0.7519071313324821,-0.7398941579665655,-0.6542207209531965,-0.8629918468513602,0.5581043259384137
0.9411025023470135,-0.9517500580765804,-0.7519071313324821,-0.7398941579665655,-0.6542207209531965,0.07087415866726357,0.5581043259384137
-0.9515200629189922,1.427420427218831,0.9728055039882253,-0.22019613205451086,-0.6542207209531965,-0.8096280751074388,0.5581043259384137
-1.1618131413908286,1.427420427218831,-0.7519071313324821,-0.4800467041014978,-0.6542207209531965,-0.19594470005234324,-2.705890248315047
-0.9515200629189922,-0.9517500580765804,-0.7519071313324821,-0.7398941579665655,-0.6542207209531965,-0.8629918468513602,-3.5218877698806983
1.1513930573220963,-0.9517500580765804,-0.7519071313324821,-0.7398941579665655,2.4044688402653542,-0.7295824174915568,0.5581043259384137
0.31022831392501166,1.427420427218831,-0.7519071313324821,1.338894827499734,-0.6542207209531965,-0.5961729881317535,0.5581043259384137
1.1513930573220963,-0.9517500580765804,-0.7519071313324821,-0.7398941579665655,-0.09809590231156196,-0.8629918468513602,0.5581043259384137
-0.3206458744969902,1.427420427218831,1.3126593915152025,0.5593493477226117,-0.39933094374817096,-0.32935412941214665,0.5581043259384137
0.9411025023470135,-0.9517500580765804,-0.7519071313324821,-0.7398941579665655,-0.39933094374817096,-0.9430375044672422,0.5581043259384137
1.1513930573220963,0.6774419102682349,-0.7519071313324821,2.3782877611419244,0.11045166935144125,0.07087415866726357,0.5581043259384137
0.7308094238751771,1.427420427218831,-0.7519071313324821,1.8585897352298697,-0.6542207209531965,-0.9964012762111636,0.5581043259384137
-1.3721036963659112,-0.9517500580765804,1.5964838557687837,-0.7398941579665655,0.21968970834080065,0.33769301738687035,0.5581043259384137
-1.3721036963659112,-0.9517500580765804,1.5964838557687837,-0.7398941579665655,-0.39933094374817096,-0.5961729881317535,0.5581043259384137
1.1513930573220963,0.8482832205106117,-0.7519071313324821,1.079044255452747,-0.39933094374817096,-1.0230831620831242,0.5581043259384137
1.1513930573220963,0.16928998816854124,-0.7519071313324821,0.5593493477226117,1.2922192029820856,-0.46276355877195,-0.25789319562723756
1.1513930573220963,-0.9517500580765804,1.2294387469719064,-0.7398941579665655,-0.6542207209531965,-0.46276355877195,0.5581043259384137
1.1513930573220963,-0.9517500580765804,-0.7519071313324821,-0.7398941579665655,2.4044688402653542,-0.9964012762111636,0.5581043259384137
-1.3721036963659112,-0.9517500580765804,1.5964838557687837,-0.7398941579665655,-0.6542207209531965,-0.9964012762111636,0.5581043259384137
0.9411025023470135,-0.9517500580765804,-0.7519071313324821,-0.7398941579665655,0.5692551035342239,-0.9964012762111636,0.5581043259384137
1.1513930573220963,-0.9517500580765804,-0.7519071313324821,-0.7398941579665655,1.6397964499607167,0.07087415866726357,0.5581043259384137
1.1513930573220963,-0.9517500580765804,0.6922889726556424,-0.7398941579665655,-0.6542207209531965,-0.19594470005234324,0.5581043259384137
0.09993523545317518,1.427420427218831,-0.3964110130986337,1.079044255452747,-0.6542207209531965,0.4711024467466738,0.5581043259384137
-1.3721036963659112,-0.9517500580765804,1.5964838557687837,-0.7398941579665655,-0.6542207209531965,-0.8629918468513602,-0.7241774936647524
1.1513930573220963,-0.9517500580765804,-0.7519071313324821,-0.7398941579665655,2.149579063060329,-0.5428092163878321,0.5581043259384137
-1.3721036963659112,-0.9517500580765804,1.5964838557687837,-0.7398941579665655,-0.6542207209531965,-0.5961729881317535,0.5581043259384137
0.8990433819532956,-0.9517500580765804,-0.7519071313324821,-0.7398941579665655,1.6397964499607167,-0.8629918468513602,0.10930524027822004
-0.9515200629189922,-0.9517500580765804,-0.7519071313324821,-0.7398941579665655,0.875124059656079,-0.8629918468513602,-3.1138890090978726
1.1513930573220963,-0.9517500580765804,-0.7519071313324821,-0.7398941579665655,-0.6542207209531965,-0.8629918468513602,0.5581043259384137
-0.9515200629189922,-0.9517500580765804,-0.7519071313324821,-0.7398941579665655,2.4044688402653542,-0.19594470005234324,-3.1138890090978726
0.9411025023470135,-0.3643804105817413,-0.7519071313324821,-0.22019613205451086,2.4044688402653542,-0.9964012762111636,0.5581043259384137
0.7308094238751771,-0.9517500580765804,-0.7519071313324821,-0.7398941579665655,2.4044688402653542,-0.24930847179626459,0.1501055651555881
-0.7412295079439094,1.427420427218831,-0.7519071313324821,0.039651321810556917,-0.1444381078535842,-0.19594470005234324,0.5581043259384137
0.9411025023470135,-0.1999276768765095,0.2925746418418684,0.039651321810556917,-0.6542207209531965,-0.19594470005234324,0.5581043259384137
-0.11035531952190754,0.2708792190891169,-0.7519071313324821,-0.4800467041014978,-0.6542207209531965,-0.7295824174915568,0.5581043259384137
-0.5309389529688268,-0.17713641170133018,1.0636904667894764,-0.22019613205451086,-0.3761583116323792,-1.0764469338270457,0.5581043259384137
1.1513930573220963,-0.9517500580765804,-0.7519071313324821,-0.7398941579665655,0.875124059656079,-0.9964012762111636,0.5581043259384137
0.31022831392501166,-0.07057580426346519,1.348938037282604,0.039651321810556917,-0.6542207209531965,0.07087415866726357,0.5581043259384137
-1.3721036963659112,-0.9517500580765804,1.5964838557687837,-0.7398941579665655,-0.6542207209531965,-1.049765047955085,0.5581043259384137
0.09993523545317518,-0.9517500580765804,-0.7519071313324821,-0.7398941579665655,0.875124059656079,0.07087415866726357,-1.8898927267493963
-1.3721036963659112,-0.9517500580765804,1.5964838557687837,-0.7398941579665655,-0.3761583116323792,-1.0764469338270457,0.1501055651555881
0.7308094238751771,-0.47251010034703184,-0.3653640189749492,-0.4800467041014978,-0.6542207209531965,-1.0764469338270457,0.5581043259384137
1.1513930573220963,-0.9517500580765804,-0.7519071313324821,-0.7398941579665655,0.6202342824510535,-0.19594470005234324,0.5581043259384137
1.1513930573220963,0.9952487247815812,-0.7519071313324821,2.3782877611419244,1.0141567936612683,-0.889673732723321,0.5581043259384137
1.1513930573220963,-0.9517500580765804,-0.7519071313324821,-0.7398941579665655,2.149579063060329,-0.19594470005234324,0.5581043259384137
-1.3721036963659112,-0.9517500580765804,1.5964838557687837,-0.7398941579665655,-0.6542207209531965,0.07087415866726357,0.5581043259384137
1.1513930573220963,-0.9517500580765804,-0.7519071313324821,-0.7398941579665655,2.149579063060329,-0.46276355877195,0.5581043259384137
-1.3721036963659112,-0.9517500580765804,1.5964838557687837,-0.7398941579665655,-0.34835176483134134,-0.9430375044672422,0.1501055651555881
0.09993523545317518,-0.9517500580765804,-0.7519071313324821,-0.7398941579665655,0.6202342824510535,-0.46276355877195,-1.0738907171928882
0.5205188689000944,-0.9517500580765804,-0.7519071313324821,-0.7398941579665655,1.045052616919137,-0.46276355877195,-0.25789319562723756
-1.1618131413908286,-0.9517500580765804,-0.7519071313324821,-0.7398941579665655,0.875124059656079,0.07087415866726357,-3.5218877698806983
-0.3206458744969902,1.427420427218831,-0.7519071313324821,0.5593493477226117,-0.6542207209531965,-1.1431516485069473,0.5581043259384137
-0.9515200629189922,-0.9517500580765804,-0.7519071313324821,-0.7398941579665655,-0.6542207209531965,-0.46276355877195,-2.705890248315047
1.1513930573220963,-0.9517500580765804,-0.7519071313324821,-0.7398941579665655,-0.09809590231156196,-0.9430375044672422,0.1501055651555881
-1.3721036963659112,-0.9517500580765804,1.5964838557687837,-0.7398941579665655,0.025487390719912358,1.1381495935456907,0.5581043259384137
-0.11035531952190754,-0.9517500580765804,-0.7519071313324821,-0.7398941579665655,2.4044688402653542,-0.19594470005234324,-1.481889477975714
-1.3721036963659112,-0.9517500580765804,1.5964838557687837,-0.7398941579665655,-0.6542207209531965,-0.9964012762111636,0.5581043259384137
-1.3721036963659112,-0.9517500580765804,1.5964838557687837,-0.7398941579665655,-0.39933094374817096,0.07087415866726357,0.5581043259384137
0.39434403121569384,1.427420427218831,0.9966549474222429,1.4428331854093772,-0.6542207209531965,-0.8096280751074388,0.5581043259384137
1.1513930573220963,-0.9517500580765804,-0.7519071313324821,-0.7398941579665655,-0.39933094374817096,-1.129810705570967,0.5581043259384137
-0.5309389529688268,0.5462461734057156,-0.7519071313324821,-0.4800467041014978,-0.6542207209531965,-0.19594470005234324,-1.0738907171928882
0.5205188689000944,-0.9517500580765804,-0.7519071313324821,-0.7398941579665655,1.5305584109713573,-0.5961729881317535,-0.25789319562723756
0.9411025023470135,1.0167519340944586,0.32060580271583183,1.338894827499734,-0.6542207209531965,-0.40939978702802865,0.5581043259384137
1.1513930573220963,1.0147634042575886,-0.7519071313324821,2.3782877611419244,2.149579063060329,-0.32935412941214665,0.5581043259384137
-1.1618131413908286,-0.9517500580765804,1.3891842922776887,-0.7398941579665655,-0.6542207209531965,-0.5961729881317535,0.5581043259384137
1.1513930573220963,-0.6014805678676098,0.5804083479171951,-0.4800467041014978,-0.3761583116323792,-0.9964012762111636,0.5581043259384137
1.1513930573220963,-0.10372427621402647,-0.7519071313324821,0.039651321810556917,-0.6542207209531965,-0.8629918468513602,-1.481889477975714
1.1513930573220963,-0.9517500580765804,-0.7519071313324821,-0.7398941579665655,0.6202342824510535,-0.19594470005234324,0.5581043259384137
1.1513930573220963,1.427420427218831,-0.7519071313324821,2.3782877611419244,-0.6542207209531965,-0.19594470005234324,0.5581043259384137
0.7308094238751771,-0.9517500580765804,-0.7519071313324821,-0.7398941579665655,0.4927878645037601,-0.5961729881317535,-0.25789319562723756
-0.7412295079439094,-0.9517500580765804,-0.7519071313324821,-0.7398941579665655,-0.6542207209531965,0.07087415866726357,0.5581043259384137
0.5205188689000944,-0.9517500580765804,-0.7519071313324821,-0.7398941579665655,-0.6542207209531965,-0.8629918468513602,0.5581043259384137
-1.3721036963659112,-0.9517500580765804,1.5964838557687837,-0.7398941579665655,-0.6542207209531965,-0.06253527069253983,0.5581043259384137
-1.3721036963659112,-0.9517500580765804,1.5964838557687837,-0.7398941579665655,-0.1444381078535842,1.1381495935456907,0.5581043259384137
-1.1426951299848882,1.427420427218831,1.4392433529679207,-0.4564233578823318,-0.6542207209531965,0.7379213054662805,-1.8898927267493963
1.1513930573220963,0.9589904713017031,-0.7519071313324821,1.5987422813648018,-0.6542207209531965,-0.9430375044672422,0.5581043259384137
-0.7412295079439094,-0.9517500580765804,1.3848297523967001,-0.7398941579665655,-0.6542207209531965,0.07087415866726357,-0.6658919564100632
-0.9515200629189922,-0.9517500580765804,-0.7519071313324821,-0.7398941579665655,-0.3761583116323792,-0.19594470005234324,-3.929886530663524
-1.3721036963659112,-0.9517500580765804,1.5964838557687837,-0.7398941579665655,-0.6542207209531965,-0.7295824174915568,0.5581043259384137
-1.3721036963659112,-0.9517500580765804,1.5964838557687837,-0.7398941579665655,-0.39933094374817096,-0.889673732723321,0.5581043259384137
0.7308094238751771,-0.7505012981064145,0.06592748030482258,-0.22019613205451086,-0.6542207209531965,-0.46276355877195,0.5581043259384137
-0.5309389529688268,1.427420427218831,1.1221445136144563,0.29949877567562466,-0.6542207209531965,-0.8629918468513602,0.5581043259384137
1.1513930573220963,-0.9517500580765804,-0.7519071313324821,-0.7398941579665655,-0.6542207209531965,-0.46276355877195,-3.1138890090978726
0.5205188689000944,0.6060948315316689,-0.7519071313324821,1.338894827499734,2.4044688402653542,-0.8629918468513602,-0.25789319562723756
-1.3721036963659112,-0.9517500580765804,1.5964838557687837,-0.7398941579665655,-0.6542207209531965,-0.7295824174915568,-0.18989564615886145
-1.3721036963659112,-0.9517500580765804,1.5964838557687837,-0.7398941579665655,-0.6542207209531965,0.7379213054662805,0.5581043259384137
-1.3721036963659112,-0.9517500580765804,1.5964838557687837,-0.7398941579665655,-0.6542207209531965,0.33769301738687035,0.5581043259384137
1.1513930573220963,-0.9517500580765804,-0.7519071313324821,-0.7398941579665655,2.4044688402653542,-0.19594470005234324,0.5581043259384137
-0.7412295079439094,1.427420427218831,1.3349242469221683,0.039651321810556917,-0.6542207209531965,1.271559022905494,0.5581043259384137
1.1513930573220963,-0.6915266969353357,-0.7519071313324821,-0.22019613205451086,-0.34835176483134134,-0.5961729881317535,0.5581043259384137
0.8710048095230681,-0.9517500580765804,-0.7519071313324821,-0.7398941579665655,0.3653414465564667,-0.8629918468513602,0.059439173870516004
0.9411025023470135,-0.3737107133513745,-0.7519071313324821,0.039651321810556917,0.11045166935144125,-0.19594470005234324,0.5581043259384137
-0.3206458744969902,1.427420427218831,-0.7519071313324821,0.5593493477226117,2.4044688402653542,-0.5961729881317535,-1.8898927267493963
-1.1618131413908286,1.427420427218831,1.409860868272747,-0.4800467041014978,-0.6542207209531965,-0.5961729881317535,0.5581043259384137
-1.1426951299848882,1.427420427218831,1.1191021012374838,-0.4564233578823318,-0.6542207209531965,-1.1831744773148885,0.1501055651555881
1.1513930573220963,-0.9517500580765804,-0.7519071313324821,-0.7398941579665655,0.025487390719912358,-0.7295824174915568,-0.25789319562723756
-0.5309389529688268,1.427420427218831,-0.7519071313324821,0.29949877567562466,2.4044688402653542,-0.9964012762111636,-1.481889477975714
-1.3721036963659112,-0.9517500580765804,1.5964838557687837,-0.7398941579665655,-0.6542207209531965,-0.9964012762111636,0.1501055651555881
1.1513930573220963,0.8963330065036257,-0.7519071313324821,2.1184403072768565,-0.6542207209531965,-0.06253527069253983,0.5581043259384137
-0.5309389529688268,-0.9517500580765804,-0.7519071313324821,-0.7398941579665655,0.875124059656079,-0.9964012762111636,-1.481889477975714
-1.1618131413908286,1.427420427218831,-0.7519071313324821,-0.4800467041014978,-0.6542207209531965,-0.5961729881317535,0.5581043259384137
1.1513930573220963,-0.9517500580765804,-0.7519071313324821,-0.7398941579665655,-0.6542207209531965,-0.46276355877195,0.5581043259384137
-0.11035531952190754,1.427420427218831,1.020938569620194,0.8191968015876794,-0.6542207209531965,-0.9430375044672422,0.5581043259384137
1.1513930573220963,0.7707679051133419,-0.7519071313324821,0.039651321810556917,-0.6542207209531965,1.1381495935456907,0.5581043259384137
-1.1618131413908286,1.427420427218831,-0.7519071313324821,-0.4800467041014978,-0.6542207209531965,-0.7295824174915568,-0.6658919564100632
-1.3721036963659112,-0.9517500580765804,1.5964838557687837,-0.7398941579665655,-0.6542207209531965,-0.8629918468513602,0.5581043259384137
-1.3721036963659112,-0.9517500580765804,1.5964838557687837,-0.7398941579665655,-0.6542207209531965,-0.46276355877195,0.5581043259384137
0.5205188689000944,1.255735209904023,-0.7519071313324821,1.079044255452747,0.26338614741236877,-0.32935412941214665,0.1501055651555881
-0.9515200629189922,1.427420427218831,1.2760405242252526,-0.22019613205451086,-0.6542207209531965,-1.1031288196990063,0.5581043259384137
1.1513930573220963,-0.9517500580765804,-0.7519071313324821,-0.7398941579665655,-0.6542207209531965,-0.7295824174915568,-2.6476047110603576
-1.3721036963659112,-0.9517500580765804,1.5964838557687837,-0.7398941579665655,-0.6542207209531965,-0.9964012762111636,0.5581043259384137
0.7308094238751771,-0.9517500580765804,-0.7519071313324821,-0.7398941579665655,1.5702816123029024,-0.19594470005234324,0.1501055651555881
-0.7412295079439094,-0.9517500580765804,-0.7519071313324821,-0.7398941579665655,2.4044688402653542,-0.46276355877195,-2.705890248315047
-1.1618131413908286,1.427420427218831,-0.7519071313324821,-0.4800467041014978,-0.6542207209531965,-0.7829461892354782,0.5581043259384137
-1.3721036963659112,-0.9517500580765804,1.5964838557687837,-0.7398941579665655,-0.6542207209531965,-0.7829461892354782,0.5581043259384137
0.5205188689000944,0.5167192678288692,-0.7519071313324821,0.8191968015876794,-0.39933094374817096,0.07087415866726357,0.5581043259384137
0.7308094238751771,-0.26975885494170515,-0.10952885193252372,0.039651321810556917,0.17996650700925526,-0.5961729881317535,0.5581043259384137
0.7308094238751771,-0.2776517539095472,0.7742238937752859,-0.22019613205451086,0.11045166935144125,-0.9430375044672422,-0.18989564615886145
-1.3721036963659112,-0.9517500580765804,1.5964838557687837,-0.7398941579665655,0.875124059656079,-0.9430375044672422,0.059439173870516004
-1.3721036963659112,-0.9517500580765804,1.5964838557687837,-0.7398941579665655,-0.2172655063061979,-0.5961729881317535,0.10930524027822004
0.31022831392501166,-0.9517500580765804,-0.7519071313324821,-0.7398941579665655,1.9675136256183559,-0.9964012762111636,-0.6658919564100632
-1.3721036963659112,-0.9517500580765804,1.5964838557687837,-0.7398941579665655,0.875124059656079,-0.9430375044672422,0.5581043259384137
-0.45446943084181896,1.427420427218831,-0.7519071313324821,0.3939890423703693,-0.6542207209531965,-0.9430375044672422,0.1501055651555881
0.9411025023470135,0.2997465928454693,-0.7519071313324821,-0.22019613205451086,2.4044688402653542,-0.46276355877195,0.1501055651555881
-1.3721036963659112,-0.9517500580765804,1.5964838557687837,-0.7398941579665655,-0.6542207209531965,-0.19594470005234324,0.1501055651555881
-0.11035531952190754,1.0253015313053124,1.1219350526488874,-0.22019613205451086,-0.6542207209531965,-0.46276355877195,0.5581043259384137
0.5205188689000944,-0.9517500580765804,-0.7519071313324821,-0.7398941579665655,0.26338614741236877,-0.19594470005234324,-1.481889477975714
-1.1197540209971106,1.427420427218831,1.2201975687117723,-0.4280759660557166,-0.34835176483134134,-0.5961729881317535,0.5581043259384137
1.1513930573220963,-0.9517500580765804,-0.7519071313324821,-0.7398941579665655,1.486861971899789,-0.9964012762111636,0.5581043259384137
-0.683877997222842,-0.9517500580765804,-0.7519071313324821,-0.7398941579665655,0.17996650700925526,0.07087415866726357,0.1501055651555881
1.1513930573220963,0.053198463650029976,-0.7519071313324821,1.079044255452747,-0.6542207209531965,-0.9430375044672422,0.5581043259384137
-1.1618131413908286,1.427420427218831,-0.7519071313324821,-0.4800467041014978,-0.6542207209531965,-1.129810705570967,-2.705890248315047
-1.1618131413908286,1.427420427218831,1.3170379849800853,-0.4800467041014978,-0.6542207209531965,-1.129810705570967,0.5581043259384137
1.1513930573220963,0.08051817862617733,-0.7519071313324821,2.1184403072768565,2.149579063060329,-0.8629918468513602,0.5581043259384137
1.1513930573220963,-0.9517500580765804,-0.6668556047274151,-0.7398941579665655,0.11045166935144125,-0.06253527069253983,0.5581043259384137
-0.7412295079439094,-0.9517500580765804,-0.7519071313324821,-0.7398941579665655,-0.6542207209531965,-0.9964012762111636,-1.481889477975714
1.1513930573220963,-0.6828311403105826,1.0858046740430978,-0.35012141807800434,-0.6542207209531965,-0.06253527069253983,0.5581043259384137
0.23375879179800402,1.427420427218831,-0.7519071313324821,1.2444045608049896,1.6397964499607167,0.20428358802706698,-1.0738907171928882
-1.3721036963659112,-0.9517500580765804,1.5964838557687837,-0.7398941579665655,-0.6542207209531965,-0.5961729881317535,0.5581043259384137
0.9411025023470135,-0.9517500580765804,-0.7519071313324821,-0.7398941579665655,1.3849066727556911,-0.8629918468513602,0.1501055651555881
1.1513930573220963,1.1803231169205235,-0.7297527627480721,2.3782877611419244,-0.6542207209531965,-0.8096280751074388,0.5581043259384137
1.1513930573220963,0.5395914396413414,-0.7519071313324821,2.3782877611419244,-0.6542207209531965,0.6045118761064772,0.5581043259384137
1.1513930573220963,-0.9517500580765804,-0.7519071313324821,-0.7398941579665655,2.126406430944537,-0.46276355877195,0.5581043259384137
0.31022831392501166,0.60005905764731,-0.7519071313324821,0.5593493477226117,-0.39933094374817096,-0.8363099609793996,0.5581043259384137
1.1513930573220963,-0.9517500580765804,-0.7519071313324821,-0.7398941579665655,-0.6542207209531965,-0.9964012762111636,0.5581043259384137
-1.3721036963659112,-0.9517500580765804,1.5964838557687837,-0.7398941579665655,-0.6542207209531965,-0.32935412941214665,0.5581043259384137
0.5205188689000944,0.8003095348601293,-0.7519071313324821,-0.22019613205451086,-0.6542207209531965,-0.7829461892354782,0.5581043259384137
-1.1618131413908286,1.427420427218831,-0.7519071313324821,-0.4800467041014978,-0.6542207209531965,-0.9964012762111636,-3.1138890090978726
1.1513930573220963,-0.9517500580765804,-0.7519071313324821,-0.7398941579665655,-0.09809590231156196,-0.46276355877195,-1.8898927267493963
-1.3721036963659112,-0.9517500580765804,1.5964838557687837,-0.7398941579665655,-0.6542207209531965,-0.9430375044672422,0.5581043259384137
-1.3721036963659112,-0.9517500580765804,1.5964838557687837,-0.7398941579665655,-0.6542207209531965,-0.5961729881317535,0.5581043259384137
-0.5309389529688268,-0.9517500580765804,-0.7519071313324821,-0.7398941579665655,0.3653414465564667,-0.19594470005234324,-2.297891487532222
0.9411025023470135,-0.9517500580765804,-0.7519071313324821,-0.7398941579665655,0.3653414465564667,-0.19594470005234324,0.5581043259384137
-0.7412295079439094,-0.9517500580765804,-0.7519071313324821,-0.7398941579665655,2.4044688402653542,-0.46276355877195,-2.705890248315047
-1.1618131413908286,1.427420427218831,1.4601216113076425,-0.4800467041014978,-0.6542207209531965,-0.46276355877195,0.5581043259384137
-1.3721036963659112,-0.9517500580765804,1.5964838557687837,-0.7398941579665655,-0.6542207209531965,-0.9964012762111636,0.5581043259384137
1.1513930573220963,-0.9517500580765804,-0.7519071313324821,-0.7398941579665655,-0.39933094374817096,-0.7295824174915568,0.5581043259384137
-0.5309389529688268,1.427420427218831,1.5022604248498566,0.29949877567562466,-0.34835176483134134,0.8713307348260839,0.5581043259384137
1.1513930573220963,-0.11672352119985888,-0.7519071313324821,0.8191968015876794,-0.6542207209531965,-0.46276355877195,0.5581043259384137
-0.5309389529688268,-0.9517500580765804,-0.7519071313324821,-0.7398941579665655,-0.6542207209531965,-0.7295824174915568,-1.0738907171928882
-0.9515200629189922,1.427420427218831,-0.7519071313324821,-0.22019613205451086,-0.6542207209531965,-0.5961729881317535,-3.1138890090978726
-0.5309389529688268,-0.9517500580765804,-0.7519071313324821,-0.7398941579665655,-0.6542207209531965,-0.9964012762111636,-0.25789319562723756
-0.5309389529688268,0.7146190670638198,0.341709219491173,0.039651321810556917,-0.6542207209531965,-0.8629918468513602,0.5581043259384137
0.7308094238751771,-0.9517500580765804,-0.7519071313324821,-0.7398941579665655,0.3653414465564667,-0.5961729881317535,0.1501055651555881
1.1513930573220963,0.8326163441007012,-0.7519071313324821,2.1184403072768565,2.0985998841434994,-0.46276355877195,0.5581043259384137
1.1513930573220963,-0.2967587438632847,0.33459764175818363,-0.4800467041014978,-0.6542207209531965,-0.7295824174915568,0.5581043259384137
0.7308094238751771,-0.9517500580765804,-0.7519071313324821,-0.7398941579665655,2.0646147844288,-0.9964012762111636,0.5581043259384137
0.7308094238751771,-0.9517500580765804,-0.7519071313324821,-0.7398941579665655,1.5702816123029024,-0.9964012762111636,0.5581043259384137
-1.3721036963659112,-0.9517500580765804,1.5964838557687837,-0.7398941579665655,-0.6542207209531965,-0.9430375044672422,0.5581043259384137
-0.5309389529688268,-0.9517500580765804,-0.7519071313324821,-0.7398941579665655,-0.6542207209531965,-0.8629918468513602,0.5581043259384137
0.7308094238751771,-0.9517500580765804,-0.56348768185223,-0.7398941579665655,0.7360913256508896,-0.5961729881317535,0.5581043259384137
-0.5309389529688268,1.2425108040093427,-0.7519071313324821,-0.22019613205451086,-0.6542207209531965,-0.7295824174915568,0.5581043259384137
-0.8113272007678548,1.427420427218831,-0.7519071313324821,-0.046965535538438706,-0.6542207209531965,-0.5961729881317535,-0.9378911302652799
0.7308094238751771,-0.9517500580765804,-0.7519071313324821,-0.7398941579665655,-0.6542207209531965,-0.06253527069253983,-0.25789319562723756
0.09993523545317518,0.3553955785262374,0.9924630712220326,-0.22019613205451086,-0.39933094374817096,-0.8629918468513602,0.5581043259384137
0.7908938815804886,0.11533576679472107,-0.5457191367374299,1.4873795323057613,0.5692551035342239,-0.9964012762111636,-0.08303658386316934
-0.5309389529688268,1.427420427218831,-0.7519071313324821,0.29949877567562466,1.3849066727556911,-0.9430375044672422,-1.0738907171928882
-1.1618131413908286,1.427420427218831,1.4183858164713568,-0.4800467041014978,-0.6542207209531965,0.33769301738687035,0.5581043259384137
0.9411025023470135,-0.05654623992112645,-0.7519071313324821,0.5593493477226117,-0.6542207209531965,0.33769301738687035,0.5581043259384137
-1.3721036963659112,-0.9517500580765804,1.5964838557687837,-0.7398941579665655,-0.04248280870948625,0.33769301738687035,-1.8898927267493963
-0.683877997222842,1.427420427218831,-0.7519071313324821,0.11051824228613556,-0.04248280870948625,0.7379213054662805,0.5581043259384137
1.1513930573220963,-0.6688651798766323,-0.7519071313324821,2.3782877611419244,2.4044688402653542,0.7379213054662805,0.5581043259384137
1.1513930573220963,0.8871044262690667,-0.7519071313324821,2.3782877611419244,-0.39933094374817096,-0.9964012762111636,0.5581043259384137
1.1513930573220963,1.412420980837535,-0.7519071313324821,2.3782877611419244,2.4044688402653542,-0.06253527069253983,0.5581043259384137
0.9411025023470135,0.3629443950046924,-0.7519071313324821,0.5593493477226117,2.4044688402653542,-0.7295824174915568,0.5581043259384137
-1.1618131413908286,1.427420427218831,0.7112695469498125,-0.4800467041014978,-0.39933094374817096,-0.8629918468513602,0.5581043259384137
-0.3206458744969902,-0.9517500580765804,-0.7519071313324821,-0.7398941579665655,0.3653414465564667,-0.8629918468513602,-1.8898927267493963
-0.11035531952190754,1.427420427218831,-0.22477142245481913,0.8191968015876794,-0.6542207209531965,-1.129810705570967,0.5581043259384137
0.7308094238751771,-0.9517500580765804,-0.7519071313324821,-0.7398941579665655,2.4044688402653542,-0.7295824174915568,0.1501055651555881
-0.11035531952190754,1.427420427218831,1.0983812053785735,0.8191968015876794,-0.39933094374817096,-0.9430375044672422,0.5581043259384137
1.1513930573220963,-0.9517500580765804,-0.7519071313324821,-0.7398941579665655,2.4044688402653542,-0.5961729881317535,0.5581043259384137
-1.3721036963659112,-0.9517500580765804,1.5964838557687837,-0.7398941579665655,-0.6542207209531965,-0.5961729881317535,-0.4392259781973822
1.1513930573220963,-0.9517500580765804,-0.7519071313324821,-0.7398941579665655,2.149579063060329,-0.7295824174915568,0.5581043259384137
-0.9515200629189922,1.427420427218831,-0.7519071313324821,-0.22019613205451086,-0.6542207209531965,-0.5961729881317535,-2.297891487532222
1.1513930573220963,-0.9517500580765804,-0.7519071313324821,-0.7398941579665655,-0.6542207209531965,-0.5961729881317535,-3.929886530663524
-1.3721036963659112,-0.9517500580765804,1.5964838557687837,-0.7398941579665655,-0.6542207209531965,-1.129810705570967,0.5581043259384137
-1.1618131413908286,1.427420427218831,1.3908430003376338,-0.4800467041014978,-0.6542207209531965,-0.32935412941214665,0.5581043259384137
0.31022831392501166,1.068239360955441,0.804630736807452,0.5593493477226117,-0.6542207209531965,-0.30267224354018596,0.5581043259384137
-0.5309389529688268,-0.1493512486976132,0.6060748098732663,-0.4800467041014978,-0.6542207209531965,-0.9430375044672422,0.5581043259384137
1.1513930573220963,-0.7517217772146482,-0.7519071313324821,-0.22019613205451086,-0.39933094374817096,-0.06253527069253983,0.5581043259384137
-0.3206458744969902,-0.9517500580765804,-0.7519071313324821,-0.7398941579665655,2.4044688402653542,-0.19594470005234324,-2.297891487532222
-0.5309389529688268,-0.9517500580765804,-0.7519071313324821,-0.7398941579665655,-0.3761583116323792,-0.46276355877195,-2.297891487532222
1.1513930573220963,0.24450925405355906,-0.7519071313324821,1.079044255452747,-0.6542207209531965,0.33769301738687035,0.5581043259384137
-0.9515200629189922,-0.9517500580765804,-0.7519071313324821,-0.7398941579665655,-0.6542207209531965,-0.9430375044672422,0.5581043259384137
0.9411025023470135,-0.9517500580765804,-0.7519071313324821,-0.7398941579665655,2.4044688402653542,-0.5961729881317535,0.5581043259384137
0.9411025023470135,0.3601804137276966,-0.25628835889829843,1.079044255452747,-0.39933094374817096,-0.5961729881317535,0.5581043259384137
0.09993523545317518,-0.9517500580765804,-0.7519071313324821,-0.7398941579665655,-0.34835176483134134,-0.19594470005234324,-1.8898927267493963
0.23375879179800402,-0.9517500580765804,-0.7519071313324821,-0.7398941579665655,2.4044688402653542,-0.46276355877195,-1.481889477975714
-1.1426951299848882,1.427420427218831,-0.7519071313324821,-0.4564233578823318,-0.6542207209531965,-0.9964012762111636,0.5581043259384137
-1.3721036963659112,-0.9517500580765804,1.5964838557687837,-0.7398941579665655,-0.6542207209531965,-1.129810705570967,0.5581043259384137
-1.3721036963659112,-0.9517500580765804,1.5964838557687837,-0.7398941579665655,-0.6542207209531965,-0.8629918468513602,-0.7241774936647524
-1.3721036963659112,-0.9517500580765804,1.5964838557687837,-0.7398941579665655,-0.3761583116323792,-0.9430375044672422,0.1501055651555881
-1.3721036963659112,-0.9517500580765804,1.5964838557687837,-0.7398941579665655,-0.04248280870948625,-0.7295824174915568,0.5581043259384137
-1.3721036963659112,-0.9517500580765804,1.5964838557687837,-0.7398941579665655,-0.6542207209531965,1.1381495935456907,0.1501055651555881
1.1513930573220963,-0.9517500580765804,-0.7519071313324821,-0.7398941579665655,-0.09809590231156196,-0.5961729881317535,0.5581043259384137
-0.5309389529688268,1.427420427218831,-0.7519071313324821,0.29949877567562466,1.3849066727556911,-0.9430375044672422,-1.481889477975714
1.1513930573220963,0.5806530237050215,-0.7519071313324821,-0.4800467041014978,-0.1444381078535842,-0.5961729881317535,0.5581043259384137
-1.1618131413908286,1.427420427218831,0.9609247035678576,-0.4800467041014978,-0.39933094374817096,-1.129810705570967,0.5581043259384137
-1.3721036963659112,-0.9517500580765804,1.5964838557687837,-0.7398941579665655,-0.6542207209531965,0.4711024467466738,0.5581043259384137
1.1513930573220963,-0.9517500580765804,-0.7519071313324821,-0.7398941579665655,-0.6542207209531965,-0.46276355877195,0.5581043259384137
0.09993523545317518,-0.9517500580765804,0.7554168405055077,-0.7398941579665655,-0.6542207209531965,-0.9430375044672422,0.5581043259384137
-0.9515200629189922,1.427420427218831,0.06904943023392014,-0.22019613205451086,-0.6542207209531965,-0.9964012762111636,0.5581043259384137
1.1513930573220963,-0.9517500580765804,0.8777085908676348,-0.7398941579665655,-0.6542207209531965,0.1776017021551063,0.5581043259384137
0.5205188689000944,-0.9517500580765804,-0.7519071313324821,-0.7398941579665655,-0.6542207209531965,-0.9964012762111636,0.5581043259384137
-0.11035531952190754,-0.9517500580765804,-0.7519071313324821,-0.7398941579665655,-0.6542207209531965,-0.46276355877195,0.5581043259384137
1.1513930573220963,-0.9517500580765804,-0.7519071313324821,-0.7398941579665655,-0.3761583116323792,-0.5428092163878321,0.5581043259384137
0.09993523545317518,1.3613710093236895,-0.7519071313324821,0.8191968015876794,-0.6542207209531965,-0.8629918468513602,0.5581043259384137
1.1513930573220963,-0.25838528140089173,-0.7519071313324821,0.039651321810556917,1.894686227165742,-0.7295824174915568,0.5581043259384137
1.1513930573220963,-0.32244734837980465,-0.7519071313324821,0.039651321810556917,-0.6542207209531965,-0.5961729881317535,0.5581043259384137
-1.3721036963659112,-0.9517500580765804,1.5964838557687837,-0.7398941579665655,-0.6542207209531965,-0.8629918468513602,0.5581043259384137
1.1513930573220963,-0.9517500580765804,-0.7519071313324821,-0.7398941579665655,1.0141567936612683,-0.19594470005234324,-1.481889477975714
-1.3721036963659112,-0.9517500580765804,1.5964838557687837,-0.7398941579665655,-0.1444381078535842,-0.5961729881317535,0.5581043259384137
1.1513930573220963,-0.9517500580765804,-0.7519071313324821,-0.7398941579665655,-0.6542207209531965,-0.5961729881317535,0.5581043259384137
1.1513930573220963,0.11883182231052655,-0.7519071313324821,0.5593493477226117,1.3849066727556911,-0.7295824174915568,0.5581043259384137
-1.3721036963659112,-0.9517500580765804,1.5964838557687837,-0.7398941579665655,-0.6542207209531965,-0.9430375044672422,0.5581043259384137
1.1513930573220963,-0.9517500580765804,-0.7519071313324821,-0.7398941579665655,-0.6542207209531965,-0.9964012762111636,0.5581043259384137
1.1513930573220963,1.0874210121512138,-0.7519071313324821,1.079044255452747,-0.1444381078535842,-0.46276355877195,0.5581043259384137
1.1513930573220963,-0.39329784232818926,-0.7519071313324821,0.039651321810556917,-0.6542207209531965,-0.32935412941214665,0.5581043259384137
-0.7412295079439094,1.427420427218831,-0.7519071313324821,0.039651321810556917,-0.6542207209531965,1.1381495935456907,-0.25789319562723756
-0.5309389529688268,1.427420427218831,-0.7519071313324821,0.29949877567562466,0.3653414465564667,0.33769301738687035,-2.297891487532222
1.1513930573220963,-0.9517500580765804,-0.7519071313324821,-0.7398941579665655,-0.6542207209531965,-0.8629918468513602,0.5581043259384137
-1.3721036963659112,-0.9517500580765804,1.5964838557687837,-0.7398941579665655,0.11045166935144125,-0.5961729881317535,-0.08303658386316934
-0.3206458744969902,-0.9517500580765804,-0.7519071313324821,-0.7398941579665655,-0.6542207209531965,-0.19594470005234324,-1.8898927267493963
-1.3721036963659112,-0.9517500580765804,1.5964838557687837,-0.7398941579665655,-0.39933094374817096,-0.8629918468513602,0.5581043259384137
1.1513930573220963,-0.9517500580765804,-0.7519071313324821,-0.7398941579665655,0.3653414465564667,-0.5428092163878321,0.5581043259384137
1.1513930573220963,0.05195950016600998,-0.7519071313324821,2.3782877611419244,1.1300138368611043,-0.46276355877195,0.5581043259384137
1.1513930573220963,-0.9517500580765804,-0.7519071313324821,-0.7398941579665655,1.3849066727556911,-0.9964012762111636,0.5581043259384137
-0.2906061691410883,-0.9517500580765804,1.0191263040974285,-0.7398941579665655,-0.6542207209531965,0.20428358802706698,0.5581043259384137
1.1513930573220963,-0.9517500580765804,-0.7519071313324821,-0.7398941579665655,1.0141567936612683,-0.46276355877195,-1.8898927267493963
0.7308094238751771,-0.9517500580765804,-0.7519071313324821,-0.7398941579665655,2.126406430944537,-0.40939978702802865,0.1501055651555881
-1.3721036963659112,-0.9517500580765804,1.5964838557687837,-0.7398941579665655,-0.6542207209531965,-0.9964012762111636,0.5581043259384137
-0.11035531952190754,-0.9517500580765804,0.6871187244850576,-0.7398941579665655,-0.39933094374817096,-0.9964012762111636,0.5581043259384137
1.1513930573220963,0.25141719374644006,-0.7519071313324821,2.3782877611419244,0.875124059656079,0.7379213054662805,0.5581043259384137
-0.11035531952190754,-0.9517500580765804,0.5020304708141029,-0.7398941579665655,-0.6542207209531965,-0.46276355877195,0.5581043259384137
1.1513930573220963,0.7099161841014631,-0.7519071313324821,0.5073786096768305,2.4044688402653542,-0.7295824174915568,0.5581043259384137
-1.3721036963659112,-0.9517500580765804,1.5964838557687837,-0.7398941579665655,-0.6542207209531965,0.6045118761064772,0.5581043259384137
0.7308094238751771,-0.5874124827909762,-0.7519071313324821,-0.4800467041014978,-0.6542207209531965,-0.5428092163878321,0.5581043259384137
-0.11035531952190754,-0.9517500580765804,-0.7519071313324821,-0.7398941579665655,-0.6542207209531965,-0.19594470005234324,-1.481889477975714
-0.5309389529688268,1.427420427218831,-0.7519071313324821,0.29949877567562466,-0.04248280870948625,0.07087415866726357,-1.0738907171928882
0.7308094238751771,-0.6662039124578321,-0.7519071313324821,-0.4800467041014978,1.045052616919137,-0.5961729881317535,0.1501055651555881
1.1513930573220963,0.6763800479646482,-0.7519071313324821,1.5987422813648018,-0.6542207209531965,-0.19594470005234324,0.5581043259384137
-0.11035531952190754,-0.9517500580765804,-0.7519071313324821,-0.7398941579665655,-0.34835176483134134,-0.19594470005234324,0.1501055651555881
1.1513930573220963,-0.9517500580765804,-0.7519071313324821,-0.7398941579665655,2.4044688402653542,-0.8629918468513602,0.5581043259384137
-1.3721036963659112,-0.9517500580765804,1.5964838557687837,-0.7398941579665655,-0.6542207209531965,-0.19594470005234324,0.5581043259384137
0.5205188689000944,-0.22457567307703924,-0.7519071313324821,0.5593493477226117,-0.6542207209531965,-0.9430375044672422,0.5581043259384137
-0.5309389529688268,0.8137231068301307,-0.7519071313324821,-0.22019613205451086,-0.6542207209531965,-0.9964012762111636,-1.8898927267493963
0.9411025023470135,0.9866713571569365,-0.7519071313324821,1.338894827499734,-0.6542207209531965,-0.7829461892354782,0.5581043259384137
1.1513930573220963,-0.9517500580765804,-0.7519071313324821,-0.7398941579665655,-0.6542207209531965,-0.9163556185952816,0.5581043259384137
1.1513930573220963,-0.9517500580765804,-0.7519071313324821,-0.7398941579665655,-0.39933094374817096,-0.19594470005234324,0.5581043259384137
-0.8674043456283098,1.427420427218831,-0.7519071313324821,-0.11625777414486754,2.4044688402653542,0.7379213054662805,-1.6858911023625551
-0.7412295079439094,-0.9517500580765804,-0.7519071313324821,-0.7398941579665655,-0.6542207209531965,-0.9964012762111636,-2.705890248315047
-0.3206458744969902,-0.9517500580765804,-0.7519071313324821,-0.7398941579665655,-0.314366665116642,-0.46276355877195,0.5581043259384137
1.1513930573220963,-0.9517500580765804,-0.7519071313324821,-0.7398941579665655,1.6397964499607167,-0.9964012762111636,0.5581043259384137
-0.3206458744969902,-0.9517500580765804,-0.7519071313324821,-0.7398941579665655,1.7927309280216444,-0.8629918468513602,-1.8898927267493963
1.1513930573220963,0.3163211042386674,-0.7519071313324821,-0.22019613205451086,-0.6542207209531965,-0.8096280751074388,0.5581043259384137
-1.3721036963659112,-0.9517500580765804,1.5964838557687837,-0.7398941579665655,-0.3761583116323792,-1.129810705570967,-1.8898927267493963
-1.3721036963659112,-0.9517500580765804,1.5964838557687837,-0.7398941579665655,-0.39933094374817096,-0.5961729881317535,0.5581043259384137
-0.11035531952190754,1.050929353082988,-0.7519071313324821,0.5593493477226117,0.3653414465564667,1.4049684522652977,-1.0738907171928882
-1.3721036963659112,-0.9517500580765804,1.5964838557687837,-0.7398941579665655,-0.3761583116323792,-0.32935412941214665,0.1501055651555881
0.9411025023470135,-0.9517500580765804,-0.7519071313324821,-0.7398941579665655,1.8483440216237197,-0.7295824174915568,0.5581043259384137
-1.3721036963659112,-0.9517500580765804,1.5964838557687837,-0.7398941579665655,-0.6542207209531965,-0.9964012762111636,0.5581043259384137
-1.3721036963659112,-0.9517500580765804,1.5964838557687837,-0.7398941579665655,-0.6542207209531965,-0.9430375044672422,-1.8898927267493963
1.1513930573220963,-0.9517500580765804,-0.7519071313324821,-0.7398941579665655,1.180993015777934,-0.9964012762111636,0.5581043259384137
-0.11035531952190754,-0.9517500580765804,-0.7519071313324821,-0.7398941579665655,1.2922192029820856,-0.19594470005234324,-1.481889477975714
0.09993523545317518,-0.9517500580765804,-0.7519071313324821,-0.7398941579665655,-0.6542207209531965,-0.19594470005234324,-1.481889477975714
0.31022831392501166,-0.9517500580765804,-0.7519071313324821,-0.7398941579665655,0.875124059656079,-0.8629918468513602,-1.0738907171928882
0.09993523545317518,-0.9517500580765804,-0.7519071313324821,-0.7398941579665655,0.21968970834080065,-0.19594470005234324,-1.0738907171928882
0.5205188689000944,0.9292473622446547,-0.4472605608975764,1.5987422813648018,2.4044688402653542,-0.9964012762111636,-0.5638933882120707
0.31022831392501166,-0.9517500580765804,-0.7519071313324821,-0.7398941579665655,0.21968970834080065,-0.5961729881317535,-1.0738907171928882
1.1513930573220963,-0.9517500580765804,-0.7519071313324821,-0.7398941579665655,-0.39933094374817096,-0.9964012762111636,0.5581043259384137
-1.3721036963659112,-0.9517500580765804,1.5964838557687837,-0.7398941579665655,-0.2718845258008776,-0.46276355877195,-0.6658919564100632
0.004350225416980902,-0.9517500580765804,-0.7519071313324821,-0.7398941579665655,-0.04248280870948625,-0.7295824174915568,-1.481889477975714
1.1513930573220963,-0.9517500580765804,-0.7519071313324821,-0.7398941579665655,-0.6542207209531965,-0.9964012762111636,0.5581043259384137
0.7308094238751771,-0.9517500580765804,-0.7519071313324821,-0.7398941579665655,2.126406430944537,-0.5961729881317535,0.1501055651555881
0.5205188689000944,-0.9517500580765804,-0.7519071313324821,-0.7398941579665655,-0.09809590231156196,-0.8629918468513602,-0.25789319562723756
-0.9515200629189922,1.427420427218831,-0.7519071313324821,-0.22019613205451086,-0.34835176483134134,-0.5961729881317535,-1.8898927267493963
-0.5309389529688268,-0.9517500580765804,-0.7519071313324821,-0.7398941579665655,0.875124059656079,-0.7295824174915568,0.5581043259384137
-0.7412295079439094,1.427420427218831,-0.7519071313324821,0.039651321810556917,-0.6542207209531965,-0.7295824174915568,0.5581043259384137
0.09993523545317518,-0.9517500580765804,-0.7519071313324821,-0.7398941579665655,-0.6542207209531965,-0.5961729881317535,-0.25789319562723756
-1.3721036963659112,-0.9517500580765804,1.5964838557687837,-0.7398941579665655,-0.6542207209531965,-0.9964012762111636,0.5581043259384137
0.7308094238751771,-0.08994846765830981,0.15501426497243928,-0.22019613205451086,-0.6542207209531965,-0.7829461892354782,0.5581043259384137
-0.11035531952190754,-0.9517500580765804,-0.7519071313324821,-0.7398941579665655,2.4044688402653542,-0.9430375044672422,-1.6858911023625551
-1.3721036963659112,-0.9517500580765804,1.5964838557687837,-0.7398941579665655,-0.6542207209531965,-0.9430375044672422,-1.0738907171928882
0.9411025023470135,-0.9517500580765804,-0.7519071313324821,-0.7398941579665655,-0.09809590231156196,-0.46276355877195,-1.481889477975714
1.1513930573220963,-0.9517500580765804,-0.7519071313324821,-0.7398941579665655,1.0141567936612683,-0.5428092163878321,0.5581043259384137
1.1513930573220963,0.2945747754685657,-0.7519071313324821,2.3782877611419244,2.4044688402653542,0.7379213054662805,0.5581043259384137
-0.7412295079439094,1.427420427218831,1.4668810918673254,0.039651321810556917,-0.1444381078535842,-0.9430375044672422,-0.6658919564100632
-0.5309389529688268,1.427420427218831,-0.7519071313324821,0.29949877567562466,-0.6542207209531965,-0.8629918468513602,0.5581043259384137
-0.11035531952190754,-0.10718047492790726,-0.7519071313324821,-0.4800467041014978,0.875124059656079,-0.32935412941214665,-1.0738907171928882
-0.9515200629189922,1.427420427218831,-0.7519071313324821,-0.22019613205451086,-0.6542207209531965,-0.5961729881317535,-1.0738907171928882
-0.7412295079439094,-0.9517500580765804,-0.7519071313324821,-0.7398941579665655,-0.6542207209531965,-0.46276355877195,-1.481889477975714
0.31022831392501166,-0.9517500580765804,-0.7519071313324821,-0.7398941579665655,-0.6542207209531965,-0.46276355877195,0.5581043259384137
1.1513930573220963,-0.08820456073326638,-0.7519071313324821,-0.4800467041014978,1.6397964499607167,-0.7295824174915568,0.5581043259384137
1.1513930573220963,-0.9517500580765804,-0.7519071313324821,-0.7398941579665655,-0.2718845258008776,-0.46276355877195,0.1501055651555881
-1.0116045206243036,1.427420427218831,0.7965575734425914,-0.29444004354848397,-0.6542207209531965,-0.8629918468513602,0.5581043259384137
-0.9515200629189922,-0.9517500580765804,-0.7519071313324821,-0.7398941579665655,-0.6542207209531965,-0.8629918468513602,0.1501055651555881
0.8710048095230681,1.3148545862284398,-0.6027228474184894,2.031823449927861,-0.04248280870948625,-0.9430375044672422,0.059439173870516004
1.1513930573220963,-0.9517500580765804,-0.7519071313324821,-0.7398941579665655,-0.09809590231156196,-0.5961729881317535,0.5581043259384137
-0.7412295079439094,1.427420427218831,-0.7519071313324821,0.039651321810556917,-0.6542207209531965,0.6045118761064772,-1.8898927267493963
0.7908938815804886,0.27676929859210286,1.050620561171857,1.4873795323057613,-0.6542207209531965,-0.8629918468513602,0.5581043259384137
-0.7412295079439094,1.427420427218831,0.4750499413317192,0.039651321810556917,-0.6542207209531965,-0.8629918468513602,0.5581043259384137
-1.1618131413908286,1.427420427218831,-0.7519071313324821,-0.4800467041014978,-0.6542207209531965,1.538377881625101,-1.0738907171928882
-1.3721036963659112,-0.9517500580765804,1.5964838557687837,-0.7398941579665655,0.11045166935144125,-0.6762186457476355,-1.0738907171928882
0.09993523545317518,-0.9517500580765804,-0.7519071313324821,-0.7398941579665655,0.7360913256508896,-0.5961729881317535,-0.25789319562723756
-1.3721036963659112,-0.9517500580765804,1.5964838557687837,-0.7398941579665655,-0.39933094374817096,-0.5961729881317535,0.5581043259384137
1.1513930573220963,-0.9517500580765804,-0.7519071313324821,-0.7398941579665655,2.4044688402653542,-0.9964012762111636,0.5581043259384137
-0.11035531952190754,1.427420427218831,1.0628499483199143,0.8191968015876794,-0.1444381078535842,-0.9430375044672422,0.5581043259384137
0.9411025023470135,-0.9517500580765804,-0.7519071313324821,-0.7398941579665655,-0.04248280870948625,-0.19594470005234324,0.5581043259384137
1.1513930573220963,-0.9517500580765804,-0.7519071313324821,-0.7398941579665655,1.8483440216237197,-0.46276355877195,0.1501055651555881
0.31022831392501166,-0.9517500580765804,-0.7519071313324821,-0.7398941579665655,1.2574602548083977,-0.19594470005234324,-0.6658919564100632
0.31022831392501166,-0.9517500580765804,-0.7519071313324821,-0.7398941579665655,-0.04248280870948625,-0.5961729881317535,-0.6658919564100632
1.1513930573220963,-0.9517500580765804,-0.7519071313324821,-0.7398941579665655,-0.6542207209531965,-0.8629918468513602,0.5581043259384137
-1.3721036963659112,-0.9517500580765804,1.5964838557687837,-0.7398941579665655,-0.6542207209531965,0.8713307348260839,-0.18989564615886145
-1.3721036963659112,-0.9517500580765804,1.5964838557687837,-0.7398941579665655,-0.6542207209531965,-1.129810705570967,0.5581043259384137
-1.3721036963659112,-0.9517500580765804,1.5964838557687837,-0.7398941579665655,-0.39933094374817096,-0.8629918468513602,0.5581043259384137
-1.1618131413908286,1.3080012613389485,0.5117006059156812,-0.4800467041014978,-0.314366665116642,0.7379213054662805,-0.25789319562723756
-0.45446943084181896,1.427420427218831,1.4913875772788223,0.3939890423703693,-0.6542207209531965,-0.46276355877195,0.5581043259384137
0.31022831392501166,-0.9517500580765804,-0.7519071313324821,-0.7398941579665655,-0.6542207209531965,-0.9964012762111636,0.5581043259384137
0.31022831392501166,-0.9517500580765804,-0.7519071313324821,-0.7398941579665655,0.656644922987799,-0.19594470005234324,-0.25789319562723756
0.7308094238751771,-0.9517500580765804,-0.7519071313324821,-0.7398941579665655,2.0985998841434994,-0.9964012762111636,-0.25789319562723756
-1.1618131413908286,1.427420427218831,1.1607106028829073,-0.4800467041014978,-0.6542207209531965,0.7379213054662805,0.5581043259384137
0.9411025023470135,1.427420427218831,-0.7519071313324821,2.1184403072768565,2.0221326451130355,-0.9964012762111636,0.5581043259384137
1.1513930573220963,-0.9517500580765804,-0.7519071313324821,-0.7398941579665655,-0.6542207209531965,-0.8629918468513602,0.5581043259384137
0.7308094238751771,-0.19769737917273453,-0.7519071313324821,-0.22019613205451086,2.4044688402653542,-0.7295824174915568,-0.18989564615886145
-1.3721036963659112,-0.9517500580765804,1.5964838557687837,-0.7398941579665655,-0.6542207209531965,-0.7295824174915568,0.5581043259384137
1.1513930573220963,-0.9517500580765804,-0.7519071313324821,-0.7398941579665655,-0.6542207209531965,-0.5961729881317535,-2.297891487532222
-0.9515200629189922,-0.9517500580765804,-0.7519071313324821,-0.7398941579665655,-0.6542207209531965,-0.8629918468513602,-2.705890248315047
0.31022831392501166,-0.9517500580765804,-0.7519071313324821,-0.7398941579665655,-0.6542207209531965,-0.5961729881317535,0.5581043259384137
-1.3721036963659112,-0.9517500580765804,1.5964838557687837,-0.7398941579665655,-0.6542207209531965,-1.129810705570967,0.5581043259384137
1.1513930573220963,1.427420427218831,-0.7519071313324821,2.3782877611419244,2.4044688402653542,0.07087415866726357,0.5581043259384137
1.1513930573220963,1.0190005905141002,0.26702977559357316,1.8585897352298697,-0.6542207209531965,-0.19594470005234324,0.5581043259384137
-1.3721036963659112,-0.9517500580765804,1.5964838557687837,-0.7398941579665655,0.3653414465564667,-0.46276355877195,-1.8898927267493963
0.5205188689000944,-0.2936422423241056,-0.6562399401625675,0.039651321810556917,-0.2172655063061979,-0.8629918468513602,-0.25789319562723756
0.31022831392501166,-0.9517500580765804,-0.7519071313324821,-0.7398941579665655,-0.2172655063061979,-0.8629918468513602,0.059439173870516004
0.20508177468909342,0.8330594251940674,-0.7519071313324821,1.2089695414762407,-0.6542207209531965,-0.9430375044672422,-1.124892245287313
-0.5309389529688268,-0.9517500580765804,-0.7519071313324821,-0.7398941579665655,-0.2172655063061979,-0.9964012762111636,-0.6658919564100632
1.1513930573220963,0.7019029078695967,0.8492613500788322,1.2444045608049896,-0.6542207209531965,0.6045118761064772,0.5581043259384137
1.1513930573220963,-0.9517500580765804,-0.7519071313324821,-0.7398941579665655,-0.6542207209531965,-0.7295824174915568,-1.8898927267493963
-0.7412295079439094,-0.9517500580765804,-0.7519071313324821,-0.7398941579665655,-0.1444381078535842,-0.7295824174915568,-1.481889477975714
-0.7412295079439094,-0.9517500580765804,-0.7519071313324821,-0.7398941579665655,0.3653414465564667,-0.19594470005234324,-3.1138890090978726
1.1513930573220963,-0.9517500580765804,-0.7519071313324821,-0.7398941579665655,1.0141567936612683,-0.40939978702802865,0.5581043259384137
1.1513930573220963,-0.07947649557828916,-0.7519071313324821,0.5593493477226117,-0.6542207209531965,-0.9430375044672422,0.5581043259384137
0.9411025023470135,-0.3978613863582429,-0.7519071313324821,-0.4800467041014978,0.5692551035342239,-0.9964012762111636,0.5581043259384137
1.1513930573220963,-0.9517500580765804,-0.7519071313324821,-0.7398941579665655,-0.6542207209531965,-0.8629918468513602,-3.1138890090978726
0.69257592456005,1.427420427218831,0.5038676040747473,1.811346160973457,-0.6542207209531965,-1.129810705570967,0.1501055651555881
1.1513930573220963,-0.9517500580765804,-0.7519071313324821,-0.7398941579665655,-0.6542207209531965,-0.19594470005234324,0.5581043259384137
-0.3206458744969902,-0.9517500580765804,-0.7519071313324821,-0.7398941579665655,1.6397964499607167,-0.19594470005234324,-1.8898927267493963
0.09993523545317518,0.7750005438095379,-0.7519071313324821,0.5593493477226117,0.875124059656079,-0.9964012762111636,0.1501055651555881
-0.7412295079439094,-0.9517500580765804,-0.7519071313324821,-0.7398941579665655,-0.6542207209531965,-0.9964012762111636,-2.297891487532222
0.31022831392501166,-0.4964596544109009,-0.7519071313324821,0.29949877567562466,-0.1444381078535842,-0.5961729881317535,-0.25789319562723756
1.1513930573220963,-0.9517500580765804,-0.7519071313324821,-0.7398941579665655,-0.04248280870948625,-0.46276355877195,-0.25789319562723756
-0.7412295079439094,1.427420427218831,-0.01683662402455604,0.039651321810556917,0.11045166935144125,-0.9430375044672422,-0.25789319562723756
-0.9132865636038651,-0.9517500580765804,-0.7519071313324821,-0.7398941579665655,2.4044688402653542,-0.7829461892354782,-2.705890248315047
-0.9515200629189922,1.427420427218831,-0.7519071313324821,-0.22019613205451086,2.4044688402653542,-0.32935412941214665,-1.8898927267493963
0.09993523545317518,-0.9517500580765804,-0.7519071313324821,-0.7398941579665655,2.0646147844288,-0.7295824174915568,-0.6658919564100632
0.5205188689000944,-0.9517500580765804,0.05076724174300345,-0.7398941579665655,-0.39933094374817096,-0.19594470005234324,0.5581043259384137
-1.3721036963659112,-0.9517500580765804,1.5964838557687837,-0.7398941579665655,-0.39933094374817096,-0.06253527069253983,0.5581043259384137
0.31022831392501166,-0.9517500580765804,-0.7519071313324821,-0.7398941579665655,-0.39933094374817096,-0.8629918468513602,0.5581043259384137
1.1513930573220963,-0.9517500580765804,1.1022442225357139,-0.7398941579665655,-0.6542207209531965,-0.9430375044672422,0.5581043259384137
0.31022831392501166,-0.9517500580765804,-0.5904548003093567,-0.7398941579665655,0.17996650700925526,0.33769301738687035,-0.6658919564100632
-0.5309389529688268,-0.9517500580765804,-0.7519071313324821,-0.7398941579665655,2.4044688402653542,-0.5961729881317535,-2.297891487532222
-0.5309389529688268,1.427420427218831,0.9816998255157879,0.29949877567562466,-0.39933094374817096,-0.46276355877195,0.5581043259384137
1.1513930573220963,-0.13644174476111354,-0.5488572376314951,0.29949877567562466,-0.6542207209531965,-0.7829461892354782,0.5581043259384137
1.1513930573220963,-0.9517500580765804,-0.7519071313324821,-0.7398941579665655,2.4044688402653542,-0.7295824174915568,0.5581043259384137
-0.11035531952190754,1.427420427218831,-0.7519071313324821,0.8191968015876794,-0.6542207209531965,1.1381495935456907,-1.8898927267493963
-0.5309389529688268,1.427420427218831,0.12979471206035548,0.29949877567562466,-0.6542207209531965,-0.9964012762111636,0.5581043259384137
-0.9515200629189922,1.427420427218831,-0.7519071313324821,-0.22019613205451086,-0.6542207209531965,-0.9830603332751833,-3.1138890090978726
0.5205188689000944,-0.9517500580765804,-0.7519071313324821,-0.7398941579665655,-0.6542207209531965,-0.9430375044672422,0.5581043259384137
-0.5309389529688268,-0.11570613262067611,-0.7519071313324821,-0.4800467041014978,2.4044688402653542,-0.46276355877195,-2.297891487532222
-1.3721036963659112,-0.9517500580765804,1.5964838557687837,-0.7398941579665655,-0.6542207209531965,-0.7295824174915568,-0.00289453113682849
-1.3721036963659112,-0.9517500580765804,1.5964838557687837,-0.7398941579665655,-0.6542207209531965,-0.5961729881317535,-0.18989564615886145
-1.3721036963659112,-0.9517500580765804,1.5964838557687837,-0.7398941579665655,-0.6542207209531965,0.6045118761064772,0.5581043259384137
0.7308094238751771,-0.9517500580765804,0.9504591575611867,-0.7398941579665655,-0.6542207209531965,-0.8629918468513602,0.5581043259384137
-1.3721036963659112,-0.9517500580765804,1.5964838557687837,-0.7398941579665655,-0.6542207209531965,-0.9430375044672422,0.5581043259384137
0.69257592456005,-0.4399530843839153,-0.7519071313324821,-0.4564233578823318,0.3653414465564667,-0.7295824174915568,-0.25789319562723756
0.7308094238751771,0.18760867649336854,1.1124235661358588,0.039651321810556917,-0.6542207209531965,-0.5961729881317535,0.5581043259384137
0.9411025023470135,1.1139863093365767,0.9968133911326656,0.29949877567562466,-0.6542207209531965,-0.19594470005234324,0.5581043259384137
0.7308094238751771,-0.9517500580765804,-0.7519071313324821,-0.7398941579665655,-0.6542207209531965,-0.46276355877195,-2.297891487532222
-0.9515200629189922,1.427420427218831,1.5620578246892054,-0.22019613205451086,-0.6542207209531965,-0.5961729881317535,-0.18989564615886145
1.1513930573220963,-0.9517500580765804,-0.7519071313324821,-0.7398941579665655,-0.6542207209531965,-0.9964012762111636,0.5581043259384137
-1.1618131413908286,1.427420427218831,-0.7519071313324821,-0.4800467041014978,-0.6542207209531965,-0.19594470005234324,-3.5218877698806983
-1.1618131413908286,1.427420427218831,0.053810841249176504,-0.4800467041014978,0.3653414465564667,-0.9964012762111636,-1.481889477975714
-1.3721036963659112,-0.9517500580765804,1.5964838557687837,-0.7398941579665655,2.4044688402653542,-0.9430375044672422,-2.4338910744598303
0.5205188689000944,0.7394408772535278,-0.7519071313324821,1.338894827499734,2.0221326451130355,-1.1831744773148885,-0.25789319562723756
-1.3721036963659112,-0.9517500580765804,1.5964838557687837,-0.7398941579665655,0.21968970834080065,-0.7295824174915568,-0.6658919564100632
-0.9515200629189922,1.427420427218831,1.1531614409378352,-0.22019613205451086,-0.6542207209531965,-0.46276355877195,0.5581043259384137
-0.11035531952190754,0.9178689813987769,0.2120197958457508,0.039651321810556917,-0.6542207209531965,-0.8629918468513602,-0.25789319562723756
0.09993523545317518,0.8727561557229379,-0.7519071313324821,0.29949877567562466,-0.6542207209531965,-0.9430375044672422,0.5581043259384137
0.9219844909410732,-0.9517500580765804,0.8876439829080782,-0.7398941579665655,-0.6542207209531965,-0.9430375044672422,-0.6658919564100632
-0.7412295079439094,1.427420427218831,1.2958011432799295,0.039651321810556917,0.025487390719912358,-0.19594470005234324,0.1501055651555881
1.1513930573220963,-0.7482243341044613,-0.7519071313324821,0.1510140708695976,-0.1444381078535842,-0.9964012762111636,0.5581043259384137
-1.3721036963659112,-0.9517500580765804,1.5964838557687837,-0.7398941579665655,-0.6542207209531965,-0.32935412941214665,-2.705890248315047
0.31022831392501166,-0.9517500580765804,-0.7519071313324821,-0.7398941579665655,0.4927878645037601,-0.46276355877195,-0.6658919564100632
-0.9515200629189922,-0.9517500580765804,-0.7519071313324821,-0.7398941579665655,1.3849066727556911,-0.46276355877195,-3.1138890090978726
0.9411025023470135,0.12182137748224973,-0.4569698479616997,0.5593493477226117,1.1300138368611043,-0.9964012762111636,0.5581043259384137
0.9411025023470135,-0.9517500580765804,-0.7519071313324821,-0.7398941579665655,-0.3761583116323792,-0.8629918468513602,0.5581043259384137
1.1513930573220963,-0.9517500580765804,-0.7519071313324821,-0.7398941579665655,0.3653414465564667,-0.46276355877195,0.5581043259384137
0.9411025023470135,0.3587159273465941,-0.7519071313324821,0.8191968015876794,-0.09809590231156196,-0.7295824174915568,0.5581043259384137
-0.9515200629189922,1.427420427218831,-0.7519071313324821,-0.22019613205451086,-0.6542207209531965,-0.6762186457476355,-2.297891487532222
1.1513930573220963,-0.9517500580765804,-0.7519071313324821,-0.7398941579665655,-0.6542207209531965,-0.5428092163878321,0.5581043259384137
-1.3721036963659112,-0.9517500580765804,1.5964838557687837,-0.7398941579665655,-0.2718845258008776,-0.9430375044672422,0.10930524027822004
0.31022831392501166,0.7105591547159505,-0.7519071313324821,-0.4800467041014978,-0.6542207209531965,0.4711024467466738,0.5581043259384137
1.1513930573220963,0.5655777462555984,0.6260010563429083,2.1184403072768565,2.149579063060329,-0.7295824174915568,0.5581043259384137
-0.9515200629189922,1.427420427218831,-0.7519071313324821,-0.22019613205451086,-0.6542207209531965,-0.9964012762111636,-1.8898927267493963
0.7308094238751771,-0.3547924667271959,-0.7519071313324821,0.29949877567562466,0.7051955023930212,-0.9964012762111636,0.1501055651555881
-0.9132865636038651,-0.9517500580765804,-0.7519071313324821,-0.7398941579665655,0.3653414465564667,-0.46276355877195,-2.297891487532222
0.09993523545317518,1.427420427218831,-0.7519071313324821,1.079044255452747,-0.6542207209531965,-0.9430375044672422,0.5581043259384137
-1.3721036963659112,-0.9517500580765804,1.5964838557687837,-0.7398941579665655,-0.6542207209531965,-0.7295824174915568,0.5581043259384137
-0.9515200629189922,1.427420427218831,1.5069542741220234,-0.22019613205451086,-0.04248280870948625,-0.8629918468513602,0.5581043259384137
0.7308094238751771,-0.9517500580765804,-0.7519071313324821,-0.7398941579665655,-0.39933094374817096,-0.9964012762111636,0.5581043259384137
-0.3206458744969902,1.3945234187584519,-0.7519071313324821,0.5593493477226117,-0.6542207209531965,-0.8763327897873405,0.5581043259384137
1.1513930573220963,-0.9517500580765804,0.6335044577977712,-0.7398941579665655,-0.6542207209531965,-0.7829461892354782,0.5581043259384137
-0.3206458744969902,1.427420427218831,0.1123839142034336,0.5593493477226117,-0.39933094374817096,-0.32935412941214665,0.5581043259384137
1.1513930573220963,-0.9517500580765804,-0.7519071313324821,-0.7398941579665655,0.875124059656079,-0.9964012762111636,0.5581043259384137
1.1513930573220963,-0.9517500580765804,-0.7519071313324821,-0.7398941579665655,0.11045166935144125,-0.9964012762111636,0.5581043259384137
-1.3721036963659112,-0.9517500580765804,1.5964838557687837,-0.7398941579665655,-0.3761583116323792,-1.129810705570967,0.5581043259384137
-1.1426951299848882,1.427420427218831,1.5744517623618208,-0.4564233578823318,-0.6542207209531965,-0.32935412941214665,-0.25789319562723756
1.1513930573220963,-0.9517500580765804,-0.7519071313324821,-0.7398941579665655,-0.6542207209531965,-0.5428092163878321,0.5581043259384137
-1.3721036963659112,-0.9517500580765804,1.5964838557687837,-0.7398941579665655,-0.6542207209531965,-0.9430375044672422,0.5581043259384137
-1.3721036963659112,-0.9517500580765804,1.5964838557687837,-0.7398941579665655,0.4927878645037601,-0.5961729881317535,0.5581043259384137
-0.11035531952190754,-0.9517500580765804,-0.7519071313324821,-0.7398941579665655,-0.6542207209531965,-0.5961729881317535,0.5581043259384137
-1.1618131413908286,1.427420427218831,1.4369044279198517,-0.4800467041014978,2.4044688402653542,-0.06253527069253983,-1.8898927267493963
0.9219844909410732,-0.9517500580765804,-0.7519071313324821,-0.7398941579665655,-0.6542207209531965,-0.8629918468513602,0.1501055651555881
1.1513930573220963,1.3610592424344212,-0.5490099556907688,1.079044255452747,-0.6542207209531965,1.538377881625101,0.5581043259384137
-0.7412295079439094,-0.9517500580765804,1.0557021514007545,-0.7398941579665655,-0.6542207209531965,-0.8629918468513602,0.5581043259384137
-0.3206458744969902,-0.9517500580765804,-0.7519071313324821,-0.7398941579665655,0.45802891633007253,-0.5428092163878321,-1.481889477975714
0.9411025023470135,-0.9517500580765804,-0.7519071313324821,-0.7398941579665655,2.0985998841434994,-0.19594470005234324,0.5581043259384137
-0.9515200629189922,1.427420427218831,1.395156308906464,-0.22019613205451086,-0.6542207209531965,0.07087415866726357,-0.6658919564100632
0.9411025023470135,-0.9517500580765804,-0.7519071313324821,-0.7398941579665655,2.126406430944537,-0.19594470005234324,0.5581043259384137
-1.1618131413908286,1.427420427218831,-0.7519071313324821,-0.4800467041014978,-0.6542207209531965,-0.9430375044672422,-2.705890248315047
-1.3721036963659112,-0.9517500580765804,1.5964838557687837,-0.7398941579665655,-0.3761583116323792,-0.9964012762111636,-2.705890248315047
-0.3206458744969902,-0.9517500580765804,-0.7519071313324821,-0.7398941579665655,-0.314366665116642,-0.9964012762111636,-0.25789319562723756
-1.3721036963659112,-0.9517500580765804,1.5964838557687837,-0.7398941579665655,0.875124059656079,-0.19594470005234324,-2.297891487532222
-0.7412295079439094,-0.9517500580765804,-0.7519071313324821,-0.7398941579665655,0.025487390719912358,-0.9430375044672422,-0.6658919564100632
1.1513930573220963,-0.9517500580765804,-0.7519071313324821,-0.7398941579665655,1.3849066727556911,-0.8629918468513602,0.5581043259384137
-1.3721036963659112,-0.9517500580765804,1.5964838557687837,-0.7398941579665655,-0.6542207209531965,-0.9430375044672422,0.5581043259384137
-1.3721036963659112,-0.9517500580765804,1.5964838557687837,-0.7398941579665655,0.26338614741236877,-0.32935412941214665,0.5581043259384137
-0.22506086446079598,0.18174316035081614,-0.7519071313324821,-0.17295255779809812,-0.6542207209531965,-0.7829461892354782,0.5581043259384137
0.7308094238751771,0.7943771000709132,-0.7519071313324821,1.079044255452747,0.11045166935144125,-0.7295824174915568,0.5581043259384137
0.31022831392501166,-0.9517500580765804,-0.7519071313324821,-0.7398941579665655,2.4044688402653542,-0.5961729881317535,-0.9378911302652799
-1.3721036963659112,-0.9517500580765804,1.5964838557687837,-0.7398941579665655,-0.39933094374817096,-0.9964012762111636,0.5581043259384137
0.9411025023470135,-0.4717156600346311,-0.7519071313324821,-0.4800467041014978,1.1300138368611043,-0.5428092163878321,0.5581043259384137
0.09993523545317518,-0.9517500580765804,-0.7519071313324821,-0.7398941579665655,2.4044688402653542,-0.9964012762111636,-1.0738907171928882
1.1513930573220963,-0.9517500580765804,-0.7519071313324821,-0.7398941579665655,0.6202342824510535,-0.5961729881317535,0.5581043259384137
-0.3206458744969902,-0.12026316306878618,-0.7519071313324821,-0.4800467041014978,0.5692551035342239,-0.5961729881317535,-1.8898927267493963
-1.3721036963659112,-0.9517500580765804,1.5964838557687837,-0.7398941579665655,-0.39933094374817096,-1.129810705570967,0.5581043259384137
0.9411025023470135,-0.9517500580765804,-0.7519071313324821,-0.7398941579665655,1.1300138368611043,-0.5961729881317535,0.5581043259384137
1.1513930573220963,-0.11223224375637052,-0.7519071313324821,-0.4800467041014978,-0.1444381078535842,-0.5961729881317535,0.5581043259384137
-1.3721036963659112,-0.9517500580765804,1.5964838557687837,-0.7398941579665655,-0.6542207209531965,-0.8096280751074388,0.5581043259384137
0.7308094238751771,1.427420427218831,-0.7519071313324821,1.8585897352298697,1.894686227165742,-0.7295824174915568,0.5581043259384137
0.9411025023470135,1.427420427218831,-0.7519071313324821,2.1184403072768565,2.4044688402653542,1.538377881625101,0.5581043259384137
-0.11035531952190754,-0.4168977784365267,1.174781339572462,-0.4800467041014978,-0.6542207209531965,-0.19594470005234324,0.5581043259384137
1.1513930573220963,-0.9517500580765804,-0.7519071313324821,-0.7398941579665655,0.11045166935144125,-0.6361958169396944,0.5581043259384137
-0.9515200629189922,1.427420427218831,-0.7519071313324821,-0.22019613205451086,-0.6542207209531965,-0.32935412941214665,-1.0738907171928882
1.1513930573220963,-0.9517500580765804,-0.7519071313324821,-0.7398941579665655,1.3849066727556911,-0.5428092163878321,0.5581043259384137
1.1513930573220963,-0.9517500580765804,-0.7519071313324821,-0.7398941579665655,0.6202342824510535,-0.7295824174915568,0.5581043259384137
0.7308094238751771,-0.9517500580765804,-0.7519071313324821,-0.7398941579665655,1.5702816123029024,-0.9964012762111636,0.5581043259384137
-1.1618131413908286,1.427420427218831,1.5559132019605901,-0.4800467041014978,-0.39933094374817096,-0.5961729881317535,0.5581043259384137
-1.3721036963659112,-0.9517500580765804,1.5964838557687837,-0.7398941579665655,-0.6542207209531965,-0.5961729881317535,0.5581043259384137
-0.11035531952190754,-0.9517500580765804,1.1868426319052432,-0.7398941579665655,-0.1444381078535842,-0.8629918468513602,0.5581043259384137
0.7308094238751771,0.1972764420211952,-0.25223849731346576,0.29949877567562466,-0.6542207209531965,-0.9964012762111636,0.5581043259384137
0.39434403121569384,0.806889448190672,-0.5709901762922653,0.8191968015876794,-0.6542207209531965,-1.1831744773148885,-0.33949384538197364
0.09993523545317518,-0.4804652682461092,-0.7519071313324821,-0.4800467041014978,1.7927309280216444,-0.19594470005234324,-1.0738907171928882
-1.1197540209971106,1.427420427218831,-0.7519071313324821,-0.4280759660557166,-0.6542207209531965,-0.5961729881317535,-2.134690188022749
0.31022831392501166,-0.9517500580765804,-0.7519071313324821,-0.7398941579665655,-0.6542207209531965,-0.9964012762111636,-0.25789319562723756
1.1513930573220963,-0.9517500580765804,-0.015408867184376255,-0.7398941579665655,-0.6542207209531965,-0.889673732723321,0.5581043259384137
-1.3721036963659112,-0.9517500580765804,1.5964838557687837,-0.7398941579665655,-0.6542207209531965,-0.8629918468513602,-0.18989564615886145
-1.3721036963659112,-0.9517500580765804,1.5964838557687837,-0.7398941579665655,-0.6542207209531965,-0.9430375044672422,0.5581043259384137
-1.3721036963659112,-0.9517500580765804,1.5964838557687837,-0.7398941579665655,-0.1444381078535842,-0.46276355877195,0.5581043259384137
1.1513930573220963,-0.9517500580765804,-0.7519071313324821,-0.7398941579665655,-0.6542207209531965,-0.9964012762111636,0.5581043259384137
1.1513930573220963,-0.9517500580765804,-0.7519071313324821,-0.7398941579665655,0.3653414465564667,-0.7295824174915568,0.5581043259384137
-1.1618131413908286,1.427420427218831,1.5111530335437033,-0.4800467041014978,-0.6542207209531965,-0.46276355877195,0.5581043259384137
-1.3721036963659112,-0.9517500580765804,1.5964838557687837,-0.7398941579665655,-0.6542207209531965,-0.9430375044672422,0.5581043259384137
1.1513930573220963,-0.9517500580765804,-0.7519071313324821,-0.7398941579665655,1.894686227165742,-0.7295824174915568,0.5581043259384137
1.1513930573220963,-0.9517500580765804,-0.7519071313324821,-0.7398941579665655,1.3849066727556911,-0.9964012762111636,0.5581043259384137
-0.5309389529688268,1.427420427218831,-0.7519071313324821,0.29949877567562466,-0.6542207209531965,-0.9964012762111636,-1.8898927267493963
-0.3206458744969902,1.427420427218831,-0.7519071313324821,0.5593493477226117,2.4044688402653542,-1.1031288196990063,-1.8898927267493963
1.1513930573220963,-0.9517500580765804,-0.7519071313324821,-0.7398941579665655,-0.6542207209531965,-0.9964012762111636,0.5581043259384137
-1.3721036963659112,-0.9517500580765804,1.5964838557687837,-0.7398941579665655,-0.6542207209531965,-0.46276355877195,0.5581043259384137
1.1513930573220963,-0.9517500580765804,-0.7519071313324821,-0.7398941579665655,-0.09809590231156196,-0.5428092163878321,0.5581043259384137
1.1513930573220963,-0.9517500580765804,-0.7519071313324821,-0.7398941579665655,2.4044688402653542,-0.5961729881317535,0.5581043259384137
-1.3721036963659112,-0.9517500580765804,1.5964838557687837,-0.7398941579665655,-0.6542207209531965,-0.5961729881317535,0.5581043259384137
1.1513930573220963,-0.9517500580765804,-0.7519071313324821,-0.7398941579665655,-0.6542207209531965,-0.9964012762111636,0.1501055651555881
-1.3721036963659112,-0.9517500580765804,1.5964838557687837,-0.7398941579665655,-0.6542207209531965,0.07087415866726357,0.5581043259384137
1.1513930573220963,-0.7103038551598009,1.113305346675142,-0.29444004354848397,-0.1444381078535842,-0.8629918468513602,0.5581043259384137
0.9411025023470135,-0.22626108258051594,-0.28078644677317294,0.039651321810556917,-0.6542207209531965,-0.8629918468513602,0.5581043259384137
0.8359559631110953,1.1765680090450774,0.26590842833878714,1.5987422813648018,-0.6542207209531965,0.33769301738687035,0.5581043259384137
1.1513930573220963,-0.23556433820336853,-0.7519071313324821,-0.4800467041014978,0.875124059656079,-1.129810705570967,0.1501055651555881
1.1513930573220963,-0.45443428803575275,-0.7519071313324821,-0.22019613205451086,1.3849066727556911,-0.8629918468513602,0.5581043259384137
-1.3721036963659112,-0.9517500580765804,1.5964838557687837,-0.7398941579665655,-0.6542207209531965,-0.19594470005234324,0.5581043259384137
-1.3721036963659112,-0.9517500580765804,1.5964838557687837,-0.7398941579665655,-0.6542207209531965,-0.8629918468513602,-0.18989564615886145
-1.3721036963659112,-0.9517500580765804,1.5964838557687837,-0.7398941579665655,-0.6542207209531965,-0.46276355877195,-0.4392259781973822
-1.3721036963659112,-0.9517500580765804,1.5964838557687837,-0.7398941579665655,-0.6542207209531965,-0.9430375044672422,0.5581043259384137
-1.1426951299848882,1.427420427218831,-0.7519071313324821,-0.4564233578823318,-0.6542207209531965,-0.8629918468513602,-2.705890248315047
-1.0116045206243036,1.427420427218831,-0.7519071313324821,-0.29444004354848397,-0.6542207209531965,-0.19594470005234324,-1.3653184034663355
1.1513930573220963,-0.9517500580765804,-0.7519071313324821,-0.7398941579665655,0.875124059656079,-0.19594470005234324,0.5581043259384137
0.9411025023470135,-0.4564035354740918,-0.7519071313324821,-0.22019613205451086,1.8483440216237197,-0.5961729881317535,0.5581043259384137
-1.3721036963659112,-0.9517500580765804,1.5964838557687837,-0.7398941579665655,0.3653414465564667,-0.7295824174915568,-1.8898927267493963
0.31022831392501166,-0.6908376882740445,0.531081699136452,-0.4800467041014978,-0.314366665116642,-0.9964012762111636,-0.6658919564100632
1.1513930573220963,-0.9517500580765804,0.8691573624592682,-0.7398941579665655,-0.6542207209531965,-0.9964012762111636,0.5581043259384137
1.1513930573220963,-0.9517500580765804,-0.7519071313324821,-0.7398941579665655,2.4044688402653542,-0.9964012762111636,0.5581043259384137
1.1513930573220963,-0.9517500580765804,-0.7519071313324821,-0.7398941579665655,1.045052616919137,-0.9964012762111636,0.5581043259384137
1.1513930573220963,-0.9517500580765804,-0.7519071313324821,-0.7398941579665655,-0.6542207209531965,-0.9964012762111636,0.5581043259384137
-1.1618131413908286,1.427420427218831,1.3436742490354234,-0.4800467041014978,-0.6542207209531965,-0.7295824174915568,-0.6658919564100632
0.5205188689000944,-0.9517500580765804,-0.7519071313324821,-0.7398941579665655,2.4044688402653542,-0.5961729881317535,-0.25789319562723756
-0.5309389529688268,-0.9517500580765804,-0.7519071313324821,-0.7398941579665655,-0.6542207209531965,-0.9964012762111636,0.5581043259384137
1.1513930573220963,-0.9517500580765804,-0.7519071313324821,-0.7398941579665655,-0.39933094374817096,-0.8629918468513602,0.5581043259384137
-0.22506086446079598,-0.056427497127479305,-0.7519071313324821,-0.4564233578823318,-0.6542207209531965,0.7379213054662805,0.5581043259384137
-0.9515200629189922,-0.9517500580765804,-0.7519071313324821,-0.7398941579665655,-0.6542207209531965,-0.9964012762111636,-3.1138890090978726
-0.5309389529688268,1.3056401987888009,0.07568760920204644,0.29949877567562466,-0.6542207209531965,-0.9964012762111636,0.5581043259384137
-0.11035531952190754,-0.9517500580765804,-0.7519071313324821,-0.7398941579665655,1.7247607285922455,-0.9964012762111636,-0.25789319562723756
-1.3721036963659112,-0.9517500580765804,1.5964838557687837,-0.7398941579665655,-0.6542207209531965,-0.8629918468513602,0.1501055651555881
-1.3721036963659112,-0.9517500580765804,1.5964838557687837,-0.7398941579665655,0.3653414465564667,-0.46276355877195,0.5581043259384137
1.1513930573220963,-0.9517500580765804,-0.7519071313324821,-0.7398941579665655,1.7927309280216444,-0.9964012762111636,0.5581043259384137
-0.5309389529688268,-0.9517500580765804,1.5382340235930065,-0.7398941579665655,-0.1444381078535842,-0.5961729881317535,0.5581043259384137
-1.3721036963659112,-0.9517500580765804,1.5964838557687837,-0.7398941579665655,0.3653414465564667,-0.9964012762111636,-2.297891487532222
-0.3206458744969902,1.427420427218831,-0.7519071313324821,0.5593493477226117,-0.6542207209531965,-0.8629918468513602,0.5581043259384137
0.5205188689000944,0.06870972298466485,-0.7519071313324821,0.039651321810556917,0.11045166935144125,-0.7295824174915568,0.1501055651555881
1.1513930573220963,0.08089325891389908,-0.7519071313324821,-0.3934298467525021,0.656644922987799,-0.9964012762111636,0.5581043259384137
1.1513930573220963,-0.9517500580765804,1.046446947043191,-0.7398941579665655,-0.6542207209531965,-0.5961729881317535,-0.25789319562723756
0.20508177468909342,1.427420427218831,-0.7519071313324821,1.2089695414762407,-0.6542207209531965,-0.32935412941214665,0.5581043259384137
-1.1618131413908286,1.427420427218831,-0.7519071313324821,-0.4800467041014978,-0.6542207209531965,-0.5961729881317535,0.5581043259384137
0.31022831392501166,-0.9517500580765804,-0.7519071313324821,-0.7398941579665655,2.4044688402653542,-0.5961729881317535,-0.6658919564100632
0.9411025023470135,-0.9517500580765804,-0.7519071313324821,-0.7398941579665655,1.2922192029820856,-0.9964012762111636,0.5581043259384137
-0.11035531952190754,0.35809027164952356,-0.7519071313324821,0.039651321810556917,-0.6542207209531965,-0.9964012762111636,-1.8898927267493963
-1.3721036963659112,-0.9517500580765804,1.5964838557687837,-0.7398941579665655,-0.6542207209531965,0.07087415866726357,0.5581043259384137
1.1513930573220963,-0.9517500580765804,-0.7519071313324821,-0.7398941579665655,2.126406430944537,-0.7295824174915568,0.5581043259384137
-0.5309389529688268,1.427420427218831,-0.7519071313324821,0.29949877567562466,-0.6542207209531965,-0.7295824174915568,-1.0738907171928882
1.1513930573220963,-0.9517500580765804,-0.7519071313324821,-0.7398941579665655,2.149579063060329,-0.5961729881317535,0.5581043259384137
-1.3721036963659112,-0.9517500580765804,1.5964838557687837,-0.7398941579665655,-0.6542207209531965,-0.9430375044672422,-1.481889477975714
0.8990433819532956,-0.6830176409996619,-0.7519071313324821,-0.4280759660557166,-0.04248280870948625,-0.8629918468513602,-0.7882929310421678
1.1513930573220963,-0.9517500580765804,-0.7519071313324821,-0.7398941579665655,-0.39933094374817096,-0.7295824174915568,0.5581043259384137
0.31022831392501166,1.427420427218831,-0.6783145148205836,1.338894827499734,-0.6542207209531965,-1.0764469338270457,0.5581043259384137
-0.7412295079439094,-0.9517500580765804,-0.7519071313324821,-0.7398941579665655,0.875124059656079,-0.19594470005234324,-2.297891487532222
-1.3721036963659112,-0.9517500580765804,1.5964838557687837,-0.7398941579665655,-0.6542207209531965,0.8713307348260839,-1.9352259223919324
1.1513930573220963,-0.9517500580765804,-0.7519071313324821,-0.7398941579665655,1.3849066727556911,-0.9964012762111636,0.5581043259384137
1.1513930573220963,-0.6618475568271933,-0.7519071313324821,-0.4800467041014978,-0.39933094374817096,-0.9964012762111636,0.5581043259384137
1.1513930573220963,0.31766238139504094,0.19924223602526228,0.29949877567562466,-0.3761583116323792,-0.9430375044672422,-1.481889477975714
1.1513930573220963,-0.9517500580765804,-0.7519071313324821,-0.7398941579665655,0.5692551035342239,-0.46276355877195,0.5581043259384137
1.1513930573220963,-0.30862541794468445,-0.6944892796314194,-0.22019613205451086,-0.3761583116323792,-0.9964012762111636,-0.25789319562723756
-0.7412295079439094,-0.9517500580765804,-0.7519071313324821,-0.7398941579665655,-0.34835176483134134,-0.46276355877195,-1.8898927267493963
0.69257592456005,1.0574365119561844,-0.7519071313324821,1.527875360889223,2.4044688402653542,-1.129810705570967,0.1501055651555881
-0.7412295079439094,1.427420427218831,-0.7519071313324821,0.039651321810556917,-0.34835176483134134,0.33769301738687035,-2.297891487532222
-1.0116045206243036,1.427420427218831,-0.7519071313324821,-0.29444004354848397,-0.6542207209531965,-0.969719390339203,-2.006463801258775
0.7308094238751771,-0.767513699266922,-0.7519071313324821,-0.22019613205451086,0.7051955023930212,-0.5961729881317535,0.1501055651555881
1.1513930573220963,-0.04528644204393178,-0.7519071313324821,-0.22019613205451086,-0.6542207209531965,-0.8629918468513602,0.5581043259384137
-0.5309389529688268,-0.38660577528093015,-0.7519071313324821,-0.4800467041014978,2.4044688402653542,-0.5961729881317535,-0.6658919564100632
0.5205188689000944,1.4007356858690816,-0.7519071313324821,1.5987422813648018,-0.39933094374817096,-1.129810705570967,0.5581043259384137
-1.1618131413908286,-0.9517500580765804,-0.7519071313324821,-0.7398941579665655,-0.3761583116323792,-0.19594470005234324,-3.5218877698806983
0.09993523545317518,1.0287706699688106,-0.7519071313324821,0.8191968015876794,1.3849066727556911,0.7379213054662805,-0.25789319562723756
1.1513930573220963,0.6810691022414675,-0.7519071313324821,2.1184403072768565,-0.6542207209531965,0.07087415866726357,0.5581043259384137
-1.1426951299848882,1.427420427218831,0.8041331043926874,-0.4564233578823318,-0.6542207209531965,-0.9430375044672422,-1.481889477975714
-1.3721036963659112,-0.9517500580765804,1.5964838557687837,-0.7398941579665655,-0.6542207209531965,-0.8629918468513602,0.5581043259384137
-0.3206458744969902,-0.9517500580765804,-0.7519071313324821,-0.7398941579665655,-0.6542207209531965,-0.5961729881317535,-2.297891487532222
-0.7412295079439094,-0.9517500580765804,-0.7519071313324821,-0.7398941579665655,2.4044688402653542,-0.9964012762111636,-2.705890248315047
0.31022831392501166,-0.6841837724962454,-0.7519071313324821,-0.4800467041014978,-0.6542207209531965,-0.5961729881317535,0.5581043259384137
0.7308094238751771,-0.9517500580765804,-0.7519071313324821,-0.7398941579665655,2.4044688402653542,-0.5961729881317535,-0.18989564615886145
-0.11035531952190754,-0.9517500580765804,-0.7519071313324821,-0.7398941579665655,-0.6542207209531965,-0.5961729881317535,0.5581043259384137
-1.3721036963659112,-0.9517500580765804,1.5964838557687837,-0.7398941579665655,-0.6542207209531965,-0.46276355877195,-1.481889477975714
-1.3721036963659112,-0.9517500580765804,1.5964838557687837,-0.7398941579665655,-0.3761583116323792,-0.46276355877195,0.1501055651555881
-1.1426951299848882,1.427420427218831,-0.7519071313324821,-0.4564233578823318,-0.6542207209531965,-0.9964012762111636,-2.705890248315047
0.7308094238751771,-0.9517500580765804,-0.7519071313324821,-0.7398941579665655,1.045052616919137,-0.7295824174915568,0.1501055651555881
0.7308094238751771,0.5404475729871339,-0.4483446958392089,0.29949877567562466,2.0646147844288,-0.9964012762111636,0.5581043259384137
1.1513930573220963,-0.9517500580765804,0.7175206440866068,-0.7398941579665655,-0.1444381078535842,-0.7295824174915568,0.5581043259384137
0.09993523545317518,-0.9517500580765804,-0.7519071313324821,-0.7398941579665655,1.180993015777934,-0.46276355877195,-1.0738907171928882
0.09993523545317518,0.6092130295409893,-0.18788772143425314,-0.22019613205451086,-0.6542207209531965,-0.9964012762111636,-0.6658919564100632
-0.7412295079439094,1.427420427218831,0.6039929891828377,0.039651321810556917,-0.34835176483134134,-0.5961729881317535,0.5581043259384137
1.1513930573220963,1.0450388332551046,-0.7519071313324821,-0.22019613205451086,-0.34835176483134134,-0.9964012762111636,0.1501055651555881
-1.3721036963659112,-0.9517500580765804,1.5964838557687837,-0.7398941579665655,-0.6542207209531965,-0.5961729881317535,0.1501055651555881
-1.3721036963659112,-0.9517500580765804,1.5964838557687837,-0.7398941579665655,-0.1444381078535842,0.6045118761064772,-0.00289453113682849
-1.3721036963659112,-0.9517500580765804,1.5964838557687837,-0.7398941579665655,-0.3761583116323792,-0.46276355877195,0.5581043259384137
-1.3721036963659112,-0.9517500580765804,1.5964838557687837,-0.7398941579665655,-0.6542207209531965,-1.129810705570967,0.5581043259384137
-1.3721036963659112,-0.9517500580765804,1.5964838557687837,-0.7398941579665655,-0.6542207209531965,-0.9964012762111636,0.5581043259384137
-0.7412295079439094,0.24314437440716632,-0.7519071313324821,-0.22019613205451086,-0.6542207209531965,-0.9964012762111636,-2.705890248315047
-0.5309389529688268,1.427420427218831,0.9844011051481513,0.29949877567562466,-0.04248280870948625,-0.9430375044672422,-0.4392259781973822
1.1513930573220963,-0.9517500580765804,-0.7519071313324821,-0.7398941579665655,1.6397964499607167,-0.7295824174915568,0.5581043259384137
-0.7412295079439094,-0.9517500580765804,-0.7519071313324821,-0.7398941579665655,0.3653414465564667,-0.9964012762111636,-3.1138890090978726
-0.9515200629189922,-0.9517500580765804,-0.7519071313324821,-0.7398941579665655,-0.6542207209531965,-0.9964012762111636,-2.297891487532222
-0.7412295079439094,-0.9517500580765804,-0.7519071313324821,-0.7398941579665655,-0.6542207209531965,-0.9964012762111636,0.5581043259384137
-1.1618131413908286,1.427420427218831,1.116339480528803,-0.4800467041014978,-0.6542207209531965,-0.9964012762111636,-1.481889477975714
1.1513930573220963,0.9635280584613249,0.7225764704517131,1.811346160973457,-0.6542207209531965,0.33769301738687035,0.1501055651555881
0.9411025023470135,-0.9517500580765804,1.0376779453540423,-0.7398941579665655,0.11045166935144125,-1.129810705570967,0.5581043259384137
-1.3721036963659112,-0.9517500580765804,1.5964838557687837,-0.7398941579665655,-0.2172655063061979,-0.9430375044672422,-0.25789319562723756
-0.2505507051697985,-0.9517500580765804,-0.7519071313324821,-0.7398941579665655,-0.6542207209531965,-0.8629918468513602,-2.932556226527728
1.1513930573220963,-0.9517500580765804,0.9782460200692069,-0.7398941579665655,-0.6542207209531965,-0.46276355877195,0.5581043259384137
-0.7412295079439094,1.3288185630986713,-0.7519071313324821,0.039651321810556917,-0.6542207209531965,-0.5961729881317535,-2.705890248315047
-0.3206458744969902,-0.9517500580765804,-0.7519071313324821,-0.7398941579665655,-0.04248280870948625,-0.9964012762111636,-1.8898927267493963
0.9411025023470135,0.8482397155880496,-0.7519071313324821,1.5987422813648018,0.26338614741236877,-0.9430375044672422,0.5581043259384137
-0.9515200629189922,1.427420427218831,1.571416169764246,-0.22019613205451086,-0.34835176483134134,0.07087415866726357,0.5581043259384137
1.1513930573220963,-0.026831283745331547,-0.7519071313324821,0.8191968015876794,0.3653414465564667,-0.9964012762111636,0.5581043259384137
-1.3721036963659112,-0.9517500580765804,1.5964838557687837,-0.7398941579665655,0.11045166935144125,-0.9430375044672422,-1.8898927267493963
0.7308094238751771,-0.9517500580765804,-0.7519071313324821,-0.7398941579665655,0.17996650700925526,-0.9964012762111636,0.1501055651555881
-0.9515200629189922,-0.9517500580765804,-0.24588314611088696,-0.7398941579665655,-0.39933094374817096,-0.7295824174915568,0.5581043259384137
0.5205188689000944,-0.9517500580765804,-0.7519071313324821,-0.7398941579665655,2.4044688402653542,-0.9964012762111636,-0.25789319562723756
-1.3721036963659112,-0.9517500580765804,1.5964838557687837,-0.7398941579665655,-0.6542207209531965,-0.46276355877195,-3.1138890090978726
0.09993523545317518,1.3359560307211216,-0.7519071313324821,1.079044255452747,1.5305584109713573,-0.46276355877195,-0.6658919564100632
1.1513930573220963,-0.9517500580765804,-0.7519071313324821,-0.7398941579665655,0.6202342824510535,-0.5961729881317535,0.5581043259384137
-0.7412295079439094,1.427420427218831,-0.7519071313324821,0.039651321810556917,-0.6542207209531965,-0.9430375044672422,0.5581043259384137
-0.45446943084181896,-0.9517500580765804,-0.7519071313324821,-0.7398941579665655,-0.6542207209531965,-0.7295824174915568,-1.8898927267493963
1.1513930573220963,-0.07128942389748133,-0.14772093540849568,0.8191968015876794,-0.6542207209531965,-0.19594470005234324,0.5581043259384137
-1.3721036963659112,-0.9517500580765804,1.5964838557687837,-0.7398941579665655,-0.2718845258008776,-0.7829461892354782,-0.6658919564100632
-0.11035531952190754,-0.9517500580765804,-0.7519071313324821,-0.7398941579665655,0.5692551035342239,-0.9964012762111636,-1.481889477975714
-0.9515200629189922,1.427420427218831,-0.7519071313324821,-0.22019613205451086,-0.6542207209531965,-0.7829461892354782,-0.6658919564100632
-0.11035531952190754,-0.9517500580765804,-0.7519071313324821,-0.7398941579665655,-0.34835176483134134,-0.9964012762111636,-0.25789319562723756
1.1513930573220963,-0.9517500580765804,-0.7519071313324821,-0.7398941579665655,1.1300138368611043,-0.5961729881317535,0.5581043259384137
-1.3721036963659112,-0.9517500580765804,1.5964838557687837,-0.7398941579665655,-0.6542207209531965,-0.19594470005234324,0.5581043259384137
-1.3721036963659112,-0.9517500580765804,1.5964838557687837,-0.7398941579665655,0.3653414465564667,-1.129810705570967,-1.481889477975714
-0.5309389529688268,-0.9517500580765804,-0.7519071313324821,-0.7398941579665655,1.6397964499607167,-0.9964012762111636,-2.705890248315047
1.1513930573220963,-0.9517500580765804,-0.7519071313324821,-0.7398941579665655,2.4044688402653542,-0.7295824174915568,0.5581043259384137
-0.5309389529688268,-0.9517500580765804,-0.7519071313324821,-0.7398941579665655,2.4044688402653542,-0.7740522273670976,-2.297891487532222
1.1513930573220963,-0.9517500580765804,-0.7519071313324821,-0.7398941579665655,0.7360913256508896,-0.6495367598756748,0.5581043259384137
0.5205188689000944,-0.9517500580765804,-0.7519071313324821,-0.7398941579665655,-0.2172655063061979,-0.5961729881317535,-1.8898927267493963
0.9219844909410732,-0.6176292635314621,0.366057060738112,-0.17295255779809812,-0.2718845258008776,-0.9964012762111636,-1.481889477975714
1.1513930573220963,0.8625196729271578,-0.7519071313324821,2.3782877611419244,1.894686227165742,-0.9163556185952816,0.5581043259384137
-1.1618131413908286,1.427420427218831,-0.7519071313324821,-0.4800467041014978,-0.6542207209531965,-0.5961729881317535,-3.1138890090978726
1.1513930573220963,-0.9517500580765804,-0.7519071313324821,-0.7398941579665655,-0.6542207209531965,-0.9964012762111636,-0.25789319562723756
1.1513930573220963,-0.521009035620135,-0.7519071313324821,-0.4800467041014978,1.1300138368611043,-0.7295824174915568,0.5581043259384137
-1.1618131413908286,1.427420427218831,-0.7519071313324821,-0.4800467041014978,-0.6542207209531965,-0.46276355877195,-3.1138890090978726
1.1513930573220963,-0.22186773864799114,-0.7519071313324821,-0.22019613205451086,-0.6542207209531965,0.4977843326186344,0.5581043259384137
0.6466937065844949,-0.9517500580765804,-0.7519071313324821,-0.7398941579665655,1.3849066727556911,-0.19594470005234324,-0.33949384538197364
-1.1618131413908286,1.427420427218831,-0.7519071313324821,-0.4800467041014978,-0.6542207209531965,-0.9430375044672422,-3.5218877698806983
1.1513930573220963,-0.9517500580765804,-0.7519071313324821,-0.7398941579665655,1.3849066727556911,0.33769301738687035,0.5581043259384137
-0.3206458744969902,-0.9517500580765804,-0.7519071313324821,-0.7398941579665655,-0.1444381078535842,-0.19594470005234324,-1.481889477975714
-1.3721036963659112,-0.9517500580765804,1.5964838557687837,-0.7398941579665655,-0.6542207209531965,-0.19594470005234324,0.5581043259384137
-1.3721036963659112,-0.9517500580765804,1.5964838557687837,-0.7398941579665655,-0.6542207209531965,-0.9430375044672422,0.5581043259384137
0.31022831392501166,1.427420427218831,-0.5293481966413125,1.338894827499734,-0.6542207209531965,-0.9964012762111636,0.5581043259384137
-1.3721036963659112,-0.9517500580765804,1.5964838557687837,-0.7398941579665655,-0.1444381078535842,-0.9964012762111636,-0.25789319562723756
0.6466937065844949,-0.5166970622045449,-0.7519071313324821,-0.4280759660557166,0.875124059656079,-0.8629918468513602,-0.33949384538197364
-0.3206458744969902,-0.9517500580765804,-0.7519071313324821,-0.7398941579665655,2.4044688402653542,-0.8629918468513602,-1.481889477975714
0.31022831392501166,-0.9517500580765804,-0.7519071313324821,-0.7398941579665655,2.4044688402653542,-0.19594470005234324,0.5581043259384137
-0.3206458744969902,-0.9517500580765804,-0.7519071313324821,-0.7398941579665655,0.45802891633007253,-0.9964012762111636,-1.481889477975714
1.1513930573220963,0.9725965662566873,-0.7519071313324821,0.29949877567562466,0.7360913256508896,-0.9430375044672422,0.5581043259384137
1.1513930573220963,-0.9517500580765804,0.9941786949576457,-0.7398941579665655,-0.6542207209531965,-0.7295824174915568,0.5581043259384137
1.1513930573220963,-0.9517500580765804,0.7175174299625168,-0.7398941579665655,-0.6542207209531965,-0.9964012762111636,0.5581043259384137
-0.3206458744969902,-0.9517500580765804,-0.7519071313324821,-0.7398941579665655,-0.6542207209531965,-0.7295824174915568,-2.705890248315047
1.1513930573220963,-0.9517500580765804,-0.7519071313324821,-0.7398941579665655,-0.6542207209531965,-0.46276355877195,0.5581043259384137
-1.1618131413908286,1.427420427218831,1.532437989072936,-0.4800467041014978,-0.6542207209531965,-0.5961729881317535,0.5581043259384137
0.31022831392501166,-0.9517500580765804,-0.7519071313324821,-0.7398941579665655,1.2922192029820856,-0.19594470005234324,-0.25789319562723756
-1.3721036963659112,-0.9517500580765804,1.5964838557687837,-0.7398941579665655,-0.6542207209531965,-0.7295824174915568,0.5581043259384137
1.1513930573220963,-0.9517500580765804,-0.7519071313324821,-0.7398941579665655,-0.39933094374817096,-0.46276355877195,0.5581043259384137
-0.11035531952190754,-0.9517500580765804,-0.7519071313324821,-0.7398941579665655,-0.2172655063061979,-0.46276355877195,-1.0738907171928882
-0.11035531952190754,-0.9517500580765804,-0.7519071313324821,-0.7398941579665655,0.875124059656079,-0.5961729881317535,-1.481889477975714
-0.11035531952190754,-0.6821128935070836,0.6893526856864775,-0.4800467041014978,-0.6542207209531965,-0.46276355877195,0.5581043259384137
1.1513930573220963,-0.9517500580765804,-0.7519071313324821,-0.7398941579665655,-0.314366665116642,-0.8629918468513602,-0.25789319562723756
0.9411025023470135,-0.9517500580765804,-0.7519071313324821,-0.7398941579665655,-0.6542207209531965,-0.7295824174915568,0.5581043259384137
-0.11035531952190754,-0.9517500580765804,-0.7519071313324821,-0.7398941579665655,-0.6542207209531965,-0.7295824174915568,-1.481889477975714
1.1513930573220963,-0.9517500580765804,1.3732624325955636,-0.7398941579665655,-0.6542207209531965,-0.19594470005234324,0.5581043259384137
-0.11035531952190754,-0.9517500580765804,-0.7519071313324821,-0.7398941579665655,1.3849066727556911,-0.5961729881317535,-1.481889477975714
-1.1618131413908286,1.427420427218831,1.4190065212771779,-0.4800467041014978,-0.6542207209531965,-0.5961729881317535,-2.297891487532222
1.1513930573220963,-0.8672110052995861,-0.7519071313324821,2.3782877611419244,1.894686227165742,-0.5961729881317535,0.5581043259384137
0.8359559631110953,1.1664378819066945,0.46032735310938167,0.039651321810556917,-0.04248280870948625,-0.8629918468513602,-0.00289453113682849
-0.11035531952190754,-0.9517500580765804,-0.7519071313324821,-0.7398941579665655,0.26338614741236877,-0.5961729881317535,-1.0738907171928882
-0.11035531952190754,-0.9517500580765804,-0.7519071313324821,-0.7398941579665655,2.4044688402653542,-0.7295824174915568,-1.481889477975714
0.09993523545317518,-0.9517500580765804,1.066367368796299,-0.7398941579665655,0.11045166935144125,-0.7295824174915568,0.5581043259384137
-1.3721036963659112,-0.9517500580765804,1.5964838557687837,-0.7398941579665655,-0.3761583116323792,-0.889673732723321,-1.0738907171928882
1.1513930573220963,-0.3088981506393312,-0.7519071313324821,0.5593493477226117,-0.39933094374817096,1.4049684522652977,0.5581043259384137
-0.8674043456283098,1.427420427218831,-0.7519071313324821,-0.11625777414486754,-0.6542207209531965,-0.46276355877195,-2.5834892736829427
0.7308094238751771,-0.9517500580765804,-0.7519071313324821,-0.7398941579665655,1.3849066727556911,-0.5961729881317535,0.1501055651555881
-1.3721036963659112,-0.9517500580765804,1.5964838557687837,-0.7398941579665655,-0.6542207209531965,-0.7295824174915568,0.5581043259384137
-1.3721036963659112,-0.9517500580765804,1.5964838557687837,-0.7398941579665655,1.894686227165742,-0.9964012762111636,0.5581043259384137
1.1513930573220963,0.7691371775929148,-0.7519071313324821,1.079044255452747,2.0646147844288,-0.9964012762111636,0.5581043259384137
1.1513930573220963,-0.9517500580765804,0.6432202980366759,-0.7398941579665655,-0.6542207209531965,-0.8629918468513602,0.1501055651555881
-1.3721036963659112,-0.9517500580765804,1.5964838557687837,-0.7398941579665655,1.180993015777934,-0.9964012762111636,-0.6658919564100632
-1.3721036963659112,-0.9517500580765804,1.5964838557687837,-0.7398941579665655,-0.1444381078535842,-1.129810705570967,-0.6658919564100632
0.5205188689000944,1.1736593850888333,-0.7519071313324821,1.5987422813648018,1.894686227165742,-0.9964012762111636,0.5581043259384137
1.1513930573220963,-0.9517500580765804,0.23316533023545588,-0.7398941579665655,0.11045166935144125,-0.9430375044672422,0.5581043259384137
0.7308094238751771,-0.9517500580765804,-0.7519071313324821,-0.7398941579665655,2.126406430944537,-0.46276355877195,0.1501055651555881
0.09993523545317518,-0.9517500580765804,-0.7519071313324821,-0.7398941579665655,1.894686227165742,-0.46276355877195,-1.8898927267493963
1.1513930573220963,-0.9517500580765804,-0.7519071313324821,-0.7398941579665655,2.149579063060329,-0.32935412941214665,0.5581043259384137
-0.9132865636038651,1.427420427218831,1.00603374233167,-0.17295255779809812,-0.34835176483134134,-0.8629918468513602,-0.6658919564100632
-1.3721036963659112,-0.9517500580765804,1.5964838557687837,-0.7398941579665655,-0.34835176483134134,-0.8629918468513602,0.5581043259384137
1.1513930573220963,-0.9517500580765804,-0.7519071313324821,-0.7398941579665655,0.21968970834080065,-0.9964012762111636,0.5581043259384137
0.9411025023470135,1.2466898252495164,-0.7519071313324821,1.5987422813648018,1.180993015777934,-0.7829461892354782,0.5581043259384137
-1.3721036963659112,-0.9517500580765804,1.5964838557687837,-0.7398941579665655,0.875124059656079,-0.46276355877195,-1.481889477975714
-1.1618131413908286,-0.9517500580765804,-0.7519071313324821,-0.7398941579665655,-0.6542207209531965,-0.7295824174915568,-3.1138890090978726
-0.9515200629189922,1.427420427218831,-0.7519071313324821,-0.22019613205451086,-0.6542207209531965,-0.9430375044672422,-3.1138890090978726
-1.3721036963659112,-0.9517500580765804,1.5964838557687837,-0.7398941579665655,-0.6542207209531965,-0.8629918468513602,-0.00289453113682849
0.31022831392501166,1.427420427218831,-0.7519071313324821,1.338894827499734,0.3653414465564667,-0.9430375044672422,0.1501055651555881
1.1513930573220963,-0.9517500580765804,-0.7519071313324821,-0.7398941579665655,-0.1444381078535842,-0.9964012762111636,0.5581043259384137
-1.3721036963659112,-0.9517500580765804,1.5964838557687837,-0.7398941579665655,0.3653414465564667,-0.7295824174915568,0.1501055651555881
-1.1618131413908286,1.427420427218831,1.0279270660051327,-0.4800467041014978,-0.6542207209531965,-0.7829461892354782,0.5581043259384137
1.1513930573220963,-0.9517500580765804,-0.7519071313324821,-0.7398941579665655,1.486861971899789,-0.8629918468513602,0.5581043259384137
-1.3721036963659112,-0.9517500580765804,1.5964838557687837,-0.7398941579665655,-0.6542207209531965,-0.9430375044672422,0.5581043259384137
-1.3721036963659112,-0.9517500580765804,1.5964838557687837,-0.7398941579665655,0.875124059656079,-1.129810705570967,-2.297891487532222
0.7308094238751771,-0.9517500580765804,0.5397003369003986,-0.7398941579665655,0.11045166935144125,-0.9964012762111636,-0.18989564615886145
-1.3721036963659112,-0.9517500580765804,1.5964838557687837,-0.7398941579665655,-0.6542207209531965,-0.9430375044672422,-2.705890248315047
-1.3721036963659112,-0.9517500580765804,1.5964838557687837,-0.7398941579665655,-0.6542207209531965,-0.46276355877195,0.1501055651555881
-1.3721036963659112,-0.9517500580765804,1.5964838557687837,-0.7398941579665655,-0.6542207209531965,-0.32935412941214665,0.5581043259384137
-0.11035531952190754,-0.9517500580765804,-0.7519071313324821,-0.7398941579665655,2.4044688402653542,-0.9964012762111636,-1.481889477975714
1.1513930573220963,-0.9517500580765804,0.1186173391326658,-0.7398941579665655,0.875124059656079,-0.9964012762111636,0.5581043259384137
1.1513930573220963,-0.9517500580765804,0.42378514695887926,-0.7398941579665655,-0.6542207209531965,-0.7295824174915568,0.5581043259384137
-0.11035531952190754,-0.9517500580765804,0.8443323365942316,-0.7398941579665655,-0.6542207209531965,-0.889673732723321,-0.25789319562723756
-1.3721036963659112,-0.9517500580765804,1.5964838557687837,-0.7398941579665655,-0.3761583116323792,-0.8629918468513602,0.1501055651555881
-0.9515200629189922,-0.9517500580765804,-0.7519071313324821,-0.7398941579665655,0.875124059656079,-0.9964012762111636,-3.1138890090978726
-1.1618131413908286,-0.9517500580765804,-0.7519071313324821,-0.7398941579665655,-0.6542207209531965,-0.7295824174915568,0.5581043259384137
-1.3721036963659112,-0.9517500580765804,1.5964838557687837,-0.7398941579665655,-0.6542207209531965,0.33769301738687035,0.5581043259384137
-1.3721036963659112,-0.9517500580765804,1.5964838557687837,-0.7398941579665655,-0.6542207209531965,-0.9430375044672422,-0.25789319562723756
-1.3721036963659112,-0.9517500580765804,1.5964838557687837,-0.7398941579665655,-0.1444381078535842,-1.129810705570967,0.5581043259384137
1.1513930573220963,-0.9517500580765804,-0.7519071313324821,-0.7398941579665655,1.2922192029820856,-0.9964012762111636,0.1501055651555881
0.31022831392501166,-0.5118811910286328,-0.7519071313324821,-0.4800467041014978,-0.6542207209531965,-0.8629918468513602,0.5581043259384137
0.09993523545317518,1.427420427218831,-0.41101516949622163,1.079044255452747,-0.6542207209531965,-0.9430375044672422,0.5581043259384137
1.1513930573220963,-0.9517500580765804,-0.7519071313324821,-0.7398941579665655,-0.09809590231156196,-0.9964012762111636,0.5581043259384137
0.31022831392501166,-0.9517500580765804,-0.7519071313324821,-0.7398941579665655,1.486861971899789,-0.8629918468513602,-0.25789319562723756
-0.9515200629189922,-0.9517500580765804,-0.7519071313324821,-0.7398941579665655,2.4044688402653542,-1.129810705570967,-3.1138890090978726
1.1513930573220963,-0.9517500580765804,-0.7519071313324821,-0.7398941579665655,-0.6542207209531965,-0.9964012762111636,0.5581043259384137
0.31022831392501166,-0.9517500580765804,-0.7519071313324821,-0.7398941579665655,1.6397964499607167,-0.8629918468513602,-0.6658919564100632
-1.3721036963659112,-0.9517500580765804,1.5964838557687837,-0.7398941579665655,-0.6542207209531965,-1.129810705570967,0.5581043259384137
0.9411025023470135,1.427420427218831,-0.7519071313324821,2.1184403072768565,1.6397964499607167,-1.129810705570967,0.1501055651555881
-1.3721036963659112,-0.9517500580765804,1.5964838557687837,-0.7398941579665655,2.4044688402653542,-0.9430375044672422,-2.705890248315047
0.31022831392501166,1.1824756062559159,-0.5235146556476099,1.338894827499734,0.21968970834080065,-1.129810705570967,0.5581043259384137
-1.3721036963659112,-0.9517500580765804,1.5964838557687837,-0.7398941579665655,-0.6542207209531965,-1.129810705570967,0.5581043259384137
-1.1618131413908286,1.427420427218831,1.3320356807022917,-0.4800467041014978,-0.6542207209531965,-0.5961729881317535,0.5581043259384137
0.7308094238751771,0.029085536713429973,-0.7519071313324821,0.29949877567562466,-0.6542207209531965,-0.9430375044672422,0.5581043259384137
1.1513930573220963,-0.040527348655424594,-0.7519071313324821,-0.4800467041014978,-0.6542207209531965,-0.8629918468513602,0.5581043259384137
1.1513930573220963,-0.9517500580765804,-0.7519071313324821,-0.7398941579665655,0.45802891633007253,-0.9964012762111636,-1.481889477975714
-0.7412295079439094,-0.9517500580765804,-0.7519071313324821,-0.7398941579665655,-0.1444381078535842,-0.9964012762111636,-1.8898927267493963
-1.1618131413908286,-0.9517500580765804,-0.7519071313324821,-0.7398941579665655,-0.6542207209531965,-0.8629918468513602,-3.5218877698806983
0.09993523545317518,-0.9517500580765804,-0.7519071313324821,-0.7398941579665655,-0.6542207209531965,-1.129810705570967,-0.25789319562723756
-1.3721036963659112,-0.9517500580765804,1.5964838557687837,-0.7398941579665655,-0.6542207209531965,-0.9430375044672422,0.5581043259384137
-1.3721036963659112,-0.9517500580765804,1.5964838557687837,-0.7398941579665655,-0.6542207209531965,-0.32935412941214665,0.5581043259384137
0.31022831392501166,-0.18342064951773732,0.3430570163822579,-0.22019613205451086,-0.39933094374817096,-0.9964012762111636,0.5581043259384137
-0.7412295079439094,-0.9517500580765804,-0.7519071313324821,-0.7398941579665655,2.4044688402653542,-0.9163556185952816,-2.297891487532222
1.1513930573220963,-0.9517500580765804,-0.7519071313324821,-0.7398941579665655,-0.6542207209531965,-0.9964012762111636,0.5581043259384137
0.9411025023470135,0.13639665114166177,-0.7519071313324821,0.8191968015876794,0.4927878645037601,-1.0764469338270457,0.5581043259384137
-0.11035531952190754,-0.9517500580765804,-0.7519071313324821,-0.7398941579665655,2.4044688402653542,-0.9964012762111636,-1.0738907171928882
-0.9515200629189922,1.427420427218831,0.6953287007798504,-0.22019613205451086,-0.6542207209531965,-0.9430375044672422,0.5581043259384137
-1.1618131413908286,1.427420427218831,-0.7519071313324821,-0.4800467041014978,-0.6542207209531965,-0.46276355877195,0.5581043259384137
0.7308094238751771,-0.9517500580765804,-0.7519071313324821,-0.7398941579665655,1.180993015777934,-0.9964012762111636,-0.25789319562723756
-1.1618131413908286,1.427420427218831,0.8453014071870554,-0.4800467041014978,-0.6542207209531965,-1.129810705570967,-1.481889477975714
-0.5309389529688268,1.427420427218831,-0.3626949387296453,0.29949877567562466,2.4044688402653542,-0.46276355877195,-1.4365562823331777
-1.3721036963659112,-0.9517500580765804,1.5964838557687837,-0.7398941579665655,-0.6542207209531965,-0.889673732723321,0.5581043259384137
1.1513930573220963,-0.9517500580765804,-0.7519071313324821,-0.7398941579665655,-0.6542207209531965,-0.9964012762111636,0.1501055651555881
-0.7412295079439094,-0.9517500580765804,-0.7519071313324821,-0.7398941579665655,0.11045166935144125,-0.9964012762111636,-2.297891487532222
-1.1618131413908286,1.427420427218831,-0.7519071313324821,-0.4800467041014978,-0.6542207209531965,-0.9430375044672422,-3.1138890090978726
1.1513930573220963,-0.9517500580765804,-0.7519071313324821,-0.7398941579665655,2.4044688402653542,-0.9964012762111636,0.5581043259384137
0.9411025023470135,-0.9517500580765804,-0.7519071313324821,-0.7398941579665655,0.4927878645037601,-0.8629918468513602,0.5581043259384137
-1.3721036963659112,-0.9517500580765804,1.5964838557687837,-0.7398941579665655,-0.6542207209531965,-0.9430375044672422,-1.481889477975714
-1.3721036963659112,-0.9517500580765804,1.5964838557687837,-0.7398941579665655,-0.39933094374817096,-1.129810705570967,0.5581043259384137
-1.3721036963659112,-0.9517500580765804,1.5964838557687837,-0.7398941579665655,0.11045166935144125,-0.46276355877195,-0.18989564615886145
1.1513930573220963,-0.9517500580765804,-0.7519071313324821,-0.7398941579665655,0.6202342824510535,-0.9964012762111636,0.5581043259384137
-1.3721036963659112,-0.9517500580765804,1.5964838557687837,-0.7398941579665655,-0.6542207209531965,-0.9430375044672422,-0.6658919564100632
0.7308094238751771,-0.9517500580765804,-0.7519071313324821,-0.7398941579665655,1.2922192029820856,-0.9964012762111636,0.1501055651555881
-0.3206458744969902,1.427420427218831,-0.32145496295450726,0.5593493477226117,-0.6542207209531965,-1.129810705570967,0.5581043259384137
-0.3206458744969902,1.427420427218831,-0.7519071313324821,0.5593493477226117,-0.6542207209531965,-1.129810705570967,-1.481889477975714
0.8359559631110953,0.4111299189521846,-0.7519071313324821,1.988515021253363,1.894686227165742,-0.7295824174915568,-0.00289453113682849
1.1513930573220963,0.5628905086911999,-0.7519071313324821,2.3782877611419244,-0.39933094374817096,-0.46276355877195,0.5581043259384137
1.1513930573220963,-0.9517500580765804,-0.7519071313324821,-0.7398941579665655,-0.1444381078535842,-0.8629918468513602,0.5581043259384137
-1.1618131413908286,1.427420427218831,1.483389746769273,-0.4800467041014978,-0.6542207209531965,-0.8629918468513602,0.5581043259384137
0.7308094238751771,-0.9517500580765804,-0.7519071313324821,-0.7398941579665655,-0.1444381078535842,-0.9964012762111636,0.5581043259384137
-0.7412295079439094,1.427420427218831,-0.7519071313324821,0.039651321810556917,0.11045166935144125,-0.7295824174915568,-2.297891487532222
-1.3721036963659112,-0.9517500580765804,1.5964838557687837,-0.7398941579665655,-0.6542207209531965,-0.46276355877195,0.5581043259384137
-0.5309389529688268,-0.9517500580765804,-0.7519071313324821,-0.7398941579665655,2.4044688402653542,-0.8629918468513602,-2.297891487532222
-0.5309389529688268,-0.9517500580765804,-0.7519071313324821,-0.7398941579665655,2.4044688402653542,-0.9964012762111636,-2.297891487532222
-1.3721036963659112,-0.9517500580765804,1.5964838557687837,-0.7398941579665655,-0.6542207209531965,-0.9430375044672422,0.5581043259384137
1.1513930573220963,-0.9517500580765804,-0.7519071313324821,-0.7398941579665655,-0.04248280870948625,-0.9964012762111636,-2.705890248315047
1.1513930573220963,-0.9517500580765804,-0.7519071313324821,-0.7398941579665655,1.6397964499607167,-0.8629918468513602,0.5581043259384137
-0.5309389529688268,1.427420427218831,1.3970131247256334,0.29949877567562466,-0.6542207209531965,0.33769301738687035,0.5581043259384137
-1.3721036963659112,-0.9517500580765804,1.5964838557687837,-0.7398941579665655,-0.314366665116642,-0.46276355877195,-0.25789319562723756
-0.7412295079439094,-0.9517500580765804,-0.7519071313324821,-0.7398941579665655,1.6397964499607167,-0.8629918468513602,-3.1138890090978726
0.7308094238751771,1.427420427218831,-0.7519071313324821,1.8585897352298697,1.7247607285922455,-0.7295824174915568,0.1501055651555881
-1.3721036963659112,-0.9517500580765804,1.5964838557687837,-0.7398941579665655,-0.2718845258008776,-0.9430375044672422,-0.6658919564100632
0.31022831392501166,0.9166042276662513,-0.7519071313324821,0.8191968015876794,-0.6542207209531965,-0.8629918468513602,-0.6658919564100632
1.1513930573220963,-0.9517500580765804,-0.7519071313324821,-0.7398941579665655,1.1300138368611043,-0.9964012762111636,0.5581043259384137
1.1513930573220963,0.11271049913328861,0.2079988767630987,0.8191968015876794,-0.39933094374817096,-0.5961729881317535,0.5581043259384137
-1.3721036963659112,-0.9517500580765804,1.5964838557687837,-0.7398941579665655,2.4044688402653542,-1.129810705570967,-2.705890248315047
-1.3721036963659112,-0.9517500580765804,1.5964838557687837,-0.7398941579665655,-0.6542207209531965,-0.06253527069253983,-0.9378911302652799
-0.4257924137329085,-0.9517500580765804,-0.7519071313324821,-0.7398941579665655,-0.6542207209531965,-0.8629918468513602,-1.124892245287313
0.5205188689000944,-0.9517500580765804,-0.7519071313324821,-0.7398941579665655,1.7247607285922455,-0.9964012762111636,-0.25789319562723756
0.4303947058388808,-0.9517500580765804,-0.7519071313324821,-0.7398941579665655,-0.6542207209531965,-0.9964012762111636,-1.3653184034663355
1.1513930573220963,-0.9517500580765804,-0.7519071313324821,-0.7398941579665655,0.5692551035342239,-0.8629918468513602,0.5581043259384137
-1.3721036963659112,-0.9517500580765804,1.5964838557687837,-0.7398941579665655,-0.6542207209531965,1.1381495935456907,0.5581043259384137
1.1513930573220963,-0.9517500580765804,-0.7519071313324821,-0.7398941579665655,-0.3761583116323792,-0.9964012762111636,0.5581043259384137
1.1513930573220963,0.288915829489476,-0.7519071313324821,1.8585897352298697,2.4044688402653542,-0.9430375044672422,0.5581043259384137
-0.6150546702595091,1.427420427218831,1.274493562434376,0.19556041776598138,-0.6542207209531965,-0.7295824174915568,-2.134690188022749
-0.3206458744969902,-0.9517500580765804,-0.7519071313324821,-0.7398941579665655,-0.04248280870948625,-0.8629918468513602,-1.481889477975714
0.5205188689000944,-0.9517500580765804,-0.7519071313324821,-0.7398941579665655,0.17996650700925526,-0.9964012762111636,0.5581043259384137
1.1513930573220963,-0.9517500580765804,-0.7519071313324821,-0.7398941579665655,2.126406430944537,-0.9964012762111636,0.5581043259384137
-1.3721036963659112,-0.9517500580765804,1.5964838557687837,-0.7398941579665655,-0.6542207209531965,-0.5961729881317535,-3.3688876735882816
1.1513930573220963,-0.9517500580765804,-0.7519071313324821,-0.7398941579665655,1.0141567936612683,-0.9964012762111636,0.5581043259384137
1.1513930573220963,-0.9517500580765804,-0.7519071313324821,-0.7398941579665655,-0.6542207209531965,-0.8629918468513602,0.059439173870516004
0.7308094238751771,1.2763454663831737,-0.7519071313324821,1.5987422813648018,-0.6542207209531965,-1.129810705570967,0.5581043259384137
0.9411025023470135,-0.9517500580765804,-0.7519071313324821,-0.7398941579665655,1.8483440216237197,-0.9964012762111636,0.5581043259384137
1.1513930573220963,-0.9517500580765804,-0.7519071313324821,-0.7398941579665655,-0.6542207209531965,-0.9964012762111636,-3.5218877698806983
-1.3721036963659112,-0.9517500580765804,1.5964838557687837,-0.7398941579665655,-0.314366665116642,-0.8629918468513602,0.1501055651555881
0.31022831392501166,1.1422032191761962,-0.7519071313324821,0.29949877567562466,-0.6542207209531965,0.4711024467466738,0.5581043259384137
0.5205188689000944,-0.9517500580765804,1.0409103605947936,-0.7398941579665655,-0.6542207209531965,-0.7829461892354782,0.5581043259384137
0.9411025023470135,-0.9517500580765804,-0.7519071313324821,-0.7398941579665655,-0.6542207209531965,-0.9964012762111636,0.5581043259384137
-1.3721036963659112,-0.9517500580765804,1.5964838557687837,-0.7398941579665655,0.3653414465564667,-0.9430375044672422,-2.297891487532222
-0.11035531952190754,-0.9517500580765804,-0.7519071313324821,-0.7398941579665655,0.025487390719912358,-0.9964012762111636,-1.0738907171928882
1.1513930573220963,-0.9517500580765804,-0.7519071313324821,-0.7398941579665655,0.45802891633007253,-0.9964012762111636,0.5581043259384137
-0.6511053448826959,1.427420427218831,0.8247288597933998,0.1510140708695976,0.21968970834080065,-0.9430375044672422,0.5581043259384137
0.9411025023470135,0.3092061183528246,-0.039804578335472886,0.8191968015876794,-0.6542207209531965,1.1381495935456907,0.1501055651555881
-1.1618131413908286,1.427420427218831,-0.7519071313324821,-0.4800467041014978,-0.6542207209531965,-0.889673732723321,0.5581043259384137
-1.3721036963659112,-0.9517500580765804,1.5964838557687837,-0.7398941579665655,-0.6542207209531965,0.07087415866726357,-0.25789319562723756
1.1513930573220963,-0.9517500580765804,-0.7519071313324821,-0.7398941579665655,2.126406430944537,-0.9964012762111636,0.5581043259384137
1.1513930573220963,-0.9517500580765804,-0.7519071313324821,-0.7398941579665655,-0.6542207209531965,-0.8629918468513602,0.5581043259384137
-0.5309389529688268,1.427420427218831,0.6050878028311514,0.29949877567562466,-0.6542207209531965,-0.9430375044672422,0.059439173870516004
1.1513930573220963,-0.2797623808028821,-0.7519071313324821,-0.22019613205451086,0.3653414465564667,-0.9964012762111636,0.1501055651555881
-0.7412295079439094,1.427420427218831,-0.7519071313324821,0.039651321810556917,-0.6542207209531965,-0.422740729964009,-1.124892245287313
1.1513930573220963,-0.9517500580765804,-0.7519071313324821,-0.7398941579665655,-0.6542207209531965,-0.8629918468513602,-3.1138890090978726
1.1513930573220963,-0.9517500580765804,-0.7519071313324821,-0.7398941579665655,-0.6542207209531965,-0.9964012762111636,-3.5218877698806983
-1.3721036963659112,-0.9517500580765804,1.5964838557687837,-0.7398941579665655,2.4044688402653542,-1.129810705570967,-2.705890248315047
0.9411025023470135,-0.9517500580765804,-0.7519071313324821,-0.7398941579665655,1.180993015777934,-0.8629918468513602,0.5581043259384137
-0.11035531952190754,-0.9517500580765804,-0.7519071313324821,-0.7398941579665655,0.26338614741236877,-0.9964012762111636,0.5581043259384137
0.09993523545317518,0.11917755616669669,-0.265756685802727,-0.22019613205451086,-0.6542207209531965,-0.9964012762111636,0.5581043259384137
1.1513930573220963,-0.7481193328988411,-0.01597232732059819,-0.4564233578823318,-0.34835176483134134,-0.9964012762111636,0.5581043259384137
-0.683877997222842,-0.9517500580765804,1.305246247218827,-0.7398941579665655,-0.6542207209531965,-0.9430375044672422,0.5581043259384137
0.69257592456005,-0.4739554312434393,-0.7519071313324821,-0.17295255779809812,-0.34835176483134134,-0.5961729881317535,0.5581043259384137
-1.0116045206243036,1.427420427218831,0.44047878467959883,-0.29444004354848397,0.875124059656079,-1.129810705570967,-1.3653184034663355
1.1513930573220963,-0.9517500580765804,-0.7519071313324821,-0.7398941579665655,0.11045166935144125,-0.8629918468513602,0.1501055651555881
1.1513930573220963,-0.9517500580765804,-0.7519071313324821,-0.7398941579665655,1.7247607285922455,-0.8629918468513602,0.5581043259384137
0.4631673581790269,-0.4346855652526529,-0.7519071313324821,-0.17295255779809812,0.3653414465564667,1.1381495935456907,-0.25789319562723756
1.1513930573220963,-0.9517500580765804,-0.7519071313324821,-0.7398941579665655,2.0646147844288,-0.9964012762111636,0.5581043259384137
-1.3721036963659112,-0.9517500580765804,1.5964838557687837,-0.7398941579665655,-0.6542207209531965,-0.8629918468513602,-1.481889477975714
0.004350225416980902,-0.9517500580765804,-0.7519071313324821,-0.7398941579665655,2.4044688402653542,-0.9964012762111636,-1.0738907171928882
0.69257592456005,-0.9517500580765804,-0.7519071313324821,-0.7398941579665655,2.4044688402653542,-0.9964012762111636,0.5581043259384137
0.004350225416980902,-0.9517500580765804,-0.7519071313324821,-0.7398941579665655,-0.6542207209531965,1.1381495935456907,0.1501055651555881
1.1513930573220963,-0.9517500580765804,-0.7519071313324821,-0.7398941579665655,2.4044688402653542,-0.9964012762111636,0.5581043259384137
-0.6150546702595091,1.427420427218831,0.472829588427683,0.19556041776598138,0.875124059656079,-0.9430375044672422,-2.5834892736829427
-1.3721036963659112,-0.9517500580765804,1.5964838557687837,-0.7398941579665655,-0.6542207209531965,-0.9430375044672422,-1.3653184034663355
-1.3721036963659112,-0.9517500580765804,1.5964838557687837,-0.7398941579665655,-0.2718845258008776,-0.8629918468513602,0.1501055651555881
0.9219844909410732,-0.9517500580765804,-0.7519071313324821,-0.7398941579665655,1.7247607285922455,-0.8629918468513602,0.1501055651555881
0.9219844909410732,-0.9517500580765804,-0.7519071313324821,-0.7398941579665655,0.656644922987799,-0.9964012762111636,0.1501055651555881
-1.1426951299848882,1.427420427218831,-0.7519071313324821,-0.4564233578823318,-0.6542207209531965,-1.129810705570967,-3.1138890090978726
0.9219844909410732,-0.9517500580765804,-0.7519071313324821,-0.7398941579665655,0.11045166935144125,-0.9964012762111636,0.1501055651555881
-0.11035531952190754,-0.9517500580765804,-0.7519071313324821,-0.7398941579665655,2.4044688402653542,-0.8629918468513602,-0.7882929310421678
1.1513930573220963,-0.9517500580765804,-0.7519071313324821,-0.7398941579665655,0.7051955023930212,-0.9964012762111636,0.5581043259384137
0.14199435584689316,-0.004979667818584515,-0.1645469250704191,-0.11625777414486754,-0.6542207209531965,-1.129810705570967,-0.33949384538197364
-1.3721036963659112,-0.9517500580765804,1.5964838557687837,-0.7398941579665655,2.4044688402653542,-0.9430375044672422,-3.032288359343136
1.1513930573220963,-0.9517500580765804,-0.7519071313324821,-0.7398941579665655,2.4044688402653542,-0.9964012762111636,0.5581043259384137
-1.1197540209971106,1.427420427218831,1.472011215627933,-0.4280759660557166,-0.6542207209531965,-0.5961729881317535,-0.33949384538197364
0.7308094238751771,-0.9517500580765804,-0.7519071313324821,-0.7398941579665655,2.4044688402653542,-0.9964012762111636,-0.18989564615886145
0.39434403121569384,-0.9517500580765804,-0.7519071313324821,-0.7398941579665655,-0.6542207209531965,-0.9964012762111636,-1.6858911023625551
0.14199435584689316,1.427420427218831,-0.7519071313324821,1.1310149934985283,1.045052616919137,-1.129810705570967,0.5581043259384137
-1.3721036963659112,-0.9517500580765804,1.5964838557687837,-0.7398941579665655,-0.6542207209531965,0.07087415866726357,-0.33949384538197364
0.8990433819532956,-0.9517500580765804,-0.7519071313324821,-0.7398941579665655,2.4044688402653542,-0.9964012762111636,0.10930524027822004
-1.1197540209971106,1.427420427218831,-0.7519071313324821,-0.4280759660557166,-0.6542207209531965,-1.129810705570967,-0.7882929310421678
0.8990433819532956,-0.6732238949654341,0.7854466312622801,-0.4280759660557166,-0.6542207209531965,-0.9964012762111636,0.10930524027822004
1.1513930573220963,-0.6817732654189451,-0.7519071313324821,-0.4280759660557166,2.4044688402653542,-0.9964012762111636,0.5581043259384137
-1.3721036963659112,-0.9517500580765804,1.5964838557687837,-0.7398941579665655,0.875124059656079,-0.9430375044672422,-2.134690188022749
-1.0566666021549103,1.427420427218831,1.549885736804307,-0.35012141807800434,0.3653414465564667,-0.7295824174915568,-0.00289453113682849
1.1513930573220963,-0.9517500580765804,-0.7519071313324821,-0.7398941579665655,0.21968970834080065,-0.9964012762111636,0.5581043259384137
-1.3721036963659112,-0.9517500580765804,1.5964838557687837,-0.7398941579665655,-0.6542207209531965,-0.5961729881317535,0.059439173870516004
1.1513930573220963,-0.9517500580765804,-0.7519071313324821,-0.7398941579665655,-0.04248280870948625,-0.9964012762111636,-0.9378911302652799
-0.2505507051697985,0.2959960099859086,-0.7519071313324821,-0.3934298467525021,-0.6542207209531965,-0.9430375044672422,-0.4392259781973822
1.1513930573220963,-0.9517500580765804,-0.7519071313324821,-0.7398941579665655,-0.6542207209531965,-0.9964012762111636,0.5581043259384137
0.31022831392501166,-0.9517500580765804,-0.7519071313324821,-0.7398941579665655,2.4044688402653542,-0.8629918468513602,0.5581043259384137
1.1513930573220963,-0.9517500580765804,-0.7519071313324821,-0.7398941579665655,-0.6542207209531965,-0.9964012762111636,0.5581043259384137
1.1513930573220963,0.7227595701804014,-0.7519071313324821,2.031823449927861,1.5305584109713573,-0.8629918468513602,0.5581043259384137
1.1513930573220963,-0.9517500580765804,-0.7519071313324821,-0.7398941579665655,2.4044688402653542,-0.9964012762111636,0.5581043259384137
1.1513930573220963,-0.9517500580765804,-0.7519071313324821,-0.7398941579665655,1.9675136256183559,-0.8629918468513602,0.5581043259384137
-1.3721036963659112,-0.9517500580765804,1.5964838557687837,-0.7398941579665655,-0.6542207209531965,-0.5961729881317535,-1.6858911023625551
0.5906165617240398,-0.9517500580765804,-0.7519071313324821,-0.7398941579665655,0.11045166935144125,-0.8629918468513602,-2.4338910744598303
-1.3721036963659112,-0.9517500580765804,1.5964838557687837,-0.7398941579665655,2.4044688402653542,-0.9430375044672422,-2.4338910744598303
-1.3721036963659112,-0.9517500580765804,1.5964838557687837,-0.7398941579665655,-0.6542207209531965,-1.129810705570967,0.059439173870516004
-1.3721036963659112,-0.9517500580765804,1.5964838557687837,-0.7398941579665655,-0.6542207209531965,-1.129810705570967,-0.9378911302652799
0.7308094238751771,1.3518115726081446,0.8938905770834592,1.8585897352298697,-0.6542207209531965,-0.46276355877195,0.5581043259384137
1.1513930573220963,-0.9517500580765804,-0.7519071313324821,-0.7398941579665655,2.4044688402653542,-0.9964012762111636,0.5581043259384137
0.31022831392501166,-0.3450164020327154,-0.7519071313324821,-0.3934298467525021,0.5692551035342239,-0.9964012762111636,0.059439173870516004
-1.3721036963659112,-0.9517500580765804,1.5964838557687837,-0.7398941579665655,-0.6542207209531965,-1.129810705570967,-1.6858911023625551
-1.0116045206243036,1.427420427218831,0.7461913750318252,-0.29444004354848397,-0.6542207209531965,-0.46276355877195,0.5581043259384137
0.8710048095230681,-0.9517500580765804,-0.7519071313324821,-0.7398941579665655,-0.6542207209531965,-0.8629918468513602,0.059439173870516004
1.1513930573220963,-0.9517500580765804,1.3007205455548532,-0.7398941579665655,0.21968970834080065,-0.7295824174915568,0.5581043259384137
-0.2505507051697985,-0.9517500580765804,-0.7519071313324821,-0.7398941579665655,2.4044688402653542,-0.9964012762111636,0.059439173870516004
-0.4257924137329085,-0.9517500580765804,-0.7519071313324821,-0.7398941579665655,-0.6542207209531965,-0.8629918468513602,-2.246889959437797
-1.3721036963659112,-0.9517500580765804,1.5964838557687837,-0.7398941579665655,-0.6542207209531965,-0.9430375044672422,-1.124892245287313
-1.3721036963659112,-0.9517500580765804,1.5964838557687837,-0.7398941579665655,0.11045166935144125,-1.129810705570967,-2.246889959437797
1.1513930573220963,-0.4570211363216524,-0.582820395703095,1.988515021253363,-0.2172655063061979,-0.9964012762111636,0.5581043259384137
-0.2906061691410883,-0.9517500580765804,1.405684566161293,-0.7398941579665655,-0.04248280870948625,1.4049684522652977,0.5581043259384137
-1.0116045206243036,1.427420427218831,1.5439589092019328,-0.29444004354848397,-0.6542207209531965,-0.46276355877195,0.5581043259384137
0.8359559631110953,-0.9517500580765804,-0.7519071313324821,-0.7398941579665655,-0.6542207209531965,-0.8629918468513602,-1.124892245287313
1.1513930573220963,-0.9517500580765804,-0.7519071313324821,-0.7398941579665655,1.3849066727556911,-0.9964012762111636,0.5581043259384137
-1.0566666021549103,1.427420427218831,-0.7519071313324821,-0.35012141807800434,-0.6542207209531965,-0.9430375044672422,-2.246889959437797
0.8359559631110953,-0.9517500580765804,1.4209419166545563,-0.7398941579665655,1.180993015777934,-0.19594470005234324,-0.00289453113682849
0.20508177468909342,-0.13675321599609833,-0.7519071313324821,0.039651321810556917,-0.6542207209531965,-0.7295824174915568,-0.5638933882120707
0.20508177468909342,-0.3842675332595473,-0.7519071313324821,-0.35012141807800434,1.3849066727556911,-1.129810705570967,-1.124892245287313
-1.0566666021549103,1.427420427218831,-0.7519071313324821,-0.35012141807800434,-0.6542207209531965,-0.9964012762111636,0.5581043259384137
-1.3721036963659112,-0.9517500580765804,1.5964838557687837,-0.7398941579665655,-0.6542207209531965,-1.129810705570967,-0.08303658386316934
1.1513930573220963,-0.9517500580765804,-0.7519071313324821,-0.7398941579665655,2.4044688402653542,-0.9964012762111636,0.5581043259384137
-1.0566666021549103,1.427420427218831,-0.7519071313324821,-0.35012141807800434,-0.6542207209531965,-0.9964012762111636,0.5581043259384137
1.1513930573220963,-0.11212901094596693,0.7354525127171836,0.29949877567562466,-0.6542207209531965,-0.9964012762111636,0.5581043259384137
1.1513930573220963,-0.9517500580765804,-0.7519071313324821,-0.7398941579665655,1.5305584109713573,-0.9964012762111636,0.5581043259384137
0.5205188689000944,-0.9517500580765804,-0.7519071313324821,-0.7398941579665655,-0.6542207209531965,-0.9964012762111636,0.5581043259384137
-1.3721036963659112,-0.9517500580765804,1.5964838557687837,-0.7398941579665655,-0.6542207209531965,-1.129810705570967,-3.3688876735882816
1.1513930573220963,0.6162089062700411,-0.611362273841328,1.338894827499734,-0.6542207209531965,-0.7295824174915568,0.5581043259384137
1.1513930573220963,-0.9517500580765804,-0.7519071313324821,-0.7398941579665655,2.4044688402653542,-0.9964012762111636,0.5581043259384137
1.1513930573220963,-0.9517500580765804,-0.7519071313324821,-0.7398941579665655,1.3849066727556911,-0.9964012762111636,0.5581043259384137
-1.3721036963659112,-0.9517500580765804,1.5964838557687837,-0.7398941579665655,-0.6542207209531965,-1.129810705570967,-2.6476047110603576
0.7908938815804886,1.242420548918528,-0.7519071313324821,1.4873795323057613,0.11045166935144125,-0.9430375044672422,0.5581043259384137
-1.3721036963659112,-0.9517500580765804,1.5964838557687837,-0.7398941579665655,-0.6542207209531965,-1.129810705570967,-2.6476047110603576
0.4303947058388808,-0.9517500580765804,-0.7519071313324821,-0.7398941579665655,-0.6542207209531965,-0.8629918468513602,-0.7241774936647524
0.7908938815804886,-0.9517500580765804,-0.7519071313324821,-0.7398941579665655,1.180993015777934,-0.8629918468513602,0.5581043259384137
1.1513930573220963,-0.9517500580765804,-0.7519071313324821,-0.7398941579665655,1.894686227165742,-0.9964012762111636,0.5581043259384137
0.06989553009727306,-0.9517500580765804,-0.7519071313324821,-0.7398941579665655,2.4044688402653542,-0.9964012762111636,-1.3653184034663355
-0.2906061691410883,-0.9517500580765804,1.357308639005813,-0.7398941579665655,0.5692551035342239,-0.9964012762111636,-0.08303658386316934
0.7908938815804886,-0.9517500580765804,-0.7519071313324821,-0.7398941579665655,0.875124059656079,-0.8629918468513602,-1.3653184034663355
1.1513930573220963,-0.9517500580765804,-0.7519071313324821,-0.7398941579665655,2.4044688402653542,-0.9964012762111636,0.5581043259384137
-1.0116045206243036,1.427420427218831,-0.7519071313324821,-0.29444004354848397,-0.6542207209531965,-0.9964012762111636,0.5581043259384137
0.4303947058388808,-0.9517500580765804,-0.7519071313324821,-0.7398941579665655,-0.6542207209531965,-0.9964012762111636,-2.6476047110603576
0.7908938815804886,0.3293417416978717,0.8774768043252944,-0.29444004354848397,-0.04248280870948625,-0.9964012762111636,-0.08303658386316934
-1.3721036963659112,-0.9517500580765804,1.5964838557687837,-0.7398941579665655,2.4044688402653542,-0.7295824174915568,-1.6858911023625551
1.1513930573220963,-0.9517500580765804,1.4156259440734047,-0.7398941579665655,-0.6542207209531965,-0.9964012762111636,0.5581043259384137
-0.11035531952190754,-0.9517500580765804,-0.7519071313324821,-0.7398941579665655,0.3653414465564667,-0.8629918468513602,-0.18989564615886145
0.31022831392501166,-0.9517500580765804,-0.7519071313324821,-0.7398941579665655,0.875124059656079,-0.9964012762111636,-0.9378911302652799
1.1513930573220963,-0.9517500580765804,-0.7519071313324821,-0.7398941579665655,-0.6542207209531965,-0.8629918468513602,-1.6858911023625551
0.7308094238751771,0.22486732218761088,-0.7519071313324821,1.338894827499734,0.875124059656079,-0.9430375044672422,-0.18989564615886145
-0.9515200629189922,1.427420427218831,-0.7519071313324821,-0.22019613205451086,-0.6542207209531965,-0.46276355877195,-2.4338910744598303
0.7308094238751771,-0.9517500580765804,-0.7519071313324821,-0.7398941579665655,0.875124059656079,-0.9964012762111636,0.5581043259384137
1.1513930573220963,-0.9517500580765804,-0.7519071313324821,-0.7398941579665655,1.3849066727556911,-0.8629918468513602,-0.18989564615886145
1.1513930573220963,0.16386351339125532,-0.7519071313324821,0.29949877567562466,0.11045166935144125,-0.9964012762111636,0.5581043259384137
1.1513930573220963,-0.9517500580765804,-0.7519071313324821,-0.7398941579665655,2.4044688402653542,-0.9964012762111636,0.5581043259384137
1.1513930573220963,-0.9517500580765804,1.0893129540419424,-0.7398941579665655,-0.6542207209531965,-0.9964012762111636,0.5581043259384137
0.7308094238751771,-0.9517500580765804,-0.7519071313324821,-0.7398941579665655,1.3849066727556911,-0.8629918468513602,-0.18989564615886145
1.1513930573220963,-0.9517500580765804,-0.7519071313324821,-0.7398941579665655,2.4044688402653542,-0.9964012762111636,0.5581043259384137
0.31022831392501166,-0.9517500580765804,-0.7519071313324821,-0.7398941579665655,0.875124059656079,-0.8629918468513602,-0.18989564615886145
1.1513930573220963,-0.9517500580765804,-0.7519071313324821,-0.7398941579665655,1.6397964499607167,-0.9964012762111636,0.5581043259384137
-1.3721036963659112,-0.9517500580765804,1.5964838557687837,-0.7398941579665655,-0.6542207209531965,-0.9964012762111636,-0.9378911302652799
-1.3721036963659112,-0.9517500580765804,1.5964838557687837,-0.7398941579665655,0.3653414465564667,-0.9430375044672422,-1.6858911023625551
1.1513930573220963,-0.9517500580765804,-0.7519071313324821,-0.7398941579665655,2.4044688402653542,-0.9964012762111636,0.5581043259384137
0.7308094238751771,-0.9517500580765804,1.5390323594102044,-0.7398941579665655,-0.6542207209531965,1.1381495935456907,-0.18989564615886145
1.1513930573220963,-0.9517500580765804,-0.7519071313324821,-0.7398941579665655,0.11045166935144125,-0.9964012762111636,0.5581043259384137
-0.9515200629189922,1.427420427218831,-0.7519071313324821,-0.22019613205451086,-0.6542207209531965,-1.129810705570967,-1.6858911023625551
1.1513930573220963,-0.9517500580765804,-0.7519071313324821,-0.7398941579665655,0.875124059656079,-0.9964012762111636,0.5581043259384137
